Country,Year,Wind (TWh),Hydro (TWh),Solar (TWh),Others (TWh)
Afghanistan,2000,0.0,0.31,0.0,0.0
Afghanistan,2001,0.0,0.5,0.0,0.0
Afghanistan,2002,0.0,0.56,0.0,0.0
Afghanistan,2003,0.0,0.63,0.0,0.0
Afghanistan,2004,0.0,0.56,0.0,0.0
Afghanistan,2005,0.0,0.59,0.0,0.0
Afghanistan,2006,0.0,0.64,0.0,0.0
Afghanistan,2007,0.0,0.75,0.0,0.0
Afghanistan,2008,0.0,0.54,0.0,0.0
Afghanistan,2009,0.0,0.78,0.0,0.0
Afghanistan,2010,0.0,0.75,0.0,0.0
Afghanistan,2011,0.0,0.6,0.0,0.0
Afghanistan,2012,0.0,0.71,0.03,0.0
Afghanistan,2013,0.0,0.86,0.03,0.0
Afghanistan,2014,0.0,0.97,0.03,0.0
Afghanistan,2015,0.0,1.0,0.03,0.0
Afghanistan,2016,0.0,1.02,0.04,0.0
Afghanistan,2017,0.0,1.05,0.04,0.0
Afghanistan,2018,0.0,0.93,0.04,0.0
Afghanistan,2019,0.0,0.84,0.05,0.0
Afghanistan,2020,0.0,0.62,0.06,0.0
Afghanistan,2021,0.0,0.62,0.08,0.0
Albania,1990,0.0,2.85,0.0,0.0
Albania,1991,0.0,3.52,0.0,0.0
Albania,1992,0.0,3.23,0.0,0.0
Albania,1993,0.0,3.31,0.0,0.0
Albania,1994,0.0,3.77,0.0,0.0
Albania,1995,0.0,4.2,0.0,0.0
Albania,1996,0.0,5.73,0.0,0.0
Albania,1997,0.0,5.03,0.0,0.0
Albania,1998,0.0,4.92,0.0,0.0
Albania,1999,0.0,5.28,0.0,0.0
Albania,2000,0.0,4.59,0.0,0.0
Albania,2001,0.0,3.56,0.0,0.0
Albania,2002,0.0,3.51,0.0,0.0
Albania,2003,0.0,4.89,0.0,0.0
Albania,2004,0.0,5.47,0.0,0.0
Albania,2005,0.0,5.37,0.0,0.0
Albania,2006,0.0,5.43,0.0,0.0
Albania,2007,0.0,2.79,0.0,0.0
Albania,2008,0.0,3.8,0.0,0.0
Albania,2009,0.0,5.2,0.0,0.0
Albania,2010,0.0,7.57,0.0,0.0
Albania,2011,0.0,4.13,0.0,0.0
Albania,2012,0.0,4.72,0.0,0.0
Albania,2013,0.0,6.96,0.0,0.0
Albania,2014,0.0,4.72,0.0,0.0
Albania,2015,0.0,5.89,0.0,0.0
Albania,2016,0.0,7.78,0.0,0.0
Albania,2017,0.0,4.52,0.0,0.0
Albania,2018,0.0,8.55,0.0,0.0
Albania,2019,0.0,5.18,0.02,0.0
Albania,2020,0.0,5.28,0.03,0.0
Algeria,1965,0.0,0.4,0.0,0.0
Algeria,1966,0.0,0.355,0.0,0.0
Algeria,1967,0.0,0.41,0.0,0.0
Algeria,1968,0.0,0.563,0.0,0.0
Algeria,1969,0.0,0.361,0.0,0.0
Algeria,1970,0.0,0.58,0.0,0.0
Algeria,1971,0.0,0.33,0.0,0.0
Algeria,1972,0.0,0.495,0.0,0.0
Algeria,1973,0.0,0.752,0.0,0.0
Algeria,1974,0.0,0.497,0.0,0.0
Algeria,1975,0.0,0.328,0.0,0.0
Algeria,1976,0.0,0.389,0.0,0.0
Algeria,1977,0.0,0.269,0.0,0.0
Algeria,1978,0.0,0.25,0.0,0.0
Algeria,1979,0.0,0.291,0.0,0.0
Algeria,1980,0.0,0.257,0.0,0.0
Algeria,1981,0.0,0.366,0.0,0.0
Algeria,1982,0.0,0.479,0.0,0.0
Algeria,1983,0.0,0.235,0.0,0.0
Algeria,1984,0.0,0.452,0.0,0.0
Algeria,1985,0.0,0.646,0.0,0.0
Algeria,1986,0.0,0.25,0.0,0.0
Algeria,1987,0.0,0.499,0.0,0.0
Algeria,1988,0.0,0.183,0.0,0.0
Algeria,1989,0.0,0.226,0.0,0.0
Algeria,1990,0.0,0.135,0.0,0.0
Algeria,1991,0.0,0.293,0.0,0.0
Algeria,1992,0.0,0.199,0.0,0.0
Algeria,1993,0.0,0.353,0.0,0.0
Algeria,1994,0.0,0.166,0.0,0.0
Algeria,1995,0.0,0.193,0.0,0.0
Algeria,1996,0.0,0.135,0.0,0.0
Algeria,1997,0.0,0.075,0.0,0.0
Algeria,1998,0.0,0.215,0.0,0.0
Algeria,1999,0.0,0.203,0.0,0.0
Algeria,2000,0.0,0.05,0.0,0.0
Algeria,2001,0.0,0.07,0.0,0.0
Algeria,2002,0.0,0.06,0.0,0.0
Algeria,2003,0.0,0.26,0.0,0.0
Algeria,2004,0.0,0.25,0.0,0.0
Algeria,2005,0.0,0.55,0.0,0.0
Algeria,2006,0.0,0.22,0.0,0.0
Algeria,2007,0.0,0.22,0.0,0.0
Algeria,2008,0.0,0.28,0.0,0.0
Algeria,2009,0.0,0.3,0.0,0.0
Algeria,2010,0.0,0.17,0.0,0.0
Algeria,2011,0.0,0.5,0.0,0.0
Algeria,2012,0.0,0.62,0.0,0.0
Algeria,2013,0.0,0.33,0.0,0.0
Algeria,2014,0.0,0.25,0.0,0.0
Algeria,2015,0.02,0.14,0.06,0.0
Algeria,2016,0.03,0.22,0.09,0.0
Algeria,2017,0.01,0.06,0.57,0.0
Algeria,2018,0.01,0.12,0.65,0.0
Algeria,2019,0.01,0.15,0.68,0.0
Algeria,2020,0.01,0.05,0.66,0.0
Algeria,2021,0.01,0.09,0.81,0.0
American Samoa,2000,0.0,0.0,0.0,0.0
American Samoa,2001,0.0,0.0,0.0,0.0
American Samoa,2002,0.0,0.0,0.0,0.0
American Samoa,2003,0.0,0.0,0.0,0.0
American Samoa,2004,0.0,0.0,0.0,0.0
American Samoa,2005,0.0,0.0,0.0,0.0
American Samoa,2006,0.0,0.0,0.0,0.0
American Samoa,2007,0.0,0.0,0.0,0.0
American Samoa,2008,0.0,0.0,0.0,0.0
American Samoa,2009,0.0,0.0,0.0,0.0
American Samoa,2010,0.0,0.0,0.0,0.0
American Samoa,2011,0.0,0.0,0.0,0.0
American Samoa,2012,0.0,0.0,0.0,0.0
American Samoa,2013,0.0,0.0,0.0,0.0
American Samoa,2014,0.0,0.0,0.0,0.0
American Samoa,2015,0.0,0.0,0.0,0.0
American Samoa,2016,0.0,0.0,0.0,0.0
American Samoa,2017,0.0,0.0,0.0,0.0
American Samoa,2018,0.0,0.0,0.0,0.0
American Samoa,2019,0.0,0.0,0.0,0.0
American Samoa,2020,0.0,0.0,0.0,0.0
American Samoa,2021,0.0,0.0,0.0,0.0
Angola,2000,0.0,0.9,0.0,0.0
Angola,2001,0.0,1.01,0.0,0.0
Angola,2002,0.0,1.13,0.0,0.0
Angola,2003,0.0,1.23,0.0,0.0
Angola,2004,0.0,1.73,0.0,0.0
Angola,2005,0.0,2.2,0.0,0.0
Angola,2006,0.0,2.64,0.0,0.0
Angola,2007,0.0,2.47,0.0,0.0
Angola,2008,0.0,3.1,0.0,0.0
Angola,2009,0.0,3.06,0.0,0.0
Angola,2010,0.0,3.67,0.01,0.0
Angola,2011,0.0,3.97,0.01,0.0
Angola,2012,0.0,3.73,0.01,0.0
Angola,2013,0.0,4.72,0.01,0.0
Angola,2014,0.0,4.99,0.02,1.14
Angola,2015,0.0,5.04,0.02,1.15
Angola,2016,0.0,5.76,0.02,1.2
Angola,2017,0.0,7.58,0.02,0.17
Angola,2018,0.0,9.79,0.02,0.17
Angola,2019,0.0,10.87,0.02,0.25
Angola,2020,0.0,11.95,0.02,0.26
Angola,2021,0.0,11.5,0.02,0.28
Antigua and Barbuda,2000,0.0,0.0,0.0,0.0
Antigua and Barbuda,2001,0.0,0.0,0.0,0.0
Antigua and Barbuda,2002,0.0,0.0,0.0,0.0
Antigua and Barbuda,2003,0.0,0.0,0.0,0.0
Antigua and Barbuda,2004,0.0,0.0,0.0,0.0
Antigua and Barbuda,2005,0.0,0.0,0.0,0.0
Antigua and Barbuda,2006,0.0,0.0,0.0,0.0
Antigua and Barbuda,2007,0.0,0.0,0.0,0.0
Antigua and Barbuda,2008,0.0,0.0,0.0,0.0
Antigua and Barbuda,2009,0.0,0.0,0.0,0.0
Antigua and Barbuda,2010,0.0,0.0,0.0,0.0
Antigua and Barbuda,2011,0.0,0.0,0.0,0.0
Antigua and Barbuda,2012,0.0,0.0,0.0,0.0
Antigua and Barbuda,2013,0.0,0.0,0.0,0.0
Antigua and Barbuda,2014,0.0,0.0,0.0,0.0
Antigua and Barbuda,2015,0.0,0.0,0.01,0.0
Antigua and Barbuda,2016,0.0,0.0,0.0,0.0
Antigua and Barbuda,2017,0.0,0.0,0.01,0.0
Antigua and Barbuda,2018,0.0,0.0,0.01,0.0
Antigua and Barbuda,2019,0.0,0.0,0.01,0.0
Antigua and Barbuda,2020,0.0,0.0,0.02,0.0
Antigua and Barbuda,2021,0.0,0.0,0.02,0.0
Argentina,1965,0.0,1.2251163,0.0,0.0
Argentina,1966,0.0,1.2409302,0.0,0.0
Argentina,1967,0.0,1.2706977,0.0,0.0
Argentina,1968,0.0,1.4976745,0.0,0.0
Argentina,1969,0.0,1.3432558,0.0,0.0
Argentina,1970,0.0,1.5571272,0.0,0.05624185
Argentina,1971,0.0,1.5461483,0.0,0.05899074
Argentina,1972,0.0,1.5026463,0.0,0.07602739
Argentina,1973,0.0,2.9974296,0.0,0.05997025
Argentina,1974,0.0,4.994663,0.0,0.06100323
Argentina,1975,0.0,5.1947746,0.0,0.063990325
Argentina,1976,0.0,5.014902,0.0,0.060962547
Argentina,1977,0.0,5.7667804,0.0,0.064003065
Argentina,1978,0.0,7.7466183,0.0,0.06397281
Argentina,1979,0.0,10.656913,0.0,0.09498376
Argentina,1980,0.0,15.140881,0.0,0.09901763
Argentina,1981,0.0,14.684794,0.0,0.08701801
Argentina,1982,0.0,17.592196,0.0,0.1149734
Argentina,1983,0.0,18.41851,0.0,0.15497561
Argentina,1984,0.0,19.877867,0.0,0.11498845
Argentina,1985,0.0,20.653124,0.0,0.12000641
Argentina,1986,0.0,21.030247,0.0,0.123990245
Argentina,1987,0.0,21.912518,0.0,0.10598629
Argentina,1988,0.0,15.259144,0.0,0.12296129
Argentina,1989,0.0,13.187393,0.0,0.10600155
Argentina,1990,0.0,17.713175,0.0,0.13302182
Argentina,1991,0.0,15.869253,0.0,0.1310081
Argentina,1992,0.0,19.16509,0.0,0.12998593
Argentina,1993,0.0,23.768307,0.0,0.09599508
Argentina,1994,0.0,27.286676,0.0,0.099004395
Argentina,1995,0.0,26.503681,0.0,0.119016126
Argentina,1996,0.009618,22.471685,0.0,0.22302064
Argentina,1997,0.014592,27.924665,0.0,0.17875852
Argentina,1998,0.032541,26.475504,1.7e-05,0.20689325
Argentina,1999,0.034781,21.396791,2.6e-05,0.26199996
Argentina,2000,0.04,28.49,0.0,0.36
Argentina,2001,0.05,36.65,0.0,0.34
Argentina,2002,0.07,35.49,0.0,0.5
Argentina,2003,0.08,33.47,0.0,0.83
Argentina,2004,0.07,30.14,0.0,0.82
Argentina,2005,0.08,33.66,0.0,0.86
Argentina,2006,0.07,37.57,0.0,1.03
Argentina,2007,0.06,30.06,0.0,1.06
Argentina,2008,0.04,30.11,0.0,1.13
Argentina,2009,0.04,33.53,0.0,1.13
Argentina,2010,0.03,33.02,0.0,1.36
Argentina,2011,0.06,31.03,0.0,1.34
Argentina,2012,0.82,28.71,0.01,1.39
Argentina,2013,1.01,32.51,0.01,1.5
Argentina,2014,0.62,32.33,0.02,1.4
Argentina,2015,0.59,31.94,0.01,1.43
Argentina,2016,0.54,29.4,0.01,1.07
Argentina,2017,0.61,31.46,0.02,1.31
Argentina,2018,1.4,31.96,0.11,1.5
Argentina,2019,4.95,27.33,0.79,1.56
Argentina,2020,9.32,24.26,1.33,2.14
Argentina,2021,12.81,20.19,2.17,2.01
Armenia,2000,0.0,1.25,0.0,0.0
Armenia,2001,0.0,0.96,0.0,0.0
Armenia,2002,0.0,1.64,0.0,0.0
Armenia,2003,0.0,1.96,0.0,0.0
Armenia,2004,0.0,1.98,0.0,0.0
Armenia,2005,0.0,1.75,0.0,0.0
Armenia,2006,0.0,1.81,0.0,0.0
Armenia,2007,0.0,1.83,0.0,0.0
Armenia,2008,0.0,1.78,0.0,0.0
Armenia,2009,0.0,2.0,0.0,0.0
Armenia,2010,0.01,2.53,0.0,0.0
Armenia,2011,0.0,2.46,0.0,0.0
Armenia,2012,0.0,2.3,0.0,0.0
Armenia,2013,0.0,2.15,0.0,0.0
Armenia,2014,0.0,1.97,0.0,0.0
Armenia,2015,0.0,2.18,0.0,0.0
Armenia,2016,0.0,2.33,0.0,0.0
Armenia,2017,0.0,2.25,0.0,0.0
Armenia,2018,0.0,2.29,0.02,0.0
Armenia,2019,0.0,2.35,0.06,0.0
Armenia,2020,0.0,1.78,0.14,0.0
Armenia,2021,0.0,2.2,0.09,0.0
Aruba,2000,0.0,0.0,0.0,0.0
Aruba,2001,0.0,0.0,0.0,0.0
Aruba,2002,0.0,0.0,0.0,0.0
Aruba,2003,0.0,0.0,0.0,0.0
Aruba,2004,0.0,0.0,0.0,0.0
Aruba,2005,0.0,0.0,0.0,0.0
Aruba,2006,0.0,0.0,0.0,0.0
Aruba,2007,0.0,0.0,0.0,0.0
Aruba,2008,0.0,0.0,0.0,0.0
Aruba,2009,0.03,0.0,0.0,0.0
Aruba,2010,0.11,0.0,0.0,0.0
Aruba,2011,0.11,0.0,0.0,0.0
Aruba,2012,0.14,0.0,0.0,0.0
Aruba,2013,0.15,0.0,0.0,0.0
Aruba,2014,0.15,0.0,0.01,0.0
Aruba,2015,0.17,0.0,0.01,0.0
Aruba,2016,0.13,0.0,0.01,0.0
Aruba,2017,0.13,0.0,0.01,0.0
Aruba,2018,0.14,0.0,0.01,0.0
Aruba,2019,0.14,0.0,0.01,0.0
Aruba,2020,0.14,0.0,0.01,0.0
Aruba,2021,0.14,0.0,0.01,0.0
Australia,1965,0.0,7.689756,0.0,0.296
Australia,1966,0.0,7.3450427,0.0,0.284
Australia,1967,0.0,7.6057873,0.0,0.29
Australia,1968,0.0,7.9505005,0.0,0.282
Australia,1969,0.0,8.684121,0.0,0.281
Australia,1970,0.0,10.170687,0.0,0.261
Australia,1971,0.0,11.507442,0.0,0.263
Australia,1972,0.0,11.553314,0.0,0.28
Australia,1973,0.0,12.285839,0.0,0.338
Australia,1974,0.0,13.87392,0.0,0.429
Australia,1975,0.0,14.887801,0.0,0.489
Australia,1976,0.0,14.153859,0.0,0.484
Australia,1977,0.0,13.54395,0.0,0.429
Australia,1978,0.0,14.675349,0.0,0.405
Australia,1979,0.0,14.246056,0.0,0.418
Australia,1980,0.0,13.466598,0.0,0.385
Australia,1981,0.0,13.8663435,0.0,0.404
Australia,1982,0.0,12.770334,0.0,0.516
Australia,1983,0.0,12.123648,0.0,0.431
Australia,1984,0.0,13.125949,0.0,0.441
Australia,1985,0.0,13.940511,0.0,0.456
Australia,1986,0.0,14.025799,0.0,0.46
Australia,1987,0.0,13.613796,0.0,0.47
Australia,1988,0.0,14.334444,0.0,0.731
Australia,1989,0.0,14.253669,0.0,0.81
Australia,1990,0.0,14.7595,0.0,0.7595
Australia,1991,0.0,15.6535,0.00545,0.7195
Australia,1992,0.0,15.9415,0.0121,0.67
Australia,1993,0.002,16.387,0.0146,0.67
Australia,1994,0.0055,16.15,0.0174,0.6965
Australia,1995,0.007,15.631,0.02115,0.8255
Australia,1996,0.007,15.9685,0.0256,0.9465
Australia,1997,0.0075,15.9525,0.03065,0.997
Australia,1998,0.018,15.798,0.0356,1.081
Australia,1999,0.043,16.2815,0.0406,1.1335
Australia,2000,0.06,16.2,0.04,0.81
Australia,2001,0.21,16.4,0.04,0.75
Australia,2002,0.36,15.72,0.05,1.22
Australia,2003,0.7,16.13,0.06,1.61
Australia,2004,0.7,15.89,0.07,2.75
Australia,2005,0.88,15.16,0.08,3.63
Australia,2006,1.71,15.77,0.09,3.62
Australia,2007,2.61,14.2,0.11,4.01
Australia,2008,3.09,11.79,0.13,3.48
Australia,2009,3.82,11.68,0.16,2.66
Australia,2010,4.94,13.5,0.39,2.3
Australia,2011,6.79,16.69,1.39,2.46
Australia,2012,7.39,13.98,2.33,2.93
Australia,2013,9.54,18.12,3.48,3.06
Australia,2014,10.41,18.34,4.01,3.39
Australia,2015,11.45,13.32,5.02,3.33
Australia,2016,13.7,15.02,6.21,3.48
Australia,2017,13.27,16.04,8.07,3.39
Australia,2018,13.7,15.8,9.93,3.5
Australia,2019,19.72,15.6,14.85,3.24
Australia,2020,22.2,14.76,23.85,3.18
Australia,2021,26.09,14.76,28.04,3.09
Austria,1965,0.0,16.083,0.0,0.0
Austria,1966,0.0,17.331,0.0,0.0
Austria,1967,0.0,17.698,0.0,0.0
Austria,1968,0.0,18.185,0.0,0.0
Austria,1969,0.0,16.718,0.0,0.0
Austria,1970,0.0,21.2897,0.0,0.0
Austria,1971,0.0,16.8201,0.0,0.0
Austria,1972,0.0,17.2876,0.0,0.0
Austria,1973,0.0,19.2092,0.0,0.0
Austria,1974,0.0,22.7122,0.0,0.0
Austria,1975,0.0,23.7952,0.0,0.0
Austria,1976,0.0,20.5656,0.0,0.0
Austria,1977,0.0,24.9208,0.0,0.0
Austria,1978,0.0,24.9408,0.0,0.0
Austria,1979,0.0,28.0968,0.0,0.0
Austria,1980,0.0,29.1099,0.0,0.0
Austria,1981,0.0,30.8473,0.0,0.0
Austria,1982,0.0,30.8963,0.0,0.0
Austria,1983,0.0,30.6063,0.0,0.0
Austria,1984,0.0,26.849564,0.0,0.0
Austria,1985,0.0,30.775146,0.0,0.943327
Austria,1986,0.0,30.903927,0.0,1.287501
Austria,1987,0.0,35.387993,0.0,0.905816
Austria,1988,0.0,35.30409,0.0,1.04696
Austria,1989,0.0,35.08243,0.0,1.10445
Austria,1990,0.0,31.51,0.0,1.13
Austria,1991,0.0,31.44,0.0,1.21
Austria,1992,0.0,34.85,0.0,1.31
Austria,1993,0.0,36.71,0.0,1.34
Austria,1994,0.0,35.71,0.0,1.19
Austria,1995,0.0,37.07,0.0,1.84
Austria,1996,0.0,34.22,0.0,1.57
Austria,1997,0.02,36.11,0.0,1.69
Austria,1998,0.05,37.16,0.0,1.82
Austria,1999,0.05,40.7,0.0,1.6
Austria,2000,0.07,41.84,0.0,1.53
Austria,2001,0.1,40.46,0.01,1.67
Austria,2002,0.14,40.23,0.01,1.52
Austria,2003,0.37,33.21,0.01,1.65
Austria,2004,0.93,36.76,0.02,1.91
Austria,2005,1.33,37.1,0.02,2.43
Austria,2006,1.75,35.66,0.02,3.23
Austria,2007,2.04,37.05,0.02,4.06
Austria,2008,2.01,38.33,0.03,4.16
Austria,2009,1.95,40.9,0.05,4.28
Austria,2010,2.06,38.36,0.09,4.48
Austria,2011,1.94,34.24,0.17,4.56
Austria,2012,2.46,43.85,0.34,4.68
Austria,2013,3.15,42.02,0.63,4.7
Austria,2014,3.85,41.01,0.79,4.55
Austria,2015,4.84,37.16,0.94,4.65
Austria,2016,5.23,39.97,1.1,4.78
Austria,2017,6.57,38.29,1.27,4.92
Austria,2018,6.03,37.64,1.46,4.93
Austria,2019,7.45,40.83,1.7,4.66
Austria,2020,6.79,42.0,2.04,4.59
Austria,2021,6.74,38.75,2.78,4.48
Austria,2022,6.93,36.07,2.73,3.62
Azerbaijan,1990,0.0,1.658,0.0,0.0
Azerbaijan,1991,0.0,1.7593,0.0,0.0
Azerbaijan,1992,0.0,1.7473,0.0,0.0
Azerbaijan,1993,0.0,2.426,0.0,0.0
Azerbaijan,1994,0.0,1.83,0.0,0.0
Azerbaijan,1995,0.0,1.556,0.0,0.0
Azerbaijan,1996,0.0,1.537,0.0,0.0
Azerbaijan,1997,0.0,1.712,0.0,0.0
Azerbaijan,1998,0.0,1.951,0.0,0.0
Azerbaijan,1999,0.0,1.506,0.0,0.0
Azerbaijan,2000,0.0,1.52,0.0,0.0
Azerbaijan,2001,0.0,1.29,0.0,0.0
Azerbaijan,2002,0.0,2.0,0.0,0.0
Azerbaijan,2003,0.0,2.44,0.0,0.0
Azerbaijan,2004,0.0,2.73,0.0,0.0
Azerbaijan,2005,0.0,2.98,0.0,0.0
Azerbaijan,2006,0.0,2.49,0.0,0.0
Azerbaijan,2007,0.0,2.34,0.0,0.0
Azerbaijan,2008,0.0,2.21,0.0,0.0
Azerbaijan,2009,0.0,2.29,0.0,0.0
Azerbaijan,2010,0.0,3.41,0.0,0.0
Azerbaijan,2011,0.0,2.65,0.0,0.0
Azerbaijan,2012,0.0,1.8,0.0,0.0
Azerbaijan,2013,0.0,1.47,0.0,0.0
Azerbaijan,2014,0.0,1.29,0.0,0.0
Azerbaijan,2015,0.0,1.62,0.0,0.0
Azerbaijan,2016,0.02,1.94,0.04,0.0
Azerbaijan,2017,0.02,1.73,0.04,0.0
Azerbaijan,2018,0.08,1.75,0.04,0.0
Azerbaijan,2019,0.1,1.55,0.04,0.0
Azerbaijan,2020,0.1,1.07,0.05,0.0
Azerbaijan,2021,0.09,1.28,0.05,0.0
Azerbaijan,1985,,1.3125618,,
Azerbaijan,1986,,0.8043308,,
Azerbaijan,1987,,0.8043308,,
Azerbaijan,1988,,0.6982652,,
Azerbaijan,1989,,0.6982652,,
Bahamas,2000,0.0,0.0,0.0,0.0
Bahamas,2001,0.0,0.0,0.0,0.0
Bahamas,2002,0.0,0.0,0.0,0.0
Bahamas,2003,0.0,0.0,0.0,0.0
Bahamas,2004,0.0,0.0,0.0,0.0
Bahamas,2005,0.0,0.0,0.0,0.0
Bahamas,2006,0.0,0.0,0.0,0.0
Bahamas,2007,0.0,0.0,0.0,0.0
Bahamas,2008,0.0,0.0,0.0,0.0
Bahamas,2009,0.0,0.0,0.0,0.0
Bahamas,2010,0.0,0.0,0.0,0.0
Bahamas,2011,0.0,0.0,0.0,0.0
Bahamas,2012,0.0,0.0,0.0,0.0
Bahamas,2013,0.0,0.0,0.0,0.0
Bahamas,2014,0.0,0.0,0.0,0.0
Bahamas,2015,0.0,0.0,0.0,0.0
Bahamas,2016,0.0,0.0,0.0,0.0
Bahamas,2017,0.0,0.0,0.0,0.0
Bahamas,2018,0.0,0.0,0.0,0.0
Bahamas,2019,0.0,0.0,0.0,0.0
Bahamas,2020,0.0,0.0,0.0,0.0
Bahamas,2021,0.0,0.0,0.0,0.0
Bahrain,2000,0.0,0.0,0.0,0.0
Bahrain,2001,0.0,0.0,0.0,0.0
Bahrain,2002,0.0,0.0,0.0,0.0
Bahrain,2003,0.0,0.0,0.0,0.0
Bahrain,2004,0.0,0.0,0.0,0.0
Bahrain,2005,0.0,0.0,0.0,0.0
Bahrain,2006,0.0,0.0,0.0,0.0
Bahrain,2007,0.0,0.0,0.0,0.0
Bahrain,2008,0.0,0.0,0.0,0.0
Bahrain,2009,0.0,0.0,0.0,0.0
Bahrain,2010,0.0,0.0,0.0,0.0
Bahrain,2011,0.0,0.0,0.0,0.0
Bahrain,2012,0.0,0.0,0.0,0.0
Bahrain,2013,0.0,0.0,0.0,0.0
Bahrain,2014,0.0,0.0,0.01,0.0
Bahrain,2015,0.0,0.0,0.01,0.0
Bahrain,2016,0.0,0.0,0.01,0.0
Bahrain,2017,0.0,0.0,0.01,0.0
Bahrain,2018,0.0,0.0,0.01,0.0
Bahrain,2019,0.0,0.0,0.01,0.0
Bahrain,2020,0.0,0.0,0.01,0.0
Bahrain,2021,0.0,0.0,0.01,0.0
Bangladesh,1971,0.0,0.175,0.0,0.0
Bangladesh,1972,0.0,0.175,0.0,0.0
Bangladesh,1973,0.0,0.331,0.0,0.0
Bangladesh,1974,0.0,0.243,0.0,0.0
Bangladesh,1975,0.0,0.436,0.0,0.0
Bangladesh,1976,0.0,0.494,0.0,0.0
Bangladesh,1977,0.0,0.437,0.0,0.0
Bangladesh,1978,0.0,0.506,0.0,0.0
Bangladesh,1979,0.0,0.587,0.0,0.0
Bangladesh,1980,0.0,0.583,0.0,0.0
Bangladesh,1981,0.0,0.625,0.0,0.0
Bangladesh,1982,0.0,0.523,0.0,0.0
Bangladesh,1983,0.0,0.662,0.0,0.0
Bangladesh,1984,0.0,0.897,0.0,0.0
Bangladesh,1985,0.0,0.739,0.0,0.0
Bangladesh,1986,0.0,0.45,0.0,0.0
Bangladesh,1987,0.0,0.517,0.0,0.0
Bangladesh,1988,0.0,0.675,0.0,0.0
Bangladesh,1989,0.0,0.92,0.0,0.0
Bangladesh,1990,0.0,0.884,0.0,0.0
Bangladesh,1991,0.0,0.838,0.0,0.0
Bangladesh,1992,0.0,0.796,0.0,0.0
Bangladesh,1993,0.0,0.608,0.0,0.0
Bangladesh,1994,0.0,0.847,0.0,0.0
Bangladesh,1995,0.0,0.372,0.0,0.0
Bangladesh,1996,0.0,0.739,0.0,0.0
Bangladesh,1997,0.0,0.719,0.0,0.0
Bangladesh,1998,0.0,0.865,0.0,0.0
Bangladesh,1999,0.0,0.833,0.0,0.0
Bangladesh,2000,0.0,0.94,0.0,0.0
Bangladesh,2001,0.0,0.98,0.0,0.0
Bangladesh,2002,0.0,1.05,0.0,0.0
Bangladesh,2003,0.0,1.12,0.0,0.0
Bangladesh,2004,0.0,1.21,0.0,0.0
Bangladesh,2005,0.0,1.28,0.0,0.0
Bangladesh,2006,0.0,1.38,0.01,0.0
Bangladesh,2007,0.0,0.74,0.02,0.0
Bangladesh,2008,0.0,0.94,0.02,0.0
Bangladesh,2009,0.0,0.44,0.03,0.0
Bangladesh,2010,0.0,0.76,0.07,0.01
Bangladesh,2011,0.0,0.92,0.06,0.01
Bangladesh,2012,0.0,0.82,0.09,0.02
Bangladesh,2013,0.0,0.94,0.13,0.02
Bangladesh,2014,0.0,0.62,0.16,0.03
Bangladesh,2015,0.01,0.59,0.2,0.03
Bangladesh,2016,0.01,1.01,0.22,0.03
Bangladesh,2017,0.01,1.03,0.25,0.03
Bangladesh,2018,0.01,1.08,0.28,0.03
Bangladesh,2019,0.01,0.77,0.33,0.03
Bangladesh,2020,0.01,0.88,0.39,0.03
Bangladesh,2021,0.01,0.88,0.47,0.03
Barbados,2000,0.0,0.0,0.0,0.0
Barbados,2001,0.0,0.0,0.0,0.0
Barbados,2002,0.0,0.0,0.0,0.0
Barbados,2003,0.0,0.0,0.0,0.0
Barbados,2004,0.0,0.0,0.0,0.0
Barbados,2005,0.0,0.0,0.0,0.0
Barbados,2006,0.0,0.0,0.0,0.0
Barbados,2007,0.0,0.0,0.0,0.0
Barbados,2008,0.0,0.0,0.0,0.0
Barbados,2009,0.0,0.0,0.0,0.0
Barbados,2010,0.0,0.0,0.0,0.0
Barbados,2011,0.0,0.0,0.0,0.0
Barbados,2012,0.0,0.0,0.0,0.0
Barbados,2013,0.0,0.0,0.0,0.0
Barbados,2014,0.0,0.0,0.01,0.0
Barbados,2015,0.0,0.0,0.01,0.0
Barbados,2016,0.0,0.0,0.02,0.0
Barbados,2017,0.0,0.0,0.03,0.0
Barbados,2018,0.0,0.0,0.03,0.0
Barbados,2019,0.0,0.0,0.04,0.0
Barbados,2020,0.0,0.0,0.07,0.0
Barbados,2021,0.0,0.0,0.08,0.0
Belarus,1990,0.0,0.02,0.0,0.0
Belarus,1991,0.0,0.018,0.0,0.0
Belarus,1992,0.0,0.017,0.0,0.0
Belarus,1993,0.0,0.019,0.0,0.0
Belarus,1994,0.0,0.019,0.0,0.0
Belarus,1995,0.0,0.02,0.0,0.0
Belarus,1996,0.0,0.016,0.0,0.0
Belarus,1997,0.0,0.021,0.0,0.0
Belarus,1998,0.0,0.028,0.0,0.0
Belarus,1999,0.0,0.019,0.0,0.0
Belarus,2000,0.0,0.03,0.0,0.0
Belarus,2001,0.0,0.03,0.0,0.0
Belarus,2002,0.0,0.03,0.0,0.0
Belarus,2003,0.0,0.03,0.0,0.0
Belarus,2004,0.0,0.03,0.0,0.0
Belarus,2005,0.0,0.04,0.0,0.0
Belarus,2006,0.0,0.04,0.0,0.02
Belarus,2007,0.0,0.04,0.0,0.03
Belarus,2008,0.0,0.04,0.0,0.07
Belarus,2009,0.0,0.04,0.0,0.06
Belarus,2010,0.0,0.05,0.0,0.07
Belarus,2011,0.0,0.04,0.0,0.08
Belarus,2012,0.01,0.07,0.0,0.07
Belarus,2013,0.01,0.14,0.0,0.14
Belarus,2014,0.01,0.12,0.0,0.14
Belarus,2015,0.03,0.11,0.01,0.13
Belarus,2016,0.08,0.14,0.03,0.15
Belarus,2017,0.1,0.4,0.09,0.15
Belarus,2018,0.1,0.32,0.18,0.21
Belarus,2019,0.18,0.34,0.18,0.23
Belarus,2020,0.19,0.39,0.18,0.52
Belarus,2021,0.19,0.39,0.18,0.55
Belarus,1985,,0.02,,
Belarus,1986,,0.02,,
Belarus,1987,,0.02,,
Belarus,1988,,0.02,,
Belarus,1989,,0.02,,
Belgium,1965,0.0,0.272,0.0,0.0
Belgium,1966,0.0,0.299,0.0,0.0
Belgium,1967,0.0,0.238,0.0,0.0
Belgium,1968,0.0,0.244,0.0,0.0
Belgium,1969,0.0,0.23,0.0,0.0
Belgium,1970,0.0,0.246,0.0,0.0
Belgium,1971,0.0,0.134,0.0,0.0
Belgium,1972,0.0,0.18,0.0,0.0
Belgium,1973,0.0,0.171,0.0,0.116
Belgium,1974,0.0,0.24,0.0,0.108
Belgium,1975,0.0,0.183,0.0,0.083
Belgium,1976,0.0,0.109,0.0,0.057
Belgium,1977,0.0,0.224,0.0,0.247
Belgium,1978,0.0,0.223,0.0,0.26
Belgium,1979,0.0,0.234,0.0,0.315
Belgium,1980,0.0,0.278,0.0,0.3
Belgium,1981,0.0,0.381,0.0,0.291
Belgium,1982,0.0,0.333,0.0,0.046
Belgium,1983,0.0,0.336,0.0,0.022
Belgium,1984,0.0,0.351,0.0,0.024
Belgium,1985,0.0,0.287,0.0,0.053
Belgium,1986,0.0,0.343,0.0,0.119
Belgium,1987,0.006,0.429,0.0,0.142
Belgium,1988,0.008,0.359,0.0,0.18
Belgium,1989,0.007,0.305,0.0,0.191
Belgium,1990,0.01,0.27,0.0,0.28
Belgium,1991,0.01,0.23,0.0,0.3
Belgium,1992,0.01,0.34,0.0,0.27
Belgium,1993,0.01,0.25,0.0,0.25
Belgium,1994,0.01,0.35,0.0,0.25
Belgium,1995,0.01,0.34,0.0,0.32
Belgium,1996,0.01,0.24,0.0,0.31
Belgium,1997,0.01,0.31,0.0,0.28
Belgium,1998,0.01,0.39,0.0,0.36
Belgium,1999,0.01,0.34,0.0,0.5
Belgium,2000,0.02,0.46,0.0,0.57
Belgium,2001,0.04,0.44,0.0,0.6
Belgium,2002,0.06,0.36,0.0,0.72
Belgium,2003,0.09,0.25,0.0,0.86
Belgium,2004,0.14,0.32,0.0,1.04
Belgium,2005,0.23,0.29,0.0,1.59
Belgium,2006,0.37,0.36,0.0,2.23
Belgium,2007,0.49,0.39,0.01,2.6
Belgium,2008,0.64,0.41,0.04,3.33
Belgium,2009,1.0,0.33,0.17,3.95
Belgium,2010,1.29,0.31,0.56,4.38
Belgium,2011,2.31,0.2,1.17,4.63
Belgium,2012,2.76,0.36,2.15,5.24
Belgium,2013,3.66,0.38,2.64,5.03
Belgium,2014,4.62,0.29,2.89,4.41
Belgium,2015,5.57,0.32,3.06,5.5
Belgium,2016,5.42,0.37,3.1,5.36
Belgium,2017,6.52,0.27,3.31,5.7
Belgium,2018,7.57,0.29,3.9,5.41
Belgium,2019,9.76,0.3,4.25,5.16
Belgium,2020,12.82,0.27,5.11,5.26
Belgium,2021,12.0,0.42,5.62,4.69
Belgium,2022,12.07,0.2,7.35,4.45
Belize,2000,0.0,0.09,0.0,0.01
Belize,2001,0.0,0.09,0.0,0.01
Belize,2002,0.0,0.09,0.0,0.01
Belize,2003,0.0,0.06,0.0,0.01
Belize,2004,0.0,0.06,0.0,0.01
Belize,2005,0.0,0.07,0.0,0.01
Belize,2006,0.0,0.18,0.0,0.01
Belize,2007,0.0,0.18,0.0,0.01
Belize,2008,0.0,0.2,0.0,0.0
Belize,2009,0.0,0.19,0.0,0.02
Belize,2010,0.0,0.26,0.0,0.06
Belize,2011,0.0,0.25,0.0,0.05
Belize,2012,0.0,0.21,0.0,0.07
Belize,2013,0.0,0.26,0.0,0.05
Belize,2014,0.0,0.26,0.0,0.07
Belize,2015,0.0,0.24,0.0,0.08
Belize,2016,0.0,0.26,0.0,0.1
Belize,2017,0.0,0.27,0.0,0.2
Belize,2018,0.0,0.25,0.0,0.22
Belize,2019,0.0,0.3,0.01,0.17
Belize,2020,0.0,0.08,0.01,0.17
Belize,2021,0.0,0.08,0.01,0.17
Benin,2000,0.0,0.0,0.0,0.0
Benin,2001,0.0,0.0,0.0,0.0
Benin,2002,0.0,0.0,0.0,0.0
Benin,2003,0.0,0.0,0.0,0.0
Benin,2004,0.0,0.0,0.0,0.0
Benin,2005,0.0,0.0,0.0,0.0
Benin,2006,0.0,0.0,0.0,0.0
Benin,2007,0.0,0.0,0.0,0.0
Benin,2008,0.0,0.0,0.0,0.0
Benin,2009,0.0,0.0,0.0,0.0
Benin,2010,0.0,0.0,0.0,0.0
Benin,2011,0.0,0.0,0.0,0.0
Benin,2012,0.0,0.0,0.0,0.0
Benin,2013,0.0,0.0,0.0,0.0
Benin,2014,0.0,0.0,0.0,0.0
Benin,2015,0.0,0.0,0.0,0.0
Benin,2016,0.0,0.0,0.0,0.0
Benin,2017,0.0,0.0,0.0,0.0
Benin,2018,0.0,0.0,0.0,0.0
Benin,2019,0.0,0.0,0.01,0.0
Benin,2020,0.0,0.0,0.01,0.0
Benin,2021,0.0,0.0,0.01,0.0
Bermuda,2000,0.0,0.0,0.0,
Bermuda,2001,0.0,0.0,0.0,
Bermuda,2002,0.0,0.0,0.0,
Bermuda,2003,0.0,0.0,0.0,
Bermuda,2004,0.0,0.0,0.0,
Bermuda,2005,0.0,0.0,0.0,
Bermuda,2006,0.0,0.0,0.0,
Bermuda,2007,0.0,0.0,0.0,
Bermuda,2008,0.0,0.0,0.0,
Bermuda,2009,0.0,0.0,0.0,
Bermuda,2010,0.0,0.0,0.0,
Bermuda,2011,0.0,0.0,0.0,
Bermuda,2012,0.0,0.0,0.0,
Bermuda,2013,0.0,0.0,0.0,
Bermuda,2014,0.0,0.0,0.0,
Bermuda,2015,0.0,0.0,0.0,
Bermuda,2016,0.0,0.0,0.0,
Bermuda,2017,0.0,0.0,0.0,
Bermuda,2018,0.0,0.0,0.0,
Bermuda,2019,0.0,0.0,0.0,
Bermuda,2020,0.0,0.0,0.0,
Bermuda,2021,0.0,0.0,0.0,
Bhutan,2000,0.0,1.79,0.0,0.0
Bhutan,2001,0.0,1.92,0.0,0.0
Bhutan,2002,0.0,2.18,0.0,0.0
Bhutan,2003,0.0,2.5,0.0,0.0
Bhutan,2004,0.0,2.33,0.0,0.0
Bhutan,2005,0.0,2.62,0.0,0.0
Bhutan,2006,0.0,4.47,0.0,0.0
Bhutan,2007,0.0,6.49,0.0,0.0
Bhutan,2008,0.0,6.89,0.0,0.0
Bhutan,2009,0.0,6.93,0.0,0.0
Bhutan,2010,0.0,7.26,0.0,0.0
Bhutan,2011,0.0,6.97,0.0,0.0
Bhutan,2012,0.0,6.74,0.0,0.0
Bhutan,2013,0.0,7.53,0.0,0.0
Bhutan,2014,0.0,7.15,0.0,0.0
Bhutan,2015,0.0,7.73,0.0,0.0
Bhutan,2016,0.0,7.88,0.0,0.0
Bhutan,2017,0.0,7.65,0.0,0.0
Bhutan,2018,0.0,6.89,0.0,0.0
Bhutan,2019,0.0,8.95,0.0,0.0
Bhutan,2020,0.0,8.95,0.0,0.0
Bhutan,2021,0.0,9.0,0.0,0.0
Bolivia,2000,0.0,1.95,0.0,0.14
Bolivia,2001,0.0,2.11,0.0,0.14
Bolivia,2002,0.0,2.18,0.0,0.15
Bolivia,2003,0.0,1.97,0.0,0.17
Bolivia,2004,0.0,2.13,0.0,0.48
Bolivia,2005,0.0,1.94,0.0,0.59
Bolivia,2006,0.0,2.14,0.0,0.63
Bolivia,2007,0.0,2.3,0.0,1.0
Bolivia,2008,0.0,2.29,0.0,1.03
Bolivia,2009,0.0,2.27,0.0,1.13
Bolivia,2010,0.0,2.16,0.0,1.33
Bolivia,2011,0.0,2.32,0.0,1.41
Bolivia,2012,0.0,2.33,0.0,0.88
Bolivia,2013,0.0,2.51,0.0,0.82
Bolivia,2014,0.01,2.23,0.01,1.19
Bolivia,2015,0.01,2.44,0.0,1.3
Bolivia,2016,0.04,1.7,0.01,1.57
Bolivia,2017,0.06,2.21,0.01,1.52
Bolivia,2018,0.06,2.59,0.13,1.61
Bolivia,2019,0.07,3.22,0.19,0.52
Bolivia,2020,0.06,2.94,0.33,0.55
Bolivia,2021,0.13,3.24,0.47,0.58
Bosnia and Herzegovina,2000,0.0,5.04,0.0,0.0
Bosnia and Herzegovina,2001,0.0,5.13,0.0,0.0
Bosnia and Herzegovina,2002,0.0,5.22,0.0,0.0
Bosnia and Herzegovina,2003,0.0,4.46,0.0,0.0
Bosnia and Herzegovina,2004,0.0,5.92,0.0,0.0
Bosnia and Herzegovina,2005,0.0,5.94,0.0,0.0
Bosnia and Herzegovina,2006,0.0,5.8,0.0,0.0
Bosnia and Herzegovina,2007,0.0,3.96,0.0,0.0
Bosnia and Herzegovina,2008,0.0,4.82,0.0,0.0
Bosnia and Herzegovina,2009,0.0,6.18,0.0,0.0
Bosnia and Herzegovina,2010,0.0,7.95,0.0,0.0
Bosnia and Herzegovina,2011,0.0,4.34,0.0,0.0
Bosnia and Herzegovina,2012,0.0,4.17,0.0,0.0
Bosnia and Herzegovina,2013,0.0,7.16,0.0,0.0
Bosnia and Herzegovina,2014,0.0,5.88,0.01,0.0
Bosnia and Herzegovina,2015,0.0,5.49,0.01,0.0
Bosnia and Herzegovina,2016,0.0,5.59,0.02,0.01
Bosnia and Herzegovina,2017,0.0,3.75,0.02,0.01
Bosnia and Herzegovina,2018,0.1,6.35,0.02,0.01
Bosnia and Herzegovina,2019,0.25,6.02,0.03,0.02
Bosnia and Herzegovina,2020,0.26,4.58,0.05,0.02
Bosnia and Herzegovina,2021,0.38,6.72,0.07,0.02
Botswana,2000,0.0,0.0,0.0,0.0
Botswana,2001,0.0,0.0,0.0,0.0
Botswana,2002,0.0,0.0,0.0,0.0
Botswana,2003,0.0,0.0,0.0,0.0
Botswana,2004,0.0,0.0,0.0,0.0
Botswana,2005,0.0,0.0,0.0,0.0
Botswana,2006,0.0,0.0,0.0,0.0
Botswana,2007,0.0,0.0,0.0,0.0
Botswana,2008,0.0,0.0,0.0,0.0
Botswana,2009,0.0,0.0,0.0,0.0
Botswana,2010,0.0,0.0,0.0,0.0
Botswana,2011,0.0,0.0,0.0,0.0
Botswana,2012,0.0,0.0,0.0,0.0
Botswana,2013,0.0,0.0,0.0,0.0
Botswana,2014,0.0,0.0,0.0,0.0
Botswana,2015,0.0,0.0,0.0,0.0
Botswana,2016,0.0,0.0,0.0,0.0
Botswana,2017,0.0,0.0,0.0,0.0
Botswana,2018,0.0,0.0,0.01,0.0
Botswana,2019,0.0,0.0,0.01,0.0
Botswana,2020,0.0,0.0,0.01,0.0
Botswana,2021,0.0,0.0,0.01,0.0
Brazil,1965,0.0,25.515,0.0,0.0
Brazil,1966,0.0,27.906,0.0,0.0
Brazil,1967,0.0,29.189,0.0,0.0
Brazil,1968,0.0,30.55,0.0,0.0
Brazil,1969,0.0,32.692,0.0,0.0
Brazil,1970,0.0,39.801,0.0,0.5146915
Brazil,1971,0.0,43.199,0.0,0.63339525
Brazil,1972,0.0,50.681,0.0,0.7165702
Brazil,1973,0.0,57.89,0.0,0.7508004
Brazil,1974,0.0,65.679,0.0,0.7851518
Brazil,1975,0.0,72.287,0.0,0.86717755
Brazil,1976,0.0,82.913,0.0,0.86433774
Brazil,1977,0.0,93.48,0.0,1.1168455
Brazil,1978,0.0,102.746,0.0,1.3319441
Brazil,1979,0.0,116.58,0.0,1.7760195
Brazil,1980,0.0,128.907,0.0,1.8055083
Brazil,1981,0.0,130.765,0.0,1.8736229
Brazil,1982,0.0,141.132,0.0,2.1784744
Brazil,1983,0.0,151.475,0.0,2.9844549
Brazil,1984,0.0,166.593,0.0,2.8516788
Brazil,1985,0.0,178.375,0.0,3.0671256
Brazil,1986,0.0,182.419,0.0,3.1939325
Brazil,1987,0.0,185.6,0.0,3.5656974
Brazil,1988,0.0,199.093,0.0,3.339784
Brazil,1989,0.0,204.69,0.0,3.4031622
Brazil,1990,0.0,206.708,0.0,3.8590624
Brazil,1991,0.0,217.782,0.0,3.9996126
Brazil,1992,0.0,223.343,0.0,4.929361
Brazil,1993,0.0,235.065,0.0,4.9839373
Brazil,1994,0.0,242.705,0.0,5.3882236
Brazil,1995,0.0,253.905,0.0,5.5937405
Brazil,1996,0.002,265.769,0.0,6.75271
Brazil,1997,0.004,278.972,0.0,7.378951
Brazil,1998,0.005,291.469,0.0,7.505233
Brazil,1999,0.002,293.0,0.0,8.376002
Brazil,2000,0.0,301.36,0.0,7.41
Brazil,2001,0.04,265.2,0.0,8.47
Brazil,2002,0.06,283.23,0.0,9.66
Brazil,2003,0.06,302.56,0.0,11.26
Brazil,2004,0.06,317.59,0.0,11.78
Brazil,2005,0.09,334.08,0.0,12.79
Brazil,2006,0.24,345.32,0.0,13.99
Brazil,2007,0.64,370.27,0.0,16.97
Brazil,2008,0.84,365.86,0.0,18.91
Brazil,2009,1.24,387.08,0.0,21.81
Brazil,2010,2.18,403.29,0.0,30.52
Brazil,2011,2.7,428.33,0.0,31.29
Brazil,2012,5.05,415.34,0.0,34.39
Brazil,2013,6.58,390.99,0.0,39.27
Brazil,2014,12.21,373.44,0.02,45.15
Brazil,2015,21.47,359.74,0.06,47.54
Brazil,2016,33.24,380.91,0.08,49.14
Brazil,2017,42.06,370.91,0.83,50.6
Brazil,2018,48.12,388.97,3.44,52.13
Brazil,2019,55.43,397.88,6.59,52.69
Brazil,2020,56.48,396.33,10.64,56.56
Brazil,2021,71.5,362.82,16.75,57.6
British Virgin Islands,2000,0.0,0.0,0.0,0.0
British Virgin Islands,2001,0.0,0.0,0.0,0.0
British Virgin Islands,2002,0.0,0.0,0.0,0.0
British Virgin Islands,2003,0.0,0.0,0.0,0.0
British Virgin Islands,2004,0.0,0.0,0.0,0.0
British Virgin Islands,2005,0.0,0.0,0.0,0.0
British Virgin Islands,2006,0.0,0.0,0.0,0.0
British Virgin Islands,2007,0.0,0.0,0.0,0.0
British Virgin Islands,2008,0.0,0.0,0.0,0.0
British Virgin Islands,2009,0.0,0.0,0.0,0.0
British Virgin Islands,2010,0.0,0.0,0.0,0.0
British Virgin Islands,2011,0.0,0.0,0.0,0.0
British Virgin Islands,2012,0.0,0.0,0.0,0.0
British Virgin Islands,2013,0.0,0.0,0.0,0.0
British Virgin Islands,2014,0.0,0.0,0.0,0.0
British Virgin Islands,2015,0.0,0.0,0.0,0.0
British Virgin Islands,2016,0.0,0.0,0.0,0.0
British Virgin Islands,2017,0.0,0.0,0.0,0.0
British Virgin Islands,2018,0.0,0.0,0.0,0.0
British Virgin Islands,2019,0.0,0.0,0.0,0.0
British Virgin Islands,2020,0.0,0.0,0.0,0.0
British Virgin Islands,2021,0.0,0.0,0.0,0.0
Brunei,2000,0.0,0.0,0.0,0.0
Brunei,2001,0.0,0.0,0.0,0.0
Brunei,2002,0.0,0.0,0.0,0.0
Brunei,2003,0.0,0.0,0.0,0.0
Brunei,2004,0.0,0.0,0.0,0.0
Brunei,2005,0.0,0.0,0.0,0.0
Brunei,2006,0.0,0.0,0.0,0.0
Brunei,2007,0.0,0.0,0.0,0.0
Brunei,2008,0.0,0.0,0.0,0.0
Brunei,2009,0.0,0.0,0.0,0.0
Brunei,2010,0.0,0.0,0.0,0.0
Brunei,2011,0.0,0.0,0.0,0.0
Brunei,2012,0.0,0.0,0.0,0.0
Brunei,2013,0.0,0.0,0.0,0.0
Brunei,2014,0.0,0.0,0.0,0.0
Brunei,2015,0.0,0.0,0.0,0.0
Brunei,2016,0.0,0.0,0.0,0.0
Brunei,2017,0.0,0.0,0.0,0.0
Brunei,2018,0.0,0.0,0.0,0.0
Brunei,2019,0.0,0.0,0.0,0.0
Brunei,2020,0.0,0.0,0.0,0.0
Brunei,2021,0.0,0.0,0.0,0.0
Bulgaria,1965,0.0,2.0,0.0,0.0
Bulgaria,1966,0.0,2.01,0.0,0.0
Bulgaria,1967,0.0,2.022,0.0,0.0
Bulgaria,1968,0.0,1.305,0.0,0.0
Bulgaria,1969,0.0,1.839,0.0,0.0
Bulgaria,1970,0.0,2.152,0.0,0.0
Bulgaria,1971,0.0,2.17,0.0,0.0
Bulgaria,1972,0.0,2.095,0.0,0.0
Bulgaria,1973,0.0,2.57,0.0,0.0
Bulgaria,1974,0.0,2.08,0.0,0.0
Bulgaria,1975,0.0,2.453,0.0,0.0
Bulgaria,1976,0.0,2.954,0.0,0.0
Bulgaria,1977,0.0,3.529,0.0,0.0
Bulgaria,1978,0.0,2.909,0.0,0.0
Bulgaria,1979,0.0,3.311,0.0,0.0
Bulgaria,1980,0.0,3.713,0.0,0.0
Bulgaria,1981,0.0,3.618,0.0,0.0
Bulgaria,1982,0.0,3.05,0.0,0.0
Bulgaria,1983,0.0,3.353,0.0,0.0
Bulgaria,1984,0.0,3.26,0.0,0.0
Bulgaria,1985,0.0,2.237,0.0,0.0
Bulgaria,1986,0.0,2.326,0.0,0.0
Bulgaria,1987,0.0,2.537,0.0,0.0
Bulgaria,1988,0.0,2.596,0.0,0.0
Bulgaria,1989,0.0,2.691,0.0,0.0
Bulgaria,1990,0.0,1.63,0.0,0.0
Bulgaria,1991,0.0,2.27,0.0,0.0
Bulgaria,1992,0.0,1.9,0.0,0.0
Bulgaria,1993,0.0,1.79,0.0,0.0
Bulgaria,1994,0.0,1.3,0.0,0.0
Bulgaria,1995,0.0,2.17,0.0,0.0
Bulgaria,1996,0.0,2.89,0.0,0.0
Bulgaria,1997,0.0,2.72,0.0,0.0
Bulgaria,1998,0.0,3.07,0.0,0.0
Bulgaria,1999,0.0,2.73,0.0,0.0
Bulgaria,2000,0.0,2.63,0.0,0.0
Bulgaria,2001,0.0,1.65,0.0,0.0
Bulgaria,2002,0.0,2.12,0.0,0.0
Bulgaria,2003,0.0,2.99,0.0,0.0
Bulgaria,2004,0.0,3.14,0.0,0.0
Bulgaria,2005,0.0,4.3,0.0,0.0
Bulgaria,2006,0.02,4.21,0.0,0.0
Bulgaria,2007,0.05,2.83,0.0,0.0
Bulgaria,2008,0.12,2.79,0.0,0.02
Bulgaria,2009,0.24,3.43,0.0,0.01
Bulgaria,2010,0.68,5.03,0.01,0.04
Bulgaria,2011,0.86,2.87,0.1,0.06
Bulgaria,2012,1.22,3.18,0.78,0.07
Bulgaria,2013,1.37,4.04,1.39,0.11
Bulgaria,2014,1.33,4.6,1.26,0.2
Bulgaria,2015,1.45,5.65,1.38,0.27
Bulgaria,2016,1.42,3.88,1.39,0.35
Bulgaria,2017,1.5,2.83,1.4,0.4
Bulgaria,2018,1.32,5.15,1.34,1.57
Bulgaria,2019,1.32,2.93,1.42,1.82
Bulgaria,2020,1.48,2.82,1.47,1.7
Bulgaria,2021,1.43,4.82,1.47,2.59
Bulgaria,2022,1.43,3.71,1.72,2.6
Burkina Faso,2000,0.0,0.1,0.0,0.0
Burkina Faso,2001,0.0,0.05,0.0,0.0
Burkina Faso,2002,0.0,0.06,0.0,0.0
Burkina Faso,2003,0.0,0.1,0.0,0.0
Burkina Faso,2004,0.0,0.1,0.0,0.0
Burkina Faso,2005,0.0,0.1,0.0,0.0
Burkina Faso,2006,0.0,0.08,0.0,0.0
Burkina Faso,2007,0.0,0.11,0.0,0.0
Burkina Faso,2008,0.0,0.13,0.0,0.0
Burkina Faso,2009,0.0,0.13,0.0,0.0
Burkina Faso,2010,0.0,0.12,0.01,0.0
Burkina Faso,2011,0.0,0.08,0.01,0.0
Burkina Faso,2012,0.0,0.1,0.01,0.0
Burkina Faso,2013,0.0,0.11,0.01,0.0
Burkina Faso,2014,0.0,0.09,0.01,0.0
Burkina Faso,2015,0.0,0.09,0.01,0.0
Burkina Faso,2016,0.0,0.14,0.02,0.0
Burkina Faso,2017,0.0,0.13,0.03,0.0
Burkina Faso,2018,0.0,0.13,0.1,0.0
Burkina Faso,2019,0.0,0.11,0.1,0.0
Burkina Faso,2020,0.0,0.11,0.1,0.0
Burkina Faso,2021,0.0,0.11,0.12,0.0
Burundi,2000,0.0,0.1,0.0,0.0
Burundi,2001,0.0,0.11,0.0,0.0
Burundi,2002,0.0,0.13,0.0,0.0
Burundi,2003,0.0,0.1,0.0,0.0
Burundi,2004,0.0,0.09,0.0,0.0
Burundi,2005,0.0,0.09,0.0,0.0
Burundi,2006,0.0,0.09,0.0,0.0
Burundi,2007,0.0,0.12,0.0,0.0
Burundi,2008,0.0,0.11,0.0,0.0
Burundi,2009,0.0,0.12,0.0,0.0
Burundi,2010,0.0,0.14,0.0,0.0
Burundi,2011,0.0,0.13,0.0,0.0
Burundi,2012,0.0,0.14,0.0,0.0
Burundi,2013,0.0,0.14,0.0,0.01
Burundi,2014,0.0,0.14,0.0,0.01
Burundi,2015,0.0,0.14,0.0,0.01
Burundi,2016,0.0,0.14,0.01,0.01
Burundi,2017,0.0,0.19,0.01,0.01
Burundi,2018,0.0,0.15,0.01,0.01
Burundi,2019,0.0,0.22,0.01,0.01
Burundi,2020,0.0,0.22,0.01,0.01
Burundi,2021,0.0,0.22,0.01,0.01
Cambodia,2000,0.0,0.05,0.0,0.0
Cambodia,2001,0.0,0.03,0.0,0.0
Cambodia,2002,0.0,0.03,0.0,0.0
Cambodia,2003,0.0,0.04,0.0,0.0
Cambodia,2004,0.0,0.03,0.0,0.0
Cambodia,2005,0.0,0.04,0.0,0.0
Cambodia,2006,0.0,0.05,0.0,0.08
Cambodia,2007,0.0,0.05,0.0,0.11
Cambodia,2008,0.0,0.04,0.0,0.12
Cambodia,2009,0.0,0.04,0.0,0.11
Cambodia,2010,0.0,0.03,0.0,0.09
Cambodia,2011,0.0,0.05,0.0,0.1
Cambodia,2012,0.0,0.51,0.01,0.33
Cambodia,2013,0.0,1.01,0.01,0.23
Cambodia,2014,0.0,1.83,0.01,0.11
Cambodia,2015,0.0,1.98,0.02,0.15
Cambodia,2016,0.0,2.59,0.03,0.18
Cambodia,2017,0.0,2.71,0.03,0.32
Cambodia,2018,0.0,4.69,0.04,0.26
Cambodia,2019,0.0,4.03,0.12,0.34
Cambodia,2020,0.0,4.07,0.31,0.22
Cambodia,2021,0.0,4.0,0.37,0.23
Cameroon,2000,0.0,3.41,0.0,0.0
Cameroon,2001,0.0,3.44,0.0,0.0
Cameroon,2002,0.0,3.15,0.0,0.0
Cameroon,2003,0.0,3.49,0.0,0.0
Cameroon,2004,0.0,3.88,0.0,0.0
Cameroon,2005,0.0,3.73,0.0,0.0
Cameroon,2006,0.0,3.85,0.0,0.0
Cameroon,2007,0.0,3.81,0.0,0.0
Cameroon,2008,0.0,4.19,0.0,0.0
Cameroon,2009,0.0,3.98,0.0,0.0
Cameroon,2010,0.0,4.22,0.0,0.0
Cameroon,2011,0.0,4.35,0.0,0.0
Cameroon,2012,0.0,4.21,0.0,0.0
Cameroon,2013,0.0,4.33,0.0,0.0
Cameroon,2014,0.0,4.33,0.01,0.0
Cameroon,2015,0.0,4.32,0.01,0.0
Cameroon,2016,0.0,4.33,0.01,0.0
Cameroon,2017,0.0,5.04,0.02,0.0
Cameroon,2018,0.0,4.97,0.02,0.0
Cameroon,2019,0.0,5.34,0.02,0.0
Cameroon,2020,0.0,5.43,0.02,0.0
Cameroon,2021,0.0,5.0,0.02,0.0
Canada,1965,0.0,118.088,0.0,0.0
Canada,1966,0.0,131.0,0.0,0.0
Canada,1967,0.0,133.924,0.0,0.0
Canada,1968,0.0,136.2,0.0,0.0
Canada,1969,0.0,150.638,0.0,0.0
Canada,1970,0.0,158.137,0.0,0.0
Canada,1971,0.0,162.461,0.0,0.0
Canada,1972,0.0,181.639,0.0,0.0
Canada,1973,0.0,194.654,0.0,0.0
Canada,1974,0.0,210.667,0.0,0.0
Canada,1975,0.0,202.47,0.0,0.0
Canada,1976,0.0,212.689,0.0,0.707
Canada,1977,0.0,220.147,0.0,1.069
Canada,1978,0.0,235.254,0.0,1.132
Canada,1979,0.0,244.121,0.0,1.345
Canada,1980,0.0,251.148,0.0,1.3
Canada,1981,0.0,266.015,0.0,1.898
Canada,1982,0.0,257.795,0.0,2.139
Canada,1983,0.0,265.952,0.0,2.085
Canada,1984,0.0,286.123,0.0,2.337
Canada,1985,0.001,303.645,0.0,1.677
Canada,1986,0.001,310.635,0.0,1.865
Canada,1987,0.001,316.206,0.0,2.312
Canada,1988,0.001,307.435,0.0,2.485
Canada,1989,0.001,290.44974,0.0,3.477
Canada,1990,0.001919192,295.68332,0.0,3.954
Canada,1991,0.001919192,307.276,0.0,3.984
Canada,1992,0.059,315.17465,0.002052632,4.465
Canada,1993,0.059,322.2139,0.002052632,4.817
Canada,1994,0.059,327.8556,0.002052632,5.733
Canada,1995,0.059,334.05972,0.003842105,7.137866
Canada,1996,0.062,354.59207,0.005894737,7.528515
Canada,1997,0.062,348.67963,0.006947368,8.16822
Canada,1998,0.062,330.86993,0.010105263,8.987254
Canada,1999,0.162,345.0008,0.013263158,8.943149
Canada,2000,0.26,354.92,0.02,8.5
Canada,2001,0.34,329.99,0.02,9.23
Canada,2002,0.41,347.05,0.02,9.58
Canada,2003,0.83,334.07,0.02,8.96
Canada,2004,0.95,337.43,0.01,9.29
Canada,2005,1.57,358.3,0.02,8.969999
Canada,2006,2.47,349.32,0.02,8.67
Canada,2007,3.01,363.91,0.03,8.47
Canada,2008,3.79,373.68,0.04,7.7000003
Canada,2009,6.64,364.96,0.1,8.54
Canada,2010,8.64,347.87,0.25,9.45
Canada,2011,10.09,371.97,0.57,9.32
Canada,2012,11.2,376.46,0.87,10.05
Canada,2013,17.78,387.87,1.48,10.150001
Canada,2014,22.32,378.68,2.1,9.030001
Canada,2015,26.7,378.37,2.87,9.26
Canada,2016,30.62,381.58,3.99,10.650001
Canada,2017,31.2,390.64,3.54,10.05
Canada,2018,32.85,382.02,3.76,9.76
Canada,2019,32.33,375.98,4.04,9.45
Canada,2020,35.74,380.93,4.24,8.33
Canada,2021,35.21,377.16,5.11,9.23
Cape Verde,2000,0.01,0.0,0.0,0.0
Cape Verde,2001,0.01,0.0,0.0,0.0
Cape Verde,2002,0.01,0.0,0.0,0.0
Cape Verde,2003,0.0,0.0,0.0,0.0
Cape Verde,2004,0.01,0.0,0.0,0.0
Cape Verde,2005,0.01,0.0,0.0,0.0
Cape Verde,2006,0.01,0.0,0.0,0.0
Cape Verde,2007,0.01,0.0,0.0,0.0
Cape Verde,2008,0.01,0.0,0.0,0.0
Cape Verde,2009,0.01,0.0,0.0,0.0
Cape Verde,2010,0.0,0.0,0.0,0.0
Cape Verde,2011,0.02,0.0,0.01,0.0
Cape Verde,2012,0.06,0.0,0.01,0.0
Cape Verde,2013,0.08,0.0,0.01,0.0
Cape Verde,2014,0.08,0.0,0.01,0.0
Cape Verde,2015,0.08,0.0,0.01,0.0
Cape Verde,2016,0.08,0.0,0.01,0.0
Cape Verde,2017,0.07,0.0,0.01,0.0
Cape Verde,2018,0.08,0.0,0.01,0.0
Cape Verde,2019,0.07,0.0,0.01,0.0
Cape Verde,2020,0.06,0.0,0.01,0.0
Cape Verde,2021,0.06,0.0,0.01,0.0
Cayman Islands,2000,0.0,0.0,0.0,0.0
Cayman Islands,2001,0.0,0.0,0.0,0.0
Cayman Islands,2002,0.0,0.0,0.0,0.0
Cayman Islands,2003,0.0,0.0,0.0,0.0
Cayman Islands,2004,0.0,0.0,0.0,0.0
Cayman Islands,2005,0.0,0.0,0.0,0.0
Cayman Islands,2006,0.0,0.0,0.0,0.0
Cayman Islands,2007,0.0,0.0,0.0,0.0
Cayman Islands,2008,0.0,0.0,0.0,0.0
Cayman Islands,2009,0.0,0.0,0.0,0.0
Cayman Islands,2010,0.0,0.0,0.0,0.0
Cayman Islands,2011,0.0,0.0,0.0,0.0
Cayman Islands,2012,0.0,0.0,0.0,0.0
Cayman Islands,2013,0.0,0.0,0.0,0.0
Cayman Islands,2014,0.0,0.0,0.0,0.0
Cayman Islands,2015,0.0,0.0,0.0,0.0
Cayman Islands,2016,0.0,0.0,0.0,0.0
Cayman Islands,2017,0.0,0.0,0.01,0.0
Cayman Islands,2018,0.0,0.0,0.01,0.0
Cayman Islands,2019,0.0,0.0,0.02,0.0
Cayman Islands,2020,0.0,0.0,0.02,0.0
Cayman Islands,2021,0.0,0.0,0.02,0.0
Central African Republic,2000,0.0,0.08,0.0,0.0
Central African Republic,2001,0.0,0.08,0.0,0.0
Central African Republic,2002,0.0,0.08,0.0,0.0
Central African Republic,2003,0.0,0.08,0.0,0.0
Central African Republic,2004,0.0,0.12,0.0,0.0
Central African Republic,2005,0.0,0.13,0.0,0.0
Central African Republic,2006,0.0,0.14,0.0,0.0
Central African Republic,2007,0.0,0.14,0.0,0.0
Central African Republic,2008,0.0,0.14,0.0,0.0
Central African Republic,2009,0.0,0.14,0.0,0.0
Central African Republic,2010,0.0,0.13,0.0,0.0
Central African Republic,2011,0.0,0.15,0.0,0.0
Central African Republic,2012,0.0,0.15,0.0,0.0
Central African Republic,2013,0.0,0.14,0.0,0.0
Central African Republic,2014,0.0,0.17,0.0,0.0
Central African Republic,2015,0.0,0.17,0.0,0.0
Central African Republic,2016,0.0,0.17,0.0,0.0
Central African Republic,2017,0.0,0.15,0.0,0.0
Central African Republic,2018,0.0,0.15,0.0,0.0
Central African Republic,2019,0.0,0.15,0.0,0.0
Central African Republic,2020,0.0,0.15,0.0,0.0
Central African Republic,2021,0.0,0.15,0.0,0.0
Chad,2000,0.0,0.0,0.0,0.01
Chad,2001,0.0,0.0,0.0,0.01
Chad,2002,0.0,0.0,0.0,0.01
Chad,2003,0.0,0.0,0.0,0.01
Chad,2004,0.0,0.0,0.0,0.01
Chad,2005,0.0,0.0,0.0,0.01
Chad,2006,0.0,0.0,0.0,0.01
Chad,2007,0.0,0.0,0.0,0.0
Chad,2008,0.0,0.0,0.0,0.0
Chad,2009,0.0,0.0,0.0,0.01
Chad,2010,0.0,0.0,0.0,0.01
Chad,2011,0.0,0.0,0.0,0.01
Chad,2012,0.0,0.0,0.0,0.0
Chad,2013,0.0,0.0,0.0,0.0
Chad,2014,0.0,0.0,0.0,0.0
Chad,2015,0.0,0.0,0.0,0.0
Chad,2016,0.01,0.0,0.0,0.0
Chad,2017,0.01,0.0,0.0,0.0
Chad,2018,0.01,0.0,0.0,0.0
Chad,2019,0.01,0.0,0.0,0.0
Chad,2020,0.01,0.0,0.0,0.0
Chad,2021,0.01,0.0,0.0,0.0
Chile,1965,0.0,3.954,0.0,0.0
Chile,1966,0.0,4.168,0.0,0.0
Chile,1967,0.0,4.255,0.0,0.0
Chile,1968,0.0,3.565,0.0,0.0
Chile,1969,0.0,4.024,0.0,0.0
Chile,1970,0.0,4.307,0.0,0.0
Chile,1971,0.0,4.809,0.0,0.066
Chile,1972,0.0,5.73,0.0,0.057
Chile,1973,0.0,5.595,0.0,0.051
Chile,1974,0.0,6.364,0.0,0.046
Chile,1975,0.0,6.388,0.0,0.051
Chile,1976,0.0,6.599,0.0,0.073
Chile,1977,0.0,6.969,0.0,0.08
Chile,1978,0.0,7.251,0.0,0.091
Chile,1979,0.0,7.448,0.0,0.094
Chile,1980,0.0,7.871,0.0,0.105
Chile,1981,0.0,8.15,0.0,0.11
Chile,1982,0.0,8.914,0.0,0.137
Chile,1983,0.0,9.613,0.0,0.208
Chile,1984,0.0,9.975,0.0,0.201
Chile,1985,0.0,11.07,0.0,0.195
Chile,1986,0.0,11.83,0.0,0.28
Chile,1987,0.0,12.823,0.0,0.271
Chile,1988,0.0,12.558,0.0,0.327
Chile,1989,0.0,10.543,0.0,0.321
Chile,1990,0.0,8.941428,0.0,0.963
Chile,1991,0.0,13.135654,0.0,1.033
Chile,1992,0.0,16.74015,0.0,1.743
Chile,1993,0.0,17.217321,0.0,1.75
Chile,1994,0.0,16.985472,0.0,1.786
Chile,1995,0.0,18.413738,0.0,1.879
Chile,1996,0.0,16.873468,0.0,1.738
Chile,1997,0.0,18.943148,0.0,1.743
Chile,1998,0.0,15.937255,0.0,1.161
Chile,1999,0.0,13.577,0.0,1.45
Chile,2000,0.0,18.48,0.0,1.375
Chile,2001,0.0,21.03,0.0,1.683
Chile,2002,0.0,22.5,0.0,1.781
Chile,2003,0.0,21.84,0.0,1.695
Chile,2004,0.0,20.87,0.0,2.031
Chile,2005,0.0,25.42,0.0,1.79
Chile,2006,0.0,28.03,0.0,1.431
Chile,2007,0.0,22.29,0.0,2.696
Chile,2008,0.03,23.75,0.0,3.5882213
Chile,2009,0.07,24.5,0.0,3.391682
Chile,2010,0.32,21.23,0.0,3.4124773
Chile,2011,0.32,20.72,0.0,4.314426
Chile,2012,0.39,20.2,0.0,5.9831734
Chile,2013,0.55,19.61,0.01,6.896006
Chile,2014,1.43,23.55,0.46,4.989873
Chile,2015,2.1,23.91,1.37,5.5661297
Chile,2016,2.25,19.46,2.56,6.722216
Chile,2017,3.55,21.81,3.9,7.4493103
Chile,2018,4.02,23.21,5.45,9.157252
Chile,2019,4.82,20.83,6.38,9.54655
Chile,2020,5.54,20.63,7.64,8.741824
Chile,2021,7.21,16.48,10.79,8.4537115
China,1965,0.0,22.097,0.0,0.0
China,1966,0.0,22.485907,0.0,0.0
China,1967,0.0,19.383488,0.0,0.0
China,1968,0.0,22.870396,0.0,0.0
China,1969,0.0,23.259302,0.0,0.0
China,1970,0.0,24.037117,0.0,0.0
China,1971,0.0,29.075233,0.0,0.0
China,1972,0.0,32.951046,0.0,0.0
China,1973,0.0,36.82686,0.0,0.0
China,1974,0.0,41.674942,0.0,0.0
China,1975,0.0,43.610638,0.0,0.0
China,1976,0.0,44.194,0.0,0.0
China,1977,0.0,46.134117,0.0,0.0
China,1978,0.0,43.22615,0.0,0.0
China,1979,0.0,48.555946,0.0,0.0
China,1980,0.0,58.221176,0.0,0.0
China,1981,0.0,65.51318,0.0,0.0
China,1982,0.0,74.41386,0.0,0.0
China,1983,0.0,86.41695,0.0,0.0
China,1984,0.0,86.8147,0.0,0.0
China,1985,0.0,92.38756,0.0,0.0
China,1986,0.0,94.548645,0.0,0.0
China,1987,0.0,100.02428,0.0,0.0
China,1988,0.0,109.16802,0.0,0.0
China,1989,0.0,118.40898,0.0,0.0
China,1990,0.002020202,126.74397,0.002,0.064
China,1991,0.009090909,124.68895,0.002,0.064
China,1992,0.13131313,130.68608,0.003,0.113
China,1993,0.21212122,151.84616,0.004,0.117
China,1994,0.3838384,167.42897,0.005,0.46
China,1995,0.61616164,190.58,0.007,3.014
China,1996,0.093939394,187.97,0.009,1.533
China,1997,0.1979798,195.98,0.011,2.722
China,1998,0.35555556,198.89,0.014,2.48
China,1999,0.4737374,196.58,0.017,2.52
China,2000,0.59,222.41,0.02,2.537
China,2001,0.72,277.43,0.03,2.554
China,2002,0.84,287.97,0.05,2.546
China,2003,1.0,283.68,0.06,2.536
China,2004,1.28,353.54,0.08,2.528
China,2005,1.95,397.02,0.08,5.322
China,2006,3.71,435.79,0.09,7.133
China,2007,5.48,485.26,0.11,9.863
China,2008,13.1,636.96,0.15,14.866
China,2009,27.61,615.64,0.28,20.85932
China,2010,49.4,711.38,0.7,24.90023
China,2011,74.1,688.04,2.61,27.632
China,2012,103.05,862.79,3.59,30.133
China,2013,138.26,909.61,8.37,37.133
China,2014,159.76,1059.69,23.51,46.26822
China,2015,185.59,1114.52,39.48,54.07029
China,2016,240.86,1153.27,66.53,62.134766
China,2017,304.6,1165.06,117.8,79.59891
China,2018,365.8,1198.89,176.9,93.72523
China,2019,405.3,1272.54,224.0,112.72523
China,2020,466.5,1321.71,261.1,135.625
China,2021,655.6,1300.0,327.0,169.93158
Colombia,1965,0.0,3.5439494,0.0,0.0
Colombia,1966,0.0,3.9372194,0.0,0.0
Colombia,1967,0.0,4.3892536,0.0,0.0
Colombia,1968,0.0,4.8910117,0.0,0.0
Colombia,1969,0.0,5.4379735,0.0,0.0
Colombia,1970,0.0,6.05274,0.0,0.0
Colombia,1971,0.0,6.4234085,0.0,0.0
Colombia,1972,0.0,7.115021,0.0,0.0
Colombia,1973,0.0,7.7433486,0.0,0.0
Colombia,1974,0.0,8.7920685,0.0,0.0
Colombia,1975,0.0,9.7323,0.0,0.189
Colombia,1976,0.0,10.22642,0.0,0.202
Colombia,1977,0.0,10.451812,0.0,0.192
Colombia,1978,0.0,12.07144,0.0,0.206
Colombia,1979,0.0,13.2593,0.0,0.216
Colombia,1980,0.0,14.44702,0.0,0.227
Colombia,1981,0.0,14.26534,0.0,0.212
Colombia,1982,0.0,15.238536,0.0,0.231
Colombia,1983,0.0,15.365776,0.0,0.234
Colombia,1984,0.0,17.14022,0.0,0.255
Colombia,1985,0.0,18.440771,0.0,0.267
Colombia,1986,0.0,21.332952,0.0,0.266
Colombia,1987,0.0,23.24756,0.0,0.268
Colombia,1988,0.0,24.5194,0.0,0.274
Colombia,1989,0.0,26.78212,0.0,0.274
Colombia,1990,0.0,27.495852,0.0,0.274
Colombia,1991,0.0,27.72608,0.0,0.269
Colombia,1992,0.0,22.280584,0.0,0.34
Colombia,1993,0.0,27.856392,0.0,0.389
Colombia,1994,0.0,32.05839,0.0,0.444
Colombia,1995,0.0,31.9894,0.0,0.477
Colombia,1996,0.0,35.287624,0.0,0.496
Colombia,1997,0.0,31.47576,0.0,0.483
Colombia,1998,0.0,30.781685,0.0,0.532
Colombia,1999,0.0,33.700657,0.0,0.457
Colombia,2000,0.0,31.75,0.01,0.18
Colombia,2001,0.0,31.48,0.01,0.18
Colombia,2002,0.0,33.63,0.01,0.17
Colombia,2003,0.0,35.81,0.01,0.16
Colombia,2004,0.05,39.68,0.01,0.15
Colombia,2005,0.05,39.4,0.01,0.16
Colombia,2006,0.06,42.31,0.01,0.2
Colombia,2007,0.05,44.0,0.01,0.19
Colombia,2008,0.05,45.94,0.01,0.17
Colombia,2009,0.06,40.64,0.01,0.33
Colombia,2010,0.04,40.0,0.01,0.55
Colombia,2011,0.04,48.39,0.01,0.37
Colombia,2012,0.05,47.11,0.01,0.4
Colombia,2013,0.06,49.76,0.01,0.65
Colombia,2014,0.07,47.25,0.01,0.73
Colombia,2015,0.07,47.94,0.01,0.97
Colombia,2016,0.05,48.46,0.01,1.01
Colombia,2017,0.0,60.64,0.01,0.73
Colombia,2018,0.04,59.16,0.02,0.84
Colombia,2019,0.06,52.98,0.13,1.11
Colombia,2020,0.01,48.44,0.19,1.3
Colombia,2021,0.06,58.19,0.32,1.02
Comoros,2000,0.0,0.0,0.0,0.0
Comoros,2001,0.0,0.0,0.0,0.0
Comoros,2002,0.0,0.0,0.0,0.0
Comoros,2003,0.0,0.0,0.0,0.0
Comoros,2004,0.0,0.0,0.0,0.0
Comoros,2005,0.0,0.0,0.0,0.0
Comoros,2006,0.0,0.0,0.0,0.0
Comoros,2007,0.0,0.0,0.0,0.0
Comoros,2008,0.0,0.0,0.0,0.0
Comoros,2009,0.0,0.0,0.0,0.0
Comoros,2010,0.0,0.0,0.0,0.0
Comoros,2011,0.0,0.0,0.0,0.0
Comoros,2012,0.0,0.0,0.0,0.0
Comoros,2013,0.0,0.0,0.0,0.0
Comoros,2014,0.0,0.0,0.0,0.0
Comoros,2015,0.0,0.0,0.0,0.0
Comoros,2016,0.0,0.0,0.0,0.0
Comoros,2017,0.0,0.0,0.0,0.0
Comoros,2018,0.0,0.0,0.0,0.0
Comoros,2019,0.0,0.0,0.0,0.0
Comoros,2020,0.0,0.0,0.0,0.0
Comoros,2021,0.0,0.0,0.0,0.0
Congo,2000,0.0,0.29,0.0,0.0
Congo,2001,0.0,0.33,0.0,0.0
Congo,2002,0.0,0.39,0.0,0.0
Congo,2003,0.0,0.34,0.0,0.02
Congo,2004,0.0,0.33,0.0,0.02
Congo,2005,0.0,0.35,0.0,0.02
Congo,2006,0.0,0.37,0.0,0.02
Congo,2007,0.0,0.33,0.0,0.01
Congo,2008,0.0,0.37,0.0,0.02
Congo,2009,0.0,0.33,0.0,0.03
Congo,2010,0.0,0.43,0.0,0.01
Congo,2011,0.0,0.78,0.0,0.01
Congo,2012,0.0,0.98,0.0,0.02
Congo,2013,0.0,0.96,0.0,0.02
Congo,2014,0.0,0.94,0.0,0.02
Congo,2015,0.0,1.09,0.0,0.05
Congo,2016,0.0,1.12,0.0,0.05
Congo,2017,0.0,1.19,0.0,0.05
Congo,2018,0.0,1.09,0.0,0.06
Congo,2019,0.0,0.85,0.0,0.09
Congo,2020,0.0,0.9,0.0,0.06
Congo,2021,0.0,0.9,0.0,0.07
Cook Islands,2000,0.0,0.0,0.0,0.0
Cook Islands,2001,0.0,0.0,0.0,0.0
Cook Islands,2002,0.0,0.0,0.0,0.0
Cook Islands,2003,0.0,0.0,0.0,0.0
Cook Islands,2004,0.0,0.0,0.0,0.0
Cook Islands,2005,0.0,0.0,0.0,0.0
Cook Islands,2006,0.0,0.0,0.0,0.0
Cook Islands,2007,0.0,0.0,0.0,0.0
Cook Islands,2008,0.0,0.0,0.0,0.0
Cook Islands,2009,0.0,0.0,0.0,0.0
Cook Islands,2010,0.0,0.0,0.0,0.0
Cook Islands,2011,0.0,0.0,0.0,0.0
Cook Islands,2012,0.0,0.0,0.0,0.0
Cook Islands,2013,0.0,0.0,0.0,0.0
Cook Islands,2014,0.0,0.0,0.0,0.0
Cook Islands,2015,0.0,0.0,0.0,0.0
Cook Islands,2016,0.0,0.0,0.0,0.0
Cook Islands,2017,0.0,0.0,0.01,0.0
Cook Islands,2018,0.0,0.0,0.02,0.0
Cook Islands,2019,0.0,0.0,0.01,0.0
Cook Islands,2020,0.0,0.0,0.01,0.0
Cook Islands,2021,0.0,0.0,0.02,0.0
Costa Rica,2000,0.18,5.62,0.0,0.98
Costa Rica,2001,0.19,5.6,0.0,0.99
Costa Rica,2002,0.26,5.87,0.0,1.13
Costa Rica,2003,0.31,5.86,0.0,0.93
Costa Rica,2004,0.26,6.42,0.0,1.22
Costa Rica,2005,0.2,6.5,0.0,1.17
Costa Rica,2006,0.27,6.53,0.0,1.25
Costa Rica,2007,0.24,6.7,0.0,1.3
Costa Rica,2008,0.2,7.31,0.0,1.17
Costa Rica,2009,0.33,7.15,0.0,1.22
Costa Rica,2010,0.36,7.19,0.0,1.2099999
Costa Rica,2011,0.41,7.06,0.0,1.3199999
Costa Rica,2012,0.53,7.16,0.01,1.4499999
Costa Rica,2013,0.49,6.78,0.02,1.59
Costa Rica,2014,0.74,6.65,0.02,1.5999999
Costa Rica,2015,1.08,7.99,0.03,1.4
Costa Rica,2016,1.15,7.95,0.03,1.37
Costa Rica,2017,1.29,8.59,0.04,1.14
Costa Rica,2018,1.8,8.26,0.06,1.01
Costa Rica,2019,1.8,7.75,0.08,1.55
Costa Rica,2020,1.46,8.29,0.08,1.72
Costa Rica,2021,1.57,9.29,0.06,1.63
Cote d'Ivoire,2000,0.0,1.75,0.0,0.0
Cote d'Ivoire,2001,0.0,1.78,0.0,0.0
Cote d'Ivoire,2002,0.0,1.71,0.0,0.0
Cote d'Ivoire,2003,0.0,1.81,0.0,0.0
Cote d'Ivoire,2004,0.0,1.73,0.0,0.0
Cote d'Ivoire,2005,0.0,1.42,0.0,0.0
Cote d'Ivoire,2006,0.0,1.5,0.0,0.0
Cote d'Ivoire,2007,0.0,1.78,0.0,0.0
Cote d'Ivoire,2008,0.0,1.88,0.0,0.0
Cote d'Ivoire,2009,0.0,2.11,0.0,0.0
Cote d'Ivoire,2010,0.0,1.6,0.0,0.0
Cote d'Ivoire,2011,0.0,1.76,0.0,0.0
Cote d'Ivoire,2012,0.0,1.77,0.0,0.0
Cote d'Ivoire,2013,0.0,1.59,0.0,0.0
Cote d'Ivoire,2014,0.0,1.89,0.0,0.0
Cote d'Ivoire,2015,0.0,1.34,0.0,0.0
Cote d'Ivoire,2016,0.0,1.51,0.0,0.0
Cote d'Ivoire,2017,0.0,2.03,0.01,0.0
Cote d'Ivoire,2018,0.0,2.93,0.01,0.0
Cote d'Ivoire,2019,0.0,3.45,0.01,0.0
Cote d'Ivoire,2020,0.0,3.35,0.01,0.0
Cote d'Ivoire,2021,0.0,3.3,0.01,0.0
Croatia,1990,0.0,3.92,0.0,0.01
Croatia,1991,0.0,5.53,0.0,0.01
Croatia,1992,0.0,4.35,0.0,0.01
Croatia,1993,0.0,4.55,0.0,0.02
Croatia,1994,0.0,5.43,0.0,0.01
Croatia,1995,0.0,5.68,0.0,0.01
Croatia,1996,0.0,7.86,0.0,0.01
Croatia,1997,0.0,5.85,0.0,0.0
Croatia,1998,0.0,6.02,0.0,0.01
Croatia,1999,0.0,7.33,0.0,0.01
Croatia,2000,0.0,6.45,0.0,0.0
Croatia,2001,0.0,7.18,0.0,0.0
Croatia,2002,0.0,5.85,0.0,0.0
Croatia,2003,0.0,5.46,0.0,0.0
Croatia,2004,0.0,7.63,0.0,0.0
Croatia,2005,0.01,7.04,0.0,0.01
Croatia,2006,0.02,6.62,0.0,0.01
Croatia,2007,0.03,4.7,0.0,0.01
Croatia,2008,0.04,5.78,0.0,0.02
Croatia,2009,0.05,7.41,0.0,0.02
Croatia,2010,0.14,9.13,0.0,0.03
Croatia,2011,0.2,5.03,0.0,0.05
Croatia,2012,0.33,4.84,0.0,0.09
Croatia,2013,0.52,8.62,0.01,0.13
Croatia,2014,0.73,9.01,0.04,0.16
Croatia,2015,0.8,6.39,0.06,0.27
Croatia,2016,1.01,6.85,0.07,0.43
Croatia,2017,1.2,5.31,0.08,0.53
Croatia,2018,1.34,7.7,0.07,0.67
Croatia,2019,1.47,5.83,0.08,0.97
Croatia,2020,1.72,5.66,0.1,1.07
Croatia,2021,2.06,7.13,0.15,1.19
Croatia,2022,2.27,5.35,0.15,1.17
Cuba,2000,0.0,0.09,0.0,0.0
Cuba,2001,0.0,0.07,0.0,0.0
Cuba,2002,0.0,0.1,0.0,0.0
Cuba,2003,0.0,0.13,0.0,0.0
Cuba,2004,0.0,0.09,0.0,0.0
Cuba,2005,0.0,0.07,0.0,2.31
Cuba,2006,0.0,0.09,0.0,1.72
Cuba,2007,0.0,0.12,0.0,2.2
Cuba,2008,0.01,0.14,0.0,2.21
Cuba,2009,0.0,0.15,0.0,2.21
Cuba,2010,0.01,0.1,0.0,2.18
Cuba,2011,0.02,0.1,0.0,2.21
Cuba,2012,0.02,0.11,0.01,2.2
Cuba,2013,0.02,0.13,0.11,2.1
Cuba,2014,0.02,0.1,0.09,2.24
Cuba,2015,0.02,0.05,0.13,2.3
Cuba,2016,0.02,0.06,0.14,2.18
Cuba,2017,0.02,0.08,0.08,2.33
Cuba,2018,0.02,0.14,0.16,2.43
Cuba,2019,0.02,0.14,0.23,3.43
Cuba,2020,0.02,0.11,0.24,3.61
Cuba,2021,0.02,0.11,0.26,3.83
Cyprus,1965,0.0,0.0,0.0,0.0
Cyprus,1966,0.0,0.0,0.0,0.0
Cyprus,1967,0.0,0.0,0.0,0.0
Cyprus,1968,0.0,0.0,0.0,0.0
Cyprus,1969,0.0,0.0,0.0,0.0
Cyprus,1970,0.0,0.0,0.0,0.0
Cyprus,1971,0.0,0.0,0.0,0.0
Cyprus,1972,0.0,0.0,0.0,0.0
Cyprus,1973,0.0,0.0,0.0,0.0
Cyprus,1974,0.0,0.0,0.0,0.0
Cyprus,1975,0.0,0.0,0.0,0.0
Cyprus,1976,0.0,0.0,0.0,0.0
Cyprus,1977,0.0,0.0,0.0,0.0
Cyprus,1978,0.0,0.0,0.0,0.0
Cyprus,1979,0.0,0.0,0.0,0.0
Cyprus,1980,0.0,0.0,0.0,0.0
Cyprus,1981,0.0,0.0,0.0,0.0
Cyprus,1982,0.0,0.0,0.0,0.0
Cyprus,1983,0.0,0.0,0.0,0.0
Cyprus,1984,0.0,0.0,0.0,0.0
Cyprus,1985,0.0,0.0,0.0,0.0
Cyprus,1986,0.0,0.0,0.0,0.0
Cyprus,1987,0.0,0.0,0.0,0.0
Cyprus,1988,0.0,0.0,0.0,0.0
Cyprus,1989,0.0,0.0,0.0,0.0
Cyprus,1990,0.0,0.0,0.0,0.0
Cyprus,1991,0.0,0.0,0.0,0.0
Cyprus,1992,0.0,0.0,0.0,0.0
Cyprus,1993,0.0,0.0,0.0,0.0
Cyprus,1994,0.0,0.0,0.0,0.0
Cyprus,1995,0.0,0.0,0.0,0.0
Cyprus,1996,0.0,0.0,0.0,0.0
Cyprus,1997,0.0,0.0,0.0,0.0
Cyprus,1998,0.0,0.0,0.0,0.0
Cyprus,1999,0.0,0.0,0.0,0.0
Cyprus,2000,0.0,0.0,0.0,0.0
Cyprus,2001,0.0,0.0,0.0,0.0
Cyprus,2002,0.0,0.0,0.0,0.0
Cyprus,2003,0.0,0.0,0.0,0.0
Cyprus,2004,0.0,0.0,0.0,0.0
Cyprus,2005,0.0,0.0,0.0,0.0
Cyprus,2006,0.0,0.0,0.0,0.0
Cyprus,2007,0.0,0.0,0.0,0.0
Cyprus,2008,0.0,0.0,0.0,0.01
Cyprus,2009,0.0,0.0,0.0,0.03
Cyprus,2010,0.03,0.0,0.01,0.04
Cyprus,2011,0.11,0.0,0.01,0.05
Cyprus,2012,0.19,0.0,0.02,0.05
Cyprus,2013,0.23,0.0,0.05,0.05
Cyprus,2014,0.18,0.0,0.08,0.05
Cyprus,2015,0.22,0.0,0.13,0.05
Cyprus,2016,0.23,0.0,0.15,0.05
Cyprus,2017,0.21,0.0,0.17,0.05
Cyprus,2018,0.22,0.0,0.2,0.06
Cyprus,2019,0.24,0.0,0.22,0.06
Cyprus,2020,0.24,0.0,0.3,0.06
Cyprus,2021,0.25,0.0,0.47,0.06
Cyprus,2022,0.22,0.0,0.62,0.06
Czechia,1965,0.0,2.231797,0.0,0.0
Czechia,1966,0.0,2.1036344,0.0,0.0
Czechia,1967,0.0,1.8959225,0.0,0.0
Czechia,1968,0.0,1.4672408,0.0,0.0
Czechia,1969,0.0,1.1976573,0.0,0.0
Czechia,1970,0.0,1.7103078,0.0,0.0
Czechia,1971,0.0,1.208,0.0,0.0
Czechia,1972,0.0,1.264,0.0,0.0
Czechia,1973,0.0,1.081,0.0,0.0
Czechia,1974,0.0,1.819,0.0,0.0
Czechia,1975,0.0,1.814,0.0,0.0
Czechia,1976,0.0,1.446,0.0,0.0
Czechia,1977,0.0,1.967,0.0,0.0
Czechia,1978,0.0,1.83,0.0,0.0
Czechia,1979,0.0,2.293,0.0,0.0
Czechia,1980,0.0,2.399,0.0,0.0
Czechia,1981,0.0,2.061,0.0,0.0
Czechia,1982,0.0,1.67,0.0,0.0
Czechia,1983,0.0,1.655,0.0,0.0
Czechia,1984,0.0,1.298,0.0,0.0
Czechia,1985,0.0,1.671,0.0,0.0
Czechia,1986,0.0,1.876,0.0,0.0
Czechia,1987,0.0,2.465,0.0,0.0
Czechia,1988,0.0,2.099,0.0,0.0
Czechia,1989,0.0,1.643,0.0,0.0
Czechia,1990,0.0,1.16,0.0,0.0
Czechia,1991,0.0,1.09,0.0,0.0
Czechia,1992,0.0,1.4,0.0,0.0
Czechia,1993,0.0,1.37,0.0,0.16
Czechia,1994,0.0,1.46,0.0,0.32
Czechia,1995,0.0,2.0,0.0,0.41
Czechia,1996,0.0,1.97,0.0,0.29
Czechia,1997,0.0,1.7,0.0,0.49
Czechia,1998,0.0,1.4,0.0,0.59
Czechia,1999,0.0,1.68,0.0,0.68
Czechia,2000,0.0,1.76,0.0,0.52
Czechia,2001,0.0,2.05,0.0,0.52
Czechia,2002,0.0,2.49,0.0,0.5
Czechia,2003,0.0,1.38,0.0,0.49
Czechia,2004,0.01,2.02,0.0,0.71
Czechia,2005,0.02,2.38,0.0,0.73
Czechia,2006,0.05,2.55,0.0,0.92
Czechia,2007,0.13,2.09,0.0,1.2
Czechia,2008,0.24,2.02,0.01,1.45
Czechia,2009,0.29,2.43,0.09,1.85
Czechia,2010,0.34,2.79,0.62,2.16
Czechia,2011,0.4,1.96,2.18,2.7
Czechia,2012,0.42,2.13,2.15,3.37
Czechia,2013,0.48,2.73,2.03,4.06
Czechia,2014,0.48,1.91,2.12,4.66
Czechia,2015,0.57,1.79,2.26,4.79
Czechia,2016,0.5,2.0,2.13,4.76
Czechia,2017,0.59,1.87,2.2,4.97
Czechia,2018,0.61,1.63,2.36,4.83
Czechia,2019,0.7,2.01,2.34,5.03
Czechia,2020,0.7,2.14,2.34,5.21
Czechia,2021,0.6,2.41,2.32,5.38
Czechia,2022,0.65,2.03,2.51,5.31
Democratic Republic of Congo,2000,0.0,5.94,0.0,0.0
Democratic Republic of Congo,2001,0.0,5.91,0.0,0.0
Democratic Republic of Congo,2002,0.0,6.05,0.0,0.0
Democratic Republic of Congo,2003,0.0,6.1,0.0,0.0
Democratic Republic of Congo,2004,0.0,7.01,0.0,0.0
Democratic Republic of Congo,2005,0.0,7.32,0.0,0.0
Democratic Republic of Congo,2006,0.0,7.45,0.0,0.0
Democratic Republic of Congo,2007,0.0,7.74,0.0,0.0
Democratic Republic of Congo,2008,0.0,7.41,0.0,0.0
Democratic Republic of Congo,2009,0.0,7.72,0.0,0.0
Democratic Republic of Congo,2010,0.0,7.74,0.0,0.0
Democratic Republic of Congo,2011,0.0,7.73,0.0,0.0
Democratic Republic of Congo,2012,0.0,7.51,0.0,0.0
Democratic Republic of Congo,2013,0.0,8.15,0.0,0.0
Democratic Republic of Congo,2014,0.0,8.73,0.0,0.0
Democratic Republic of Congo,2015,0.0,8.83,0.0,0.0
Democratic Republic of Congo,2016,0.0,9.01,0.0,0.0
Democratic Republic of Congo,2017,0.0,9.39,0.01,0.0
Democratic Republic of Congo,2018,0.0,10.43,0.01,0.0
Democratic Republic of Congo,2019,0.0,11.04,0.01,0.0
Democratic Republic of Congo,2020,0.0,11.91,0.01,0.0
Democratic Republic of Congo,2021,0.0,11.0,0.01,0.0
Denmark,1965,0.0,0.025,0.0,0.0
Denmark,1966,0.0,0.026,0.0,0.0
Denmark,1967,0.0,0.025,0.0,0.0
Denmark,1968,0.0,0.021,0.0,0.0
Denmark,1969,0.0,0.022,0.0,0.0
Denmark,1970,0.0,0.024,0.0,0.0
Denmark,1971,0.0,0.024,0.0,0.0
Denmark,1972,0.0,0.024,0.0,0.0
Denmark,1973,0.0,0.024,0.0,0.0
Denmark,1974,0.0,0.024,0.0,0.0
Denmark,1975,0.0,0.021,0.0,0.0
Denmark,1976,0.0,0.019,0.0,0.0
Denmark,1977,0.0,0.026,0.0,0.0
Denmark,1978,0.003,0.027,0.0,0.0
Denmark,1979,0.006,0.029,0.0,0.0
Denmark,1980,0.0105,0.0341,0.0,0.0
Denmark,1981,0.0105,0.0355,0.0,0.0
Denmark,1982,0.0185,0.0303,0.0,0.0
Denmark,1983,0.0271,0.0335,0.0,0.033
Denmark,1984,0.0332,0.0302,0.0,0.033
Denmark,1985,0.0514,0.0297,0.0,0.036
Denmark,1986,0.1256,0.0286,0.0,0.051
Denmark,1987,0.1738,0.0294,0.0,0.061
Denmark,1988,0.2917,0.0328,0.0,0.08
Denmark,1989,0.4284,0.0229,0.0,0.126
Denmark,1990,0.61,0.03,0.0,0.19
Denmark,1991,0.74,0.03,0.0,0.29
Denmark,1992,0.92,0.03,0.0,0.41
Denmark,1993,1.03,0.03,0.0,0.55
Denmark,1994,1.14,0.03,0.0,0.57
Denmark,1995,1.18,0.03,0.0,0.65
Denmark,1996,1.23,0.02,0.0,0.83
Denmark,1997,1.93,0.02,0.0,0.98
Denmark,1998,2.82,0.03,0.0,1.08
Denmark,1999,3.03,0.03,0.0,1.32
Denmark,2000,4.24,0.03,0.0,1.3
Denmark,2001,4.31,0.03,0.0,1.51
Denmark,2002,4.88,0.03,0.0,1.88
Denmark,2003,5.56,0.02,0.0,2.49
Denmark,2004,6.58,0.03,0.0,2.91
Denmark,2005,6.61,0.02,0.0,3.17
Denmark,2006,6.11,0.02,0.0,3.07
Denmark,2007,7.17,0.03,0.0,3.1
Denmark,2008,6.93,0.03,0.0,3.14
Denmark,2009,6.72,0.02,0.0,3.32
Denmark,2010,7.81,0.02,0.01,4.59
Denmark,2011,9.77,0.02,0.01,4.37
Denmark,2012,10.27,0.02,0.1,4.45
Denmark,2013,11.12,0.01,0.52,4.31
Denmark,2014,13.08,0.02,0.6,4.29
Denmark,2015,14.13,0.02,0.6,4.18
Denmark,2016,12.78,0.02,0.74,4.85
Denmark,2017,14.78,0.02,0.75,6.25
Denmark,2018,13.9,0.01,0.95,5.89
Denmark,2019,16.15,0.02,0.96,5.94
Denmark,2020,16.33,0.02,1.18,5.92
Denmark,2021,16.05,0.02,1.31,8.72
Denmark,2022,18.94,0.02,1.99,7.95
Djibouti,2000,0.0,0.0,0.0,0.0
Djibouti,2001,0.0,0.0,0.0,0.0
Djibouti,2002,0.0,0.0,0.0,0.0
Djibouti,2003,0.0,0.0,0.0,0.0
Djibouti,2004,0.0,0.0,0.0,0.0
Djibouti,2005,0.0,0.0,0.0,0.0
Djibouti,2006,0.0,0.0,0.0,0.0
Djibouti,2007,0.0,0.0,0.0,0.0
Djibouti,2008,0.0,0.0,0.0,0.0
Djibouti,2009,0.0,0.0,0.0,0.0
Djibouti,2010,0.0,0.0,0.0,0.0
Djibouti,2011,0.0,0.0,0.0,0.0
Djibouti,2012,0.0,0.0,0.0,0.0
Djibouti,2013,0.0,0.0,0.0,0.0
Djibouti,2014,0.0,0.0,0.0,0.0
Djibouti,2015,0.0,0.0,0.0,0.0
Djibouti,2016,0.0,0.0,0.0,0.0
Djibouti,2017,0.0,0.0,0.0,0.0
Djibouti,2018,0.0,0.0,0.0,0.0
Djibouti,2019,0.0,0.0,0.0,0.0
Djibouti,2020,0.0,0.0,0.0,0.0
Djibouti,2021,0.0,0.0,0.0,0.0
Dominica,2000,0.0,0.03,0.0,0.0
Dominica,2001,0.0,0.03,0.0,0.0
Dominica,2002,0.0,0.03,0.0,0.0
Dominica,2003,0.0,0.03,0.0,0.0
Dominica,2004,0.0,0.03,0.0,0.0
Dominica,2005,0.0,0.03,0.0,0.0
Dominica,2006,0.0,0.03,0.0,0.0
Dominica,2007,0.0,0.02,0.0,0.0
Dominica,2008,0.0,0.02,0.0,0.0
Dominica,2009,0.0,0.02,0.0,0.0
Dominica,2010,0.0,0.02,0.0,0.0
Dominica,2011,0.0,0.04,0.0,0.0
Dominica,2012,0.0,0.03,0.0,0.0
Dominica,2013,0.0,0.04,0.0,0.0
Dominica,2014,0.0,0.03,0.0,0.0
Dominica,2015,0.0,0.02,0.0,0.0
Dominica,2016,0.0,0.04,0.0,0.0
Dominica,2017,0.0,0.03,0.0,0.0
Dominica,2018,0.0,0.02,0.0,0.0
Dominica,2019,0.0,0.02,0.0,0.0
Dominica,2020,0.0,0.04,0.0,0.0
Dominica,2021,0.0,0.04,0.0,0.0
Dominican Republic,2000,0.0,0.75,0.0,0.01
Dominican Republic,2001,0.0,0.7,0.0,0.01
Dominican Republic,2002,0.0,0.87,0.0,0.01
Dominican Republic,2003,0.0,1.19,0.0,0.01
Dominican Republic,2004,0.0,1.6,0.0,0.01
Dominican Republic,2005,0.0,1.91,0.0,0.01
Dominican Republic,2006,0.0,1.75,0.0,0.01
Dominican Republic,2007,0.0,1.7,0.0,0.01
Dominican Republic,2008,0.0,1.38,0.0,0.01
Dominican Republic,2009,0.0,1.46,0.0,0.01
Dominican Republic,2010,0.0,1.43,0.0,0.13
Dominican Republic,2011,0.01,1.53,0.0,0.14
Dominican Republic,2012,0.1,1.78,0.0,0.14
Dominican Republic,2013,0.24,1.88,0.01,0.15
Dominican Republic,2014,0.24,1.32,0.02,0.15
Dominican Republic,2015,0.29,0.93,0.03,0.17
Dominican Republic,2016,0.32,1.5,0.08,0.49
Dominican Republic,2017,0.39,2.17,0.14,0.4
Dominican Republic,2018,0.5,1.76,0.23,0.42
Dominican Republic,2019,0.79,0.97,0.36,0.35
Dominican Republic,2020,1.14,1.18,0.43,0.19
Dominican Republic,2021,1.29,1.0,0.53,0.2
Ecuador,1965,0.0,0.249,0.0,0.0
Ecuador,1966,0.0,0.285,0.0,0.0
Ecuador,1967,0.0,0.314,0.0,0.0
Ecuador,1968,0.0,0.328,0.0,0.0
Ecuador,1969,0.0,0.364,0.0,0.0
Ecuador,1970,0.0,0.405,0.0,0.0
Ecuador,1971,0.0,0.44,0.0,0.0
Ecuador,1972,0.0,0.445,0.0,0.0
Ecuador,1973,0.0,0.435,0.0,0.0
Ecuador,1974,0.0,0.5,0.0,0.0
Ecuador,1975,0.0,0.628,0.0,0.0
Ecuador,1976,0.0,0.605,0.0,0.0
Ecuador,1977,0.0,0.558,0.0,0.0
Ecuador,1978,0.0,0.791,0.0,0.0
Ecuador,1979,0.0,0.709,0.0,0.0
Ecuador,1980,0.0,0.872,0.0,0.0
Ecuador,1981,0.0,0.779,0.0,0.0
Ecuador,1982,0.0,0.895,0.0,0.0
Ecuador,1983,0.0,1.721,0.0,0.0
Ecuador,1984,0.0,3.233,0.0,0.0
Ecuador,1985,0.0,3.279,0.0,0.0
Ecuador,1986,0.0,4.012,0.0,0.0
Ecuador,1987,0.0,4.57,0.0,0.0
Ecuador,1988,0.0,4.826,0.0,0.0
Ecuador,1989,0.0,4.954,0.0,0.0
Ecuador,1990,0.0,4.9866877,0.0,0.0
Ecuador,1991,0.0,5.075921,0.0,0.0
Ecuador,1992,0.0,4.973581,0.0,0.0
Ecuador,1993,0.0,5.8101373,0.0,0.0
Ecuador,1994,0.0,6.5652776,0.0,0.0
Ecuador,1995,0.0,5.160551,0.0,0.0
Ecuador,1996,0.0,6.3434153,0.0,0.0
Ecuador,1997,0.0,6.5341773,0.0,0.0
Ecuador,1998,0.0,6.5060954,0.0,0.0
Ecuador,1999,0.0,7.176726,0.0,0.0
Ecuador,2000,0.0,7.53,0.0,0.0
Ecuador,2001,0.0,7.0,0.0,0.0
Ecuador,2002,0.0,7.45,0.0,0.0
Ecuador,2003,0.0,7.11,0.0,0.0
Ecuador,2004,0.0,7.34,0.0,0.37
Ecuador,2005,0.0,6.81,0.0,0.61
Ecuador,2006,0.0,7.06,0.0,0.83
Ecuador,2007,0.0,8.95,0.0,0.98
Ecuador,2008,0.0,11.18,0.0,1.24
Ecuador,2009,0.0,9.13,0.0,1.54
Ecuador,2010,0.0,8.55,0.0,1.72
Ecuador,2011,0.0,11.02,0.0,1.49
Ecuador,2012,0.0,12.12,0.0,1.68
Ecuador,2013,0.06,10.93,0.0,1.92
Ecuador,2014,0.08,11.34,0.02,2.34
Ecuador,2015,0.1,12.97,0.04,2.33
Ecuador,2016,0.08,15.68,0.04,2.23
Ecuador,2017,0.07,19.89,0.04,1.58
Ecuador,2018,0.08,20.47,0.04,1.71
Ecuador,2019,0.09,24.66,0.04,1.52
Ecuador,2020,0.08,24.33,0.04,1.38
Ecuador,2021,0.06,25.57,0.04,1.35
Egypt,1965,0.0,1.7324048,0.0,0.0
Egypt,1966,0.0,1.8252122,0.0,0.0
Egypt,1967,0.0,1.966633,0.0,0.0
Egypt,1968,0.0,3.0007727,0.0,0.0
Egypt,1969,0.0,3.9907181,0.0,0.0
Egypt,1970,0.0,4.6889834,0.0,0.0
Egypt,1971,0.0,5.0469546,0.0,0.0
Egypt,1972,0.0,5.161859,0.0,0.0
Egypt,1973,0.0,5.1530204,0.0,0.0
Egypt,1974,0.0,6.11645,0.0,0.0
Egypt,1975,0.0,6.792618,0.0,0.0
Egypt,1976,0.0,8.003533,0.0,0.0
Egypt,1977,0.0,9.037673,0.0,0.0
Egypt,1978,0.0,9.930392,0.0,0.0
Egypt,1979,0.0,9.607776,0.0,0.0
Egypt,1980,0.0,9.802229,0.0,0.0
Egypt,1981,0.0,10.213233,0.0,0.0
Egypt,1982,0.0,10.491655,0.0,0.0
Egypt,1983,0.0,9.815488,0.0,0.0
Egypt,1984,0.0,9.629872,0.0,0.0
Egypt,1985,0.0,9.148,0.0,0.0
Egypt,1986,0.0,8.972,0.0,0.0
Egypt,1987,0.0,8.9695,0.0,0.0
Egypt,1988,0.0,8.829,0.0,0.0
Egypt,1989,0.0,9.487,0.0,0.0
Egypt,1990,0.0,9.953,0.0,0.0
Egypt,1991,0.0,9.916,0.0,0.0
Egypt,1992,0.0,9.8,0.0,0.0
Egypt,1993,0.0,10.0925,0.0,0.0
Egypt,1994,0.0,10.728,0.0,0.0
Egypt,1995,0.0,11.192,0.0,0.0
Egypt,1996,0.0,11.484,0.0,0.0
Egypt,1997,0.0,11.771,0.0,0.0
Egypt,1998,0.0,12.1045,0.0,0.0
Egypt,1999,0.012,13.4405,0.0,0.0
Egypt,2000,0.14,13.56,0.0,0.0
Egypt,2001,0.22,14.98,0.0,0.0
Egypt,2002,0.2,12.73,0.0,0.0
Egypt,2003,0.37,12.89,0.0,0.0
Egypt,2004,0.52,12.52,0.0,0.0
Egypt,2005,0.55,12.52,0.0,0.0
Egypt,2006,0.62,12.8,0.0,0.0
Egypt,2007,0.83,15.35,0.0,0.0
Egypt,2008,0.91,14.53,0.0,0.0
Egypt,2009,1.13,12.73,0.0,0.0
Egypt,2010,1.5,12.92,0.21,0.0
Egypt,2011,1.52,12.81,0.22,0.0
Egypt,2012,1.12,12.99,0.24,0.0
Egypt,2013,1.33,13.22,0.11,0.0
Egypt,2014,1.44,13.68,0.24,0.0
Egypt,2015,2.06,13.41,0.17,0.0
Egypt,2016,2.2,12.72,0.58,0.0
Egypt,2017,2.33,12.6,0.6,0.0
Egypt,2018,3.02,12.77,1.52,0.0
Egypt,2019,4.23,12.09,4.43,0.0
Egypt,2020,4.23,12.09,4.51,0.0
Egypt,2021,4.23,14.0,4.8,0.0
El Salvador,2000,0.0,1.16,0.0,0.87
El Salvador,2001,0.0,1.15,0.0,1.1800001
El Salvador,2002,0.0,1.13,0.0,1.27
El Salvador,2003,0.0,1.45,0.0,1.36
El Salvador,2004,0.0,1.37,0.0,1.36
El Salvador,2005,0.0,1.66,0.0,1.41
El Salvador,2006,0.0,1.96,0.0,1.53
El Salvador,2007,0.0,1.73,0.0,1.78
El Salvador,2008,0.0,2.03,0.0,1.88
El Salvador,2009,0.0,1.5,0.0,1.97
El Salvador,2010,0.0,2.08,0.0,1.89
El Salvador,2011,0.0,2.01,0.0,2.11
El Salvador,2012,0.0,1.84,0.0,2.34
El Salvador,2013,0.0,1.78,0.01,2.33
El Salvador,2014,0.0,1.71,0.02,2.4099998
El Salvador,2015,0.0,1.35,0.03,2.19
El Salvador,2016,0.0,1.26,0.04,2.38
El Salvador,2017,0.0,1.62,0.19,2.13
El Salvador,2018,0.0,1.54,0.31,2.1
El Salvador,2019,0.0,1.44,0.5,2.21
El Salvador,2020,0.01,1.99,0.91,2.06
El Salvador,2021,0.01,2.0,1.11,2.1
Equatorial Guinea,2000,0.0,0.01,0.0,0.0
Equatorial Guinea,2001,0.0,0.01,0.0,0.0
Equatorial Guinea,2002,0.0,0.01,0.0,0.0
Equatorial Guinea,2003,0.0,0.01,0.0,0.0
Equatorial Guinea,2004,0.0,0.01,0.0,0.0
Equatorial Guinea,2005,0.0,0.01,0.0,0.0
Equatorial Guinea,2006,0.0,0.01,0.0,0.0
Equatorial Guinea,2007,0.0,0.01,0.0,0.0
Equatorial Guinea,2008,0.0,0.05,0.0,0.0
Equatorial Guinea,2009,0.0,0.05,0.0,0.0
Equatorial Guinea,2010,0.0,0.03,0.0,0.0
Equatorial Guinea,2011,0.0,0.03,0.0,0.0
Equatorial Guinea,2012,0.0,0.08,0.0,0.0
Equatorial Guinea,2013,0.0,0.25,0.0,0.0
Equatorial Guinea,2014,0.0,0.38,0.0,0.0
Equatorial Guinea,2015,0.0,0.47,0.0,0.0
Equatorial Guinea,2016,0.0,0.47,0.0,0.0
Equatorial Guinea,2017,0.0,0.44,0.0,0.0
Equatorial Guinea,2018,0.0,0.44,0.0,0.0
Equatorial Guinea,2019,0.0,0.45,0.0,0.0
Equatorial Guinea,2020,0.0,0.49,0.0,0.0
Equatorial Guinea,2021,0.0,0.44,0.0,0.0
Eritrea,2000,0.0,0.0,0.0,0.0
Eritrea,2001,0.0,0.0,0.0,0.0
Eritrea,2002,0.0,0.0,0.0,0.0
Eritrea,2003,0.0,0.0,0.0,0.0
Eritrea,2004,0.0,0.0,0.0,0.0
Eritrea,2005,0.0,0.0,0.0,0.0
Eritrea,2006,0.0,0.0,0.0,0.0
Eritrea,2007,0.0,0.0,0.0,0.0
Eritrea,2008,0.0,0.0,0.0,0.0
Eritrea,2009,0.0,0.0,0.0,0.0
Eritrea,2010,0.0,0.0,0.0,0.0
Eritrea,2011,0.0,0.0,0.0,0.0
Eritrea,2012,0.0,0.0,0.0,0.0
Eritrea,2013,0.0,0.0,0.0,0.0
Eritrea,2014,0.0,0.0,0.0,0.0
Eritrea,2015,0.0,0.0,0.0,0.0
Eritrea,2016,0.0,0.0,0.0,0.0
Eritrea,2017,0.0,0.0,0.01,0.0
Eritrea,2018,0.0,0.0,0.01,0.0
Eritrea,2019,0.0,0.0,0.01,0.0
Eritrea,2020,0.0,0.0,0.01,0.0
Eritrea,2021,0.0,0.0,0.01,0.0
Estonia,1990,0.0,0.0,0.0,0.0
Estonia,1991,0.0,0.0,0.0,0.0
Estonia,1992,0.0,0.0,0.0,0.0
Estonia,1993,0.0,0.0,0.0,0.0
Estonia,1994,0.0,0.0,0.0,0.0
Estonia,1995,0.0,0.0,0.0,0.01
Estonia,1996,0.0,0.0,0.0,0.0
Estonia,1997,0.0,0.0,0.0,0.01
Estonia,1998,0.0,0.0,0.0,0.01
Estonia,1999,0.0,0.0,0.0,0.01
Estonia,2000,0.0,0.0,0.0,0.01
Estonia,2001,0.0,0.01,0.0,0.01
Estonia,2002,0.0,0.01,0.0,0.02
Estonia,2003,0.01,0.01,0.0,0.03
Estonia,2004,0.01,0.02,0.0,0.03
Estonia,2005,0.05,0.02,0.0,0.04
Estonia,2006,0.08,0.01,0.0,0.04
Estonia,2007,0.09,0.02,0.0,0.03
Estonia,2008,0.13,0.03,0.0,0.04
Estonia,2009,0.2,0.03,0.0,0.31
Estonia,2010,0.28,0.03,0.0,0.74
Estonia,2011,0.37,0.03,0.0,0.78
Estonia,2012,0.43,0.04,0.0,1.0
Estonia,2013,0.53,0.03,0.0,0.67
Estonia,2014,0.6,0.03,0.0,0.76
Estonia,2015,0.71,0.03,0.0,0.82
Estonia,2016,0.59,0.04,0.01,0.95
Estonia,2017,0.72,0.03,0.01,1.1
Estonia,2018,0.64,0.01,0.03,1.31
Estonia,2019,0.69,0.02,0.07,1.36
Estonia,2020,0.84,0.03,0.25,1.85
Estonia,2021,0.73,0.02,0.35,1.77
Estonia,2022,0.63,0.02,0.53,2.49
Estonia,1985,,0.0,,
Estonia,1986,,0.0,,
Estonia,1987,,0.0,,
Estonia,1988,,0.0,,
Estonia,1989,,0.0,,
Eswatini,2000,0.0,0.19,0.0,0.36
Eswatini,2001,0.0,0.19,0.0,0.38
Eswatini,2002,0.0,0.2,0.0,0.39
Eswatini,2003,0.0,0.12,0.0,0.38
Eswatini,2004,0.0,0.1,0.0,0.37
Eswatini,2005,0.0,0.16,0.0,0.38
Eswatini,2006,0.0,0.15,0.0,0.39
Eswatini,2007,0.0,0.17,0.0,0.4
Eswatini,2008,0.0,0.16,0.0,0.38
Eswatini,2009,0.0,0.2,0.0,0.37
Eswatini,2010,0.0,0.24,0.0,0.34
Eswatini,2011,0.0,0.28,0.0,0.4
Eswatini,2012,0.0,0.24,0.0,0.46
Eswatini,2013,0.0,0.31,0.0,0.46
Eswatini,2014,0.0,0.23,0.0,0.38
Eswatini,2015,0.0,0.12,0.0,0.39
Eswatini,2016,0.0,0.12,0.0,0.4
Eswatini,2017,0.0,0.21,0.0,0.42
Eswatini,2018,0.0,0.27,0.0,0.44
Eswatini,2019,0.0,0.23,0.0,0.44
Eswatini,2020,0.0,0.27,0.0,0.43
Eswatini,2021,0.0,0.25,0.0,0.45
Ethiopia,2000,0.0,1.63,0.0,0.01
Ethiopia,2001,0.0,1.97,0.0,0.01
Ethiopia,2002,0.0,2.0,0.0,0.01
Ethiopia,2003,0.0,2.26,0.0,0.01
Ethiopia,2004,0.0,2.5,0.0,0.01
Ethiopia,2005,0.0,2.81,0.0,0.01
Ethiopia,2006,0.0,3.23,0.0,0.01
Ethiopia,2007,0.0,3.35,0.0,0.02
Ethiopia,2008,0.0,3.26,0.0,0.049999997
Ethiopia,2009,0.0,3.49,0.0,0.06
Ethiopia,2010,0.0,4.88,0.0,0.03
Ethiopia,2011,0.03,6.2,0.0,0.02
Ethiopia,2012,0.19,7.31,0.0,0.01
Ethiopia,2013,0.36,8.26,0.01,0.01
Ethiopia,2014,0.5,8.92,0.02,0.01
Ethiopia,2015,0.76,9.58,0.02,0.01
Ethiopia,2016,0.78,11.64,0.02,0.02
Ethiopia,2017,0.53,12.55,0.02,0.02
Ethiopia,2018,0.85,12.89,0.02,0.02
Ethiopia,2019,0.61,13.56,0.02,0.03
Ethiopia,2020,0.61,13.56,0.03,0.02
Ethiopia,2021,0.61,14.0,0.04,0.03
Faeroe Islands,2000,0.0,0.08,0.0,0.0
Faeroe Islands,2001,0.0,0.08,0.0,0.0
Faeroe Islands,2002,0.0,0.1,0.0,0.0
Faeroe Islands,2003,0.0,0.08,0.0,0.0
Faeroe Islands,2004,0.01,0.09,0.0,0.0
Faeroe Islands,2005,0.01,0.1,0.0,0.0
Faeroe Islands,2006,0.01,0.1,0.0,0.0
Faeroe Islands,2007,0.02,0.1,0.0,0.0
Faeroe Islands,2008,0.01,0.09,0.0,0.0
Faeroe Islands,2009,0.02,0.09,0.0,0.0
Faeroe Islands,2010,0.01,0.07,0.0,0.0
Faeroe Islands,2011,0.01,0.09,0.0,0.0
Faeroe Islands,2012,0.01,0.1,0.0,0.0
Faeroe Islands,2013,0.02,0.09,0.0,0.0
Faeroe Islands,2014,0.04,0.12,0.0,0.0
Faeroe Islands,2015,0.06,0.13,0.0,0.0
Faeroe Islands,2016,0.05,0.1,0.0,0.0
Faeroe Islands,2017,0.06,0.11,0.0,0.0
Faeroe Islands,2018,0.06,0.11,0.0,0.0
Faeroe Islands,2019,0.05,0.1,0.0,0.0
Faeroe Islands,2020,0.05,0.11,0.0,0.0
Faeroe Islands,2021,0.05,0.11,0.0,0.0
Falkland Islands,2000,0.0,0.0,0.0,0.0
Falkland Islands,2001,0.0,0.0,0.0,0.0
Falkland Islands,2002,0.0,0.0,0.0,0.0
Falkland Islands,2003,0.0,0.0,0.0,0.0
Falkland Islands,2004,0.0,0.0,0.0,0.0
Falkland Islands,2005,0.0,0.0,0.0,0.0
Falkland Islands,2006,0.0,0.0,0.0,0.0
Falkland Islands,2007,0.0,0.0,0.0,0.0
Falkland Islands,2008,0.0,0.0,0.0,0.0
Falkland Islands,2009,0.0,0.0,0.0,0.0
Falkland Islands,2010,0.0,0.0,0.0,0.0
Falkland Islands,2011,0.01,0.0,0.0,0.0
Falkland Islands,2012,0.01,0.0,0.0,0.0
Falkland Islands,2013,0.01,0.0,0.0,0.0
Falkland Islands,2014,0.01,0.0,0.0,0.0
Falkland Islands,2015,0.01,0.0,0.0,0.0
Falkland Islands,2016,0.01,0.0,0.0,0.0
Falkland Islands,2017,0.01,0.0,0.0,0.0
Falkland Islands,2018,0.01,0.0,0.0,0.0
Falkland Islands,2019,0.01,0.0,0.0,0.0
Falkland Islands,2020,0.01,0.0,0.0,0.0
Falkland Islands,2021,0.01,0.0,0.0,0.0
Fiji,2000,0.0,0.41,0.0,0.03
Fiji,2001,0.0,0.46,0.0,0.04
Fiji,2002,0.0,0.45,0.0,0.05
Fiji,2003,0.0,0.34,0.0,0.07
Fiji,2004,0.0,0.37,0.0,0.07
Fiji,2005,0.0,0.34,0.0,0.08
Fiji,2006,0.0,0.34,0.0,0.11
Fiji,2007,0.01,0.51,0.0,0.08
Fiji,2008,0.02,0.5,0.0,0.1
Fiji,2009,0.02,0.46,0.0,0.1
Fiji,2010,0.01,0.41,0.0,0.13
Fiji,2011,0.0,0.45,0.0,0.11
Fiji,2012,0.01,0.52,0.0,0.09
Fiji,2013,0.0,0.52,0.0,0.09
Fiji,2014,0.0,0.4,0.0,0.13
Fiji,2015,0.01,0.4,0.0,0.12
Fiji,2016,0.0,0.49,0.01,0.1
Fiji,2017,0.0,0.49,0.01,0.14
Fiji,2018,0.0,0.56,0.01,0.14
Fiji,2019,0.0,0.57,0.01,0.13
Fiji,2020,0.0,0.57,0.01,0.12
Fiji,2021,0.0,0.57,0.01,0.13
Finland,1965,0.0,9.353536,0.0,0.0
Finland,1966,0.0,10.380808,0.0,0.0
Finland,1967,0.0,11.6292925,0.0,0.0
Finland,1968,0.0,10.488889,0.0,0.0
Finland,1969,0.0,8.745455,0.0,0.0
Finland,1970,0.0,9.524242,0.0,0.0
Finland,1971,0.0,10.680808,0.0,0.0
Finland,1972,0.0,10.379798,0.0,0.0
Finland,1973,0.0,10.579798,0.0,0.0
Finland,1974,0.0,12.703031,0.0,0.0
Finland,1975,0.0,12.209091,0.0,0.0
Finland,1976,0.0,9.481818,0.0,0.0
Finland,1977,0.0,12.181818,0.0,0.0
Finland,1978,0.0,9.79899,0.0,0.0
Finland,1979,0.0,10.8707075,0.0,0.0
Finland,1980,0.0,10.217172,0.0,0.0
Finland,1981,0.0,13.654546,0.0,0.0
Finland,1982,0.0,13.088889,0.0,0.0
Finland,1983,0.0,13.580808,0.0,0.0
Finland,1984,0.0,13.247475,0.0,0.0
Finland,1985,0.0,12.334343,0.0,0.0
Finland,1986,0.0,12.389899,0.0,0.0
Finland,1987,0.0,13.795959,0.0,0.0
Finland,1988,0.0,13.362626,0.0,0.0
Finland,1989,0.0,13.030303,0.0,0.0
Finland,1990,0.0,10.86,0.0,5.16
Finland,1991,0.0,13.2,0.0,5.0
Finland,1992,0.0,15.11,0.0,4.95
Finland,1993,0.0,13.48,0.0,5.96
Finland,1994,0.01,11.79,0.0,6.47
Finland,1995,0.01,12.93,0.0,6.61
Finland,1996,0.01,11.86,0.0,5.89
Finland,1997,0.02,12.24,0.0,7.89
Finland,1998,0.02,15.05,0.0,9.33
Finland,1999,0.05,12.78,0.0,8.36
Finland,2000,0.08,14.66,0.0,8.64
Finland,2001,0.07,13.2,0.0,8.27
Finland,2002,0.06,10.78,0.0,8.99
Finland,2003,0.09,9.59,0.0,9.38
Finland,2004,0.12,15.07,0.0,10.44
Finland,2005,0.17,13.78,0.0,9.51
Finland,2006,0.16,11.49,0.0,10.81
Finland,2007,0.19,14.18,0.0,9.95
Finland,2008,0.26,17.11,0.0,10.4
Finland,2009,0.28,12.69,0.0,8.73
Finland,2010,0.29,12.92,0.0,10.97
Finland,2011,0.48,12.45,0.01,11.24
Finland,2012,0.49,16.86,0.01,11.2
Finland,2013,0.77,12.84,0.01,12.01
Finland,2014,1.11,13.4,0.01,11.76
Finland,2015,2.33,16.77,0.01,11.42
Finland,2016,3.07,15.8,0.02,11.52
Finland,2017,4.8,14.77,0.05,11.86
Finland,2018,5.84,13.3,0.09,12.91
Finland,2019,6.02,12.42,0.15,13.29
Finland,2020,7.94,15.88,0.22,11.57
Finland,2021,8.18,15.79,0.3,13.58
Finland,2022,11.19,14.02,0.3,13.99
France,1965,0.0,46.881092,0.0,0.0
France,1966,0.0,52.20847,0.0,0.39
France,1967,0.0,45.37766,0.0,0.605
France,1968,0.0,50.42261,0.0,0.926
France,1969,0.0,52.94209,0.0,1.067
France,1970,0.0,56.681484,0.0,1.3702458
France,1971,0.0,48.856724,0.0,1.3918225
France,1972,0.0,48.831467,0.0,1.5151953
France,1973,0.0,47.696262,0.0,1.5500864
France,1974,0.0,56.230286,0.0,1.5770591
France,1975,0.0,60.107937,0.0,1.4158849
France,1976,0.0,48.56463,0.0,1.3329
France,1977,0.0,76.322975,0.0,1.3745815
France,1978,0.0,68.35983,0.0,1.4183881
France,1979,0.0,66.419136,0.0,1.4840102
France,1980,0.0,69.52675,0.0,1.4710236
France,1981,0.0,72.19517,0.0,1.4921525
France,1982,0.0,70.57486,0.0,1.52734
France,1983,0.0,69.443016,0.0,1.5587
France,1984,0.0,65.69011,0.0,1.6223
France,1985,0.0,62.453335,0.0,1.65215
France,1986,0.0,63.010845,0.0,1.6628
France,1987,0.0,71.087555,0.0,1.7506
France,1988,0.0,77.11729,0.0,1.77325
France,1989,0.0,46.842293,0.0,1.84145
France,1990,0.0,53.87,0.0,1.91
France,1991,0.0,57.6,0.0,2.1100001
France,1992,0.0,68.96,0.0,2.1399999
France,1993,0.0,64.89,0.0,1.97
France,1994,0.0,78.79,0.0,2.1599998
France,1995,0.0,73.12,0.0,2.33
France,1996,0.01,66.04,0.0,2.42
France,1997,0.01,63.76,0.0,2.67
France,1998,0.02,62.09,0.0,2.65
France,1999,0.04,72.51,0.0,2.85
France,2000,0.05,64.78,0.01,2.99
France,2001,0.13,72.62,0.01,3.33
France,2002,0.27,58.88,0.01,3.53
France,2003,0.39,57.35,0.01,3.72
France,2004,0.59,58.04,0.01,3.78
France,2005,0.96,50.14,0.01,3.8700001
France,2006,2.18,54.88,0.01,3.8400002
France,2007,4.07,55.99,0.02,4.22
France,2008,5.69,62.16,0.04,4.44
France,2009,7.91,55.49,0.17,4.58
France,2010,9.94,61.2,0.62,4.92
France,2011,12.37,45.74,2.33,5.58
France,2012,15.18,59.83,4.43,5.8100004
France,2013,16.13,71.92,5.19,6.18
France,2014,17.32,63.77,6.39,6.5499997
France,2015,21.42,55.56,7.75,7.11
France,2016,21.38,60.84,8.66,8.12
France,2017,24.61,50.0,9.59,8.43
France,2018,28.6,65.11,10.92,8.99
France,2019,34.72,56.91,12.33,9.25
France,2020,39.86,62.59,13.46,9.37
France,2021,36.83,59.62,15.73,10.18
France,2022,38.46,46.18,19.98,10.6
French Guiana,2000,0.0,0.0,0.0,0.0
French Guiana,2001,0.0,0.53,0.0,0.0
French Guiana,2002,0.0,0.55,0.0,0.0
French Guiana,2003,0.0,0.57,0.0,0.0
French Guiana,2004,0.0,0.59,0.0,0.0
French Guiana,2005,0.0,0.62,0.0,0.0
French Guiana,2006,0.0,0.64,0.0,0.0
French Guiana,2007,0.0,0.66,0.0,0.0
French Guiana,2008,0.0,0.69,0.0,0.0
French Guiana,2009,0.0,0.71,0.0,0.0
French Guiana,2010,0.0,0.74,0.0,0.01
French Guiana,2011,0.0,0.65,0.04,0.01
French Polynesia,2000,0.0,0.12,0.0,0.0
French Polynesia,2001,0.0,0.1,0.0,0.0
French Polynesia,2002,0.0,0.13,0.0,0.0
French Polynesia,2003,0.0,0.15,0.0,0.0
French Polynesia,2004,0.0,0.18,0.0,0.0
French Polynesia,2005,0.0,0.18,0.0,0.0
French Polynesia,2006,0.0,0.2,0.0,0.0
French Polynesia,2007,0.0,0.22,0.0,0.0
French Polynesia,2008,0.0,0.21,0.0,0.0
French Polynesia,2009,0.0,0.21,0.0,0.0
French Polynesia,2010,0.0,0.27,0.0,0.0
French Polynesia,2011,0.0,0.22,0.01,0.0
French Polynesia,2012,0.0,0.2,0.01,0.0
French Polynesia,2013,0.0,0.15,0.02,0.0
French Polynesia,2014,0.0,0.17,0.03,0.0
French Polynesia,2015,0.0,0.17,0.03,0.0
French Polynesia,2016,0.0,0.18,0.03,0.0
French Polynesia,2017,0.0,0.18,0.04,0.0
French Polynesia,2018,0.0,0.16,0.04,0.0
French Polynesia,2019,0.0,0.18,0.04,0.0
French Polynesia,2020,0.0,0.18,0.04,0.0
French Polynesia,2021,0.0,0.18,0.05,0.0
Gabon,2000,0.0,0.8,0.0,0.0
Gabon,2001,0.0,0.87,0.0,0.0
Gabon,2002,0.0,0.91,0.0,0.0
Gabon,2003,0.0,0.89,0.0,0.0
Gabon,2004,0.0,0.88,0.0,0.0
Gabon,2005,0.0,0.8,0.0,0.0
Gabon,2006,0.0,0.94,0.0,0.0
Gabon,2007,0.0,0.79,0.0,0.0
Gabon,2008,0.0,0.88,0.0,0.0
Gabon,2009,0.0,0.94,0.0,0.0
Gabon,2010,0.0,0.9,0.0,0.0
Gabon,2011,0.0,0.83,0.0,0.0
Gabon,2012,0.0,0.9,0.0,0.0
Gabon,2013,0.0,0.93,0.0,0.0
Gabon,2014,0.0,0.79,0.0,0.0
Gabon,2015,0.0,0.91,0.0,0.02
Gabon,2016,0.0,0.94,0.0,0.02
Gabon,2017,0.0,0.92,0.0,0.02
Gabon,2018,0.0,0.89,0.0,0.02
Gabon,2019,0.0,0.99,0.0,0.02
Gabon,2020,0.0,0.99,0.0,0.02
Gabon,2021,0.0,1.0,0.0,0.02
Gambia,2000,0.0,0.0,0.0,0.0
Gambia,2001,0.0,0.0,0.0,0.0
Gambia,2002,0.0,0.0,0.0,0.0
Gambia,2003,0.0,0.0,0.0,0.0
Gambia,2004,0.0,0.0,0.0,0.0
Gambia,2005,0.0,0.0,0.0,0.0
Gambia,2006,0.0,0.0,0.0,0.0
Gambia,2007,0.0,0.0,0.0,0.0
Gambia,2008,0.0,0.0,0.0,0.0
Gambia,2009,0.0,0.0,0.0,0.0
Gambia,2010,0.0,0.0,0.0,0.0
Gambia,2011,0.0,0.0,0.0,0.0
Gambia,2012,0.0,0.0,0.0,0.0
Gambia,2013,0.0,0.0,0.0,0.0
Gambia,2014,0.0,0.0,0.0,0.0
Gambia,2015,0.0,0.0,0.0,0.0
Gambia,2016,0.0,0.0,0.0,0.0
Gambia,2017,0.0,0.0,0.0,0.0
Gambia,2018,0.0,0.0,0.0,0.0
Gambia,2019,0.0,0.0,0.0,0.0
Gambia,2020,0.0,0.0,0.0,0.0
Gambia,2021,0.0,0.0,0.0,0.0
Georgia,2000,0.0,5.8,0.0,0.0
Georgia,2001,0.0,5.49,0.0,0.0
Georgia,2002,0.0,6.7,0.0,0.0
Georgia,2003,0.0,6.46,0.0,0.0
Georgia,2004,0.0,5.99,0.0,0.0
Georgia,2005,0.0,6.17,0.0,0.0
Georgia,2006,0.0,5.26,0.0,0.0
Georgia,2007,0.0,6.75,0.0,0.0
Georgia,2008,0.0,7.09,0.0,0.0
Georgia,2009,0.0,7.34,0.0,0.0
Georgia,2010,0.0,9.27,0.0,0.0
Georgia,2011,0.0,7.81,0.0,0.0
Georgia,2012,0.0,7.15,0.0,0.0
Georgia,2013,0.0,8.19,0.0,0.0
Georgia,2014,0.0,8.25,0.0,0.0
Georgia,2015,0.0,8.37,0.0,0.0
Georgia,2016,0.01,9.24,0.0,0.0
Georgia,2017,0.09,9.12,0.0,0.0
Georgia,2018,0.08,9.85,0.0,0.0
Georgia,2019,0.09,8.84,0.0,0.0
Georgia,2020,0.09,8.25,0.0,0.0
Georgia,2021,0.08,10.18,0.0,0.0
Germany,1965,0.0,16.21221,0.0,0.0
Germany,1966,0.0,17.533998,0.0,0.0
Germany,1967,0.0,16.652311,0.0,0.0
Germany,1968,0.0,16.89899,0.0,0.0
Germany,1969,0.0,13.713478,0.0,0.0
Germany,1970,0.0,17.533678,0.0,0.92002016
Germany,1971,0.0,13.455188,0.0,1.0010282
Germany,1972,0.0,13.205894,0.0,1.0187488
Germany,1973,0.0,15.229462,0.0,1.0531049
Germany,1974,0.0,17.638132,0.0,1.07625
Germany,1975,0.0,17.059124,0.0,1.1247102
Germany,1976,0.0,13.846833,0.0,1.2776853
Germany,1977,0.0,17.58216,0.0,1.2465839
Germany,1978,0.0,18.362234,0.0,1.317466
Germany,1979,0.0,18.383686,0.0,1.4433178
Germany,1980,0.0,19.069143,0.0,1.9662538
Germany,1981,0.0,19.914673,0.0,1.8042376
Germany,1982,0.0,19.737993,0.0,1.798813
Germany,1983,0.0,18.712017,0.0,1.5402381
Germany,1984,0.0,18.479174,0.0,1.6429448
Germany,1985,0.0,17.40065,0.0,1.6440297
Germany,1986,0.001,18.571981,0.0,1.5955696
Germany,1987,0.002,20.34297,0.0,1.4458493
Germany,1988,0.008,20.079391,0.0,1.6378818
Germany,1989,0.026,18.243729,0.0,1.7492679
Germany,1990,0.07,17.43,0.0,1.6
Germany,1991,0.22,14.89,0.0,1.87
Germany,1992,0.29,17.4,0.0,2.04
Germany,1993,0.67,17.88,0.0,1.97
Germany,1994,1.43,19.93,0.01,2.07
Germany,1995,1.71,21.78,0.01,2.43
Germany,1996,2.08,21.96,0.01,2.5
Germany,1997,3.03,17.36,0.02,2.65
Germany,1998,4.59,17.22,0.04,3.06
Germany,1999,5.53,19.65,0.03,3.51
Germany,2000,9.35,21.73,0.06,4.33
Germany,2001,10.46,22.73,0.12,4.59
Germany,2002,15.86,23.12,0.19,5.31
Germany,2003,19.09,18.32,0.31,8.95
Germany,2004,26.02,20.75,0.56,10.64
Germany,2005,27.77,19.64,1.28,14.71
Germany,2006,31.32,20.03,2.22,18.94
Germany,2007,40.51,21.17,3.08,24.62
Germany,2008,41.38,20.44,4.42,28.04
Germany,2009,39.42,19.03,6.58,30.91
Germany,2010,38.55,20.95,11.73,33.949997
Germany,2011,49.86,17.67,19.6,36.91
Germany,2012,51.68,21.75,26.38,43.23
Germany,2013,52.74,23.0,31.01,45.59
Germany,2014,58.5,19.59,36.06,48.39
Germany,2015,80.62,18.98,38.73,50.460003
Germany,2016,79.92,20.55,38.1,51.1
Germany,2017,105.69,20.15,39.4,51.079998
Germany,2018,109.95,17.69,43.46,50.97
Germany,2019,125.89,19.73,44.38,50.33
Germany,2020,132.1,18.72,49.5,51.16
Germany,2021,114.65,19.66,49.34,47.15
Germany,2022,126.1,17.45,58.98,47.54
Ghana,2000,0.0,6.54,0.0,0.0
Ghana,2001,0.0,6.54,0.0,0.01
Ghana,2002,0.0,4.99,0.0,0.01
Ghana,2003,0.0,3.85,0.0,0.01
Ghana,2004,0.0,5.23,0.0,0.0
Ghana,2005,0.0,5.57,0.0,0.01
Ghana,2006,0.0,5.56,0.0,0.01
Ghana,2007,0.0,3.69,0.0,0.01
Ghana,2008,0.0,6.13,0.0,0.01
Ghana,2009,0.0,6.81,0.0,0.01
Ghana,2010,0.0,6.93,0.0,0.02
Ghana,2011,0.0,7.49,0.0,0.02
Ghana,2012,0.0,7.99,0.0,0.01
Ghana,2013,0.0,8.15,0.0,0.02
Ghana,2014,0.0,8.3,0.0,0.02
Ghana,2015,0.0,5.79,0.0,0.02
Ghana,2016,0.0,5.51,0.03,0.02
Ghana,2017,0.0,5.62,0.03,0.02
Ghana,2018,0.0,6.02,0.03,0.02
Ghana,2019,0.0,7.25,0.05,0.02
Ghana,2020,0.0,7.29,0.06,0.03
Ghana,2021,0.0,7.21,0.06,0.03
Gibraltar,2000,0.0,0.0,0.0,
Gibraltar,2001,0.0,0.0,0.0,
Gibraltar,2002,0.0,0.0,0.0,
Gibraltar,2003,0.0,0.0,0.0,
Gibraltar,2004,0.0,0.0,0.0,
Gibraltar,2005,0.0,0.0,0.0,
Gibraltar,2006,0.0,0.0,0.0,
Gibraltar,2007,0.0,0.0,0.0,
Gibraltar,2008,0.0,0.0,0.0,
Gibraltar,2009,0.0,0.0,0.0,
Gibraltar,2010,0.0,0.0,0.0,
Gibraltar,2011,0.0,0.0,0.0,
Gibraltar,2012,0.0,0.0,0.0,
Gibraltar,2013,0.0,0.0,0.0,
Gibraltar,2014,0.0,0.0,0.0,
Gibraltar,2015,0.0,0.0,0.0,
Gibraltar,2016,0.0,0.0,0.0,
Gibraltar,2017,0.0,0.0,0.0,
Gibraltar,2018,0.0,0.0,0.0,
Gibraltar,2019,0.0,0.0,0.0,
Gibraltar,2020,0.0,0.0,0.0,
Gibraltar,2021,0.0,0.0,0.0,
Greece,1965,0.0,0.801,0.0,0.0
Greece,1966,0.0,1.73,0.0,0.0
Greece,1967,0.0,1.66,0.0,0.0
Greece,1968,0.0,1.368,0.0,0.0
Greece,1969,0.0,2.055,0.0,0.0
Greece,1970,0.0,2.636,0.0,0.0
Greece,1971,0.0,2.652,0.0,0.0
Greece,1972,0.0,2.677,0.0,0.0
Greece,1973,0.0,2.223,0.0,0.0
Greece,1974,0.0,2.347,0.0,0.0
Greece,1975,0.0,2.015,0.0,0.0
Greece,1976,0.0,1.879,0.0,0.0
Greece,1977,0.0,1.922,0.0,0.0
Greece,1978,0.0,2.988,0.0,0.0
Greece,1979,0.0,3.566,0.0,0.0
Greece,1980,0.0,3.405,0.0,0.0
Greece,1981,0.0,3.407,0.0,0.0
Greece,1982,0.0,3.561,0.0,0.0
Greece,1983,0.0,2.34,0.0,0.0
Greece,1984,0.0,2.862,0.0,0.0
Greece,1985,0.0,2.805,0.0,0.0
Greece,1986,0.0,3.235,0.0,0.0
Greece,1987,0.001,2.78,0.0,0.0
Greece,1988,0.001,2.366,0.0,0.0
Greece,1989,0.001,1.9,0.0,0.0
Greece,1990,0.0,1.77,0.0,0.0
Greece,1991,0.0,3.1,0.0,0.0
Greece,1992,0.01,2.2,0.0,0.0
Greece,1993,0.05,2.28,0.0,0.0
Greece,1994,0.04,2.6,0.0,0.0
Greece,1995,0.03,3.53,0.0,0.0
Greece,1996,0.04,4.35,0.0,0.0
Greece,1997,0.04,3.88,0.0,0.0
Greece,1998,0.07,3.72,0.0,0.0
Greece,1999,0.16,4.59,0.0,0.0
Greece,2000,0.45,3.69,0.0,0.0
Greece,2001,0.76,2.1,0.0,0.08
Greece,2002,0.65,2.8,0.0,0.13
Greece,2003,1.02,4.77,0.0,0.1
Greece,2004,1.12,4.67,0.0,0.12
Greece,2005,1.27,5.02,0.0,0.12
Greece,2006,1.7,5.86,0.0,0.11
Greece,2007,1.82,2.59,0.0,0.18
Greece,2008,2.24,3.31,0.01,0.19
Greece,2009,2.54,5.35,0.05,0.22
Greece,2010,2.71,7.47,0.16,0.19
Greece,2011,3.32,4.01,0.61,0.21
Greece,2012,3.85,4.39,1.69,0.2
Greece,2013,4.14,6.35,3.65,0.22
Greece,2014,3.69,4.48,3.79,0.22
Greece,2015,4.62,6.1,3.9,0.23
Greece,2016,5.15,5.54,3.93,0.27
Greece,2017,5.54,3.96,3.99,0.31
Greece,2018,6.3,5.74,3.79,0.31
Greece,2019,7.27,4.0,4.43,0.4
Greece,2020,9.31,3.34,4.45,0.45
Greece,2021,10.48,5.9,5.25,0.5
Greece,2022,10.86,4.73,6.62,0.5
Greenland,2000,0.0,0.17,0.0,0.0
Greenland,2001,0.0,0.16,0.0,0.0
Greenland,2002,0.0,0.18,0.0,0.0
Greenland,2003,0.0,0.18,0.0,0.0
Greenland,2004,0.0,0.19,0.0,0.0
Greenland,2005,0.0,0.2,0.0,0.0
Greenland,2006,0.0,0.2,0.0,0.0
Greenland,2007,0.0,0.2,0.0,0.0
Greenland,2008,0.0,0.2,0.0,0.0
Greenland,2009,0.0,0.26,0.0,0.0
Greenland,2010,0.0,0.29,0.0,0.0
Greenland,2011,0.0,0.34,0.0,0.0
Greenland,2012,0.0,0.34,0.0,0.0
Greenland,2013,0.0,0.37,0.0,0.0
Greenland,2014,0.0,0.39,0.0,0.0
Greenland,2015,0.0,0.42,0.0,0.0
Greenland,2016,0.0,0.4,0.0,0.0
Greenland,2017,0.0,0.38,0.0,0.0
Greenland,2018,0.0,0.41,0.0,0.0
Greenland,2019,0.0,0.4,0.0,0.0
Greenland,2020,0.0,0.5,0.0,0.0
Greenland,2021,0.0,0.5,0.0,0.0
Grenada,2000,0.0,0.0,0.0,0.0
Grenada,2001,0.0,0.0,0.0,0.0
Grenada,2002,0.0,0.0,0.0,0.0
Grenada,2003,0.0,0.0,0.0,0.0
Grenada,2004,0.0,0.0,0.0,0.0
Grenada,2005,0.0,0.0,0.0,0.0
Grenada,2006,0.0,0.0,0.0,0.0
Grenada,2007,0.0,0.0,0.0,0.0
Grenada,2008,0.0,0.0,0.0,0.0
Grenada,2009,0.0,0.0,0.0,0.0
Grenada,2010,0.0,0.0,0.0,0.0
Grenada,2011,0.0,0.0,0.0,0.0
Grenada,2012,0.0,0.0,0.0,0.0
Grenada,2013,0.0,0.0,0.0,0.0
Grenada,2014,0.0,0.0,0.0,0.0
Grenada,2015,0.0,0.0,0.0,0.0
Grenada,2016,0.0,0.0,0.0,0.0
Grenada,2017,0.0,0.0,0.0,0.0
Grenada,2018,0.0,0.0,0.0,0.0
Grenada,2019,0.0,0.0,0.0,0.0
Grenada,2020,0.0,0.0,0.0,0.0
Grenada,2021,0.0,0.0,0.0,0.0
Guadeloupe,2000,0.02,0.0,0.0,0.42
Guadeloupe,2001,0.02,0.0,0.0,0.42
Guadeloupe,2002,0.03,0.0,0.0,0.4
Guadeloupe,2003,0.05,0.0,0.0,0.47
Guadeloupe,2004,0.05,0.0,0.0,0.55
Guadeloupe,2005,0.05,0.0,0.0,0.55
Guadeloupe,2006,0.05,0.0,0.0,0.58
Guadeloupe,2007,0.05,0.0,0.0,0.6
Guadeloupe,2008,0.05,0.0,0.0,0.59000003
Guadeloupe,2009,0.05,0.0,0.0,0.59000003
Guadeloupe,2010,0.04,0.0,0.02,0.59000003
Guadeloupe,2011,0.05,0.0,0.03,0.45
Guam,2000,0.0,0.0,0.0,0.0
Guam,2001,0.0,0.0,0.0,0.0
Guam,2002,0.0,0.0,0.0,0.0
Guam,2003,0.0,0.0,0.0,0.0
Guam,2004,0.0,0.0,0.0,0.0
Guam,2005,0.0,0.0,0.0,0.0
Guam,2006,0.0,0.0,0.0,0.0
Guam,2007,0.0,0.0,0.0,0.0
Guam,2008,0.0,0.0,0.0,0.0
Guam,2009,0.0,0.0,0.0,0.0
Guam,2010,0.0,0.0,0.0,0.0
Guam,2011,0.0,0.0,0.0,0.0
Guam,2012,0.0,0.0,0.0,0.0
Guam,2013,0.0,0.0,0.0,0.0
Guam,2014,0.0,0.0,0.0,0.0
Guam,2015,0.0,0.0,0.03,0.0
Guam,2016,0.0,0.0,0.07,0.0
Guam,2017,0.0,0.0,0.06,0.0
Guam,2018,0.0,0.0,0.07,0.0
Guam,2019,0.0,0.0,0.07,0.0
Guam,2020,0.0,0.0,0.07,0.0
Guam,2021,0.0,0.0,0.08,0.0
Guatemala,2000,0.0,2.5,0.0,0.69
Guatemala,2001,0.0,2.18,0.0,0.82
Guatemala,2002,0.0,1.93,0.0,0.86
Guatemala,2003,0.0,2.65,0.0,0.9
Guatemala,2004,0.0,2.54,0.0,0.75
Guatemala,2005,0.0,2.91,0.0,1.08
Guatemala,2006,0.0,3.27,0.0,1.3399999
Guatemala,2007,0.0,3.0,0.0,1.58
Guatemala,2008,0.0,3.64,0.0,1.41
Guatemala,2009,0.0,2.91,0.0,1.5899999
Guatemala,2010,0.0,3.81,0.0,1.22
Guatemala,2011,0.0,4.13,0.0,1.13
Guatemala,2012,0.0,4.46,0.0,1.48
Guatemala,2013,0.0,4.65,0.0,1.7900001
Guatemala,2014,0.0,4.84,0.01,2.05
Guatemala,2015,0.11,3.87,0.16,2.72
Guatemala,2016,0.22,3.99,0.19,2.8799999
Guatemala,2017,0.22,5.81,0.2,2.6599998
Guatemala,2018,0.32,5.31,0.2,3.37
Guatemala,2019,0.33,4.47,0.23,3.44
Guatemala,2020,0.31,5.78,0.22,2.84
Guatemala,2021,0.32,5.92,0.23,3.1399999
Guinea,2000,0.0,0.41,0.0,0.0
Guinea,2001,0.0,0.55,0.0,0.0
Guinea,2002,0.0,0.59,0.0,0.0
Guinea,2003,0.0,0.4,0.0,0.0
Guinea,2004,0.0,0.55,0.0,0.0
Guinea,2005,0.0,0.49,0.0,0.0
Guinea,2006,0.0,0.46,0.0,0.0
Guinea,2007,0.0,0.53,0.0,0.0
Guinea,2008,0.0,0.52,0.0,0.0
Guinea,2009,0.0,0.52,0.0,0.0
Guinea,2010,0.0,0.48,0.0,0.0
Guinea,2011,0.0,0.41,0.0,0.0
Guinea,2012,0.0,0.49,0.0,0.0
Guinea,2013,0.0,0.48,0.0,0.0
Guinea,2014,0.0,0.42,0.0,0.0
Guinea,2015,0.0,0.88,0.02,0.0
Guinea,2016,0.0,1.08,0.02,0.0
Guinea,2017,0.0,1.21,0.02,0.0
Guinea,2018,0.0,0.74,0.02,0.0
Guinea,2019,0.0,1.29,0.02,0.0
Guinea,2020,0.0,2.47,0.02,0.0
Guinea,2021,0.0,2.0,0.02,0.0
Guinea-Bissau,2000,0.0,0.0,0.0,0.0
Guinea-Bissau,2001,0.0,0.0,0.0,0.0
Guinea-Bissau,2002,0.0,0.0,0.0,0.0
Guinea-Bissau,2003,0.0,0.0,0.0,0.0
Guinea-Bissau,2004,0.0,0.0,0.0,0.0
Guinea-Bissau,2005,0.0,0.0,0.0,0.0
Guinea-Bissau,2006,0.0,0.0,0.0,0.0
Guinea-Bissau,2007,0.0,0.0,0.0,0.0
Guinea-Bissau,2008,0.0,0.0,0.0,0.0
Guinea-Bissau,2009,0.0,0.0,0.0,0.0
Guinea-Bissau,2010,0.0,0.0,0.0,0.0
Guinea-Bissau,2011,0.0,0.0,0.0,0.0
Guinea-Bissau,2012,0.0,0.0,0.0,0.0
Guinea-Bissau,2013,0.0,0.0,0.0,0.0
Guinea-Bissau,2014,0.0,0.0,0.0,0.0
Guinea-Bissau,2015,0.0,0.0,0.0,0.0
Guinea-Bissau,2016,0.0,0.0,0.0,0.0
Guinea-Bissau,2017,0.0,0.0,0.0,0.0
Guinea-Bissau,2018,0.0,0.0,0.0,0.0
Guinea-Bissau,2019,0.0,0.0,0.0,0.0
Guinea-Bissau,2020,0.0,0.0,0.0,0.0
Guinea-Bissau,2021,0.0,0.0,0.0,0.0
Guyana,2000,0.0,0.0,0.0,0.06
Guyana,2001,0.0,0.0,0.0,0.06
Guyana,2002,0.0,0.0,0.0,0.06
Guyana,2003,0.0,0.0,0.0,0.05
Guyana,2004,0.0,0.0,0.0,0.06
Guyana,2005,0.0,0.0,0.0,0.05
Guyana,2006,0.0,0.0,0.0,0.05
Guyana,2007,0.0,0.0,0.0,0.05
Guyana,2008,0.0,0.0,0.0,0.05
Guyana,2009,0.0,0.0,0.0,0.11
Guyana,2010,0.0,0.0,0.0,0.13
Guyana,2011,0.0,0.0,0.0,0.14
Guyana,2012,0.0,0.0,0.0,0.14
Guyana,2013,0.0,0.0,0.0,0.14
Guyana,2014,0.0,0.0,0.0,0.15
Guyana,2015,0.0,0.0,0.0,0.16
Guyana,2016,0.0,0.0,0.0,0.15
Guyana,2017,0.0,0.0,0.0,0.15
Guyana,2018,0.0,0.0,0.01,0.15
Guyana,2019,0.0,0.0,0.01,0.15
Guyana,2020,0.0,0.0,0.01,0.14
Guyana,2021,0.0,0.0,0.01,0.15
Haiti,2000,0.0,0.28,0.0,0.0
Haiti,2001,0.0,0.28,0.0,0.0
Haiti,2002,0.0,0.26,0.0,0.0
Haiti,2003,0.0,0.25,0.0,0.0
Haiti,2004,0.0,0.26,0.0,0.0
Haiti,2005,0.0,0.26,0.0,0.0
Haiti,2006,0.0,0.27,0.0,0.0
Haiti,2007,0.0,0.15,0.0,0.0
Haiti,2008,0.0,0.18,0.0,0.0
Haiti,2009,0.0,0.2,0.0,0.0
Haiti,2010,0.0,0.17,0.0,0.0
Haiti,2011,0.0,0.12,0.0,0.0
Haiti,2012,0.0,0.22,0.0,0.0
Haiti,2013,0.0,0.14,0.0,0.0
Haiti,2014,0.0,0.09,0.0,0.0
Haiti,2015,0.0,0.08,0.0,0.0
Haiti,2016,0.0,0.07,0.0,0.0
Haiti,2017,0.0,0.13,0.0,0.0
Haiti,2018,0.0,0.2,0.0,0.0
Haiti,2019,0.0,0.17,0.0,0.0
Haiti,2020,0.0,0.11,0.0,0.0
Haiti,2021,0.0,0.13,0.0,0.0
Honduras,2000,0.0,2.24,0.0,0.0
Honduras,2001,0.0,1.88,0.0,0.01
Honduras,2002,0.0,1.6,0.0,0.03
Honduras,2003,0.0,1.72,0.0,0.09
Honduras,2004,0.0,1.39,0.0,0.15
Honduras,2005,0.0,1.7,0.0,0.22
Honduras,2006,0.0,2.05,0.0,0.21
Honduras,2007,0.0,2.19,0.0,0.25
Honduras,2008,0.0,2.27,0.0,0.31
Honduras,2009,0.0,2.77,0.0,0.3
Honduras,2010,0.0,3.05,0.0,0.29
Honduras,2011,0.12,2.79,0.0,0.49
Honduras,2012,0.34,2.76,0.01,0.44
Honduras,2013,0.31,2.71,0.01,0.55
Honduras,2014,0.4,2.58,0.01,0.63
Honduras,2015,0.67,2.32,0.43,0.87
Honduras,2016,0.58,2.33,0.89,1.0
Honduras,2017,0.58,2.97,0.93,0.96000004
Honduras,2018,0.93,3.15,1.0,1.05
Honduras,2019,0.82,2.43,1.12,1.3599999
Honduras,2020,0.71,2.7,1.05,1.3900001
Honduras,2021,0.8,2.7,1.28,1.45
Hong Kong,1965,0.0,0.0,0.0,0.0
Hong Kong,1966,0.0,0.0,0.0,0.0
Hong Kong,1967,0.0,0.0,0.0,0.0
Hong Kong,1968,0.0,0.0,0.0,0.0
Hong Kong,1969,0.0,0.0,0.0,0.0
Hong Kong,1970,0.0,0.0,0.0,0.0
Hong Kong,1971,0.0,0.0,0.0,0.0
Hong Kong,1972,0.0,0.0,0.0,0.0
Hong Kong,1973,0.0,0.0,0.0,0.0
Hong Kong,1974,0.0,0.0,0.0,0.0
Hong Kong,1975,0.0,0.0,0.0,0.0
Hong Kong,1976,0.0,0.0,0.0,0.0
Hong Kong,1977,0.0,0.0,0.0,0.0
Hong Kong,1978,0.0,0.0,0.0,0.0
Hong Kong,1979,0.0,0.0,0.0,0.0
Hong Kong,1980,0.0,0.0,0.0,0.0
Hong Kong,1981,0.0,0.0,0.0,0.0
Hong Kong,1982,0.0,0.0,0.0,0.0
Hong Kong,1983,0.0,0.0,0.0,0.0
Hong Kong,1984,0.0,0.0,0.0,0.0
Hong Kong,1985,0.0,0.0,0.0,0.0
Hong Kong,1986,0.0,0.0,0.0,0.0
Hong Kong,1987,0.0,0.0,0.0,0.0
Hong Kong,1988,0.0,0.0,0.0,0.0
Hong Kong,1989,0.0,0.0,0.0,0.0
Hong Kong,1990,0.0,0.0,0.0,0.0
Hong Kong,1991,0.0,0.0,0.0,0.0
Hong Kong,1992,0.0,0.0,0.0,0.0
Hong Kong,1993,0.0,0.0,0.0,0.0
Hong Kong,1994,0.0,0.0,0.0,0.0
Hong Kong,1995,0.0,0.0,0.0,0.0
Hong Kong,1996,0.0,0.0,0.0,0.0
Hong Kong,1997,0.0,0.0,0.0,0.0
Hong Kong,1998,0.0,0.0,0.0,0.0
Hong Kong,1999,0.0,0.0,0.0,0.0
Hong Kong,2000,0.0,0.0,0.0,0.0
Hong Kong,2001,0.0,0.0,0.0,0.0
Hong Kong,2002,0.0,0.0,0.0,0.0
Hong Kong,2003,0.0,0.0,0.0,0.0
Hong Kong,2004,0.0,0.0,0.0,0.0
Hong Kong,2005,0.0,0.0,0.0,0.0
Hong Kong,2006,0.0,0.0,0.0,0.0
Hong Kong,2007,0.0,0.0,0.0,0.0
Hong Kong,2008,0.0,0.0,0.0,0.0
Hong Kong,2009,0.0,0.0,0.0,0.0
Hong Kong,2010,0.0,0.0,0.0,0.0
Hong Kong,2011,0.0,0.0,0.0,0.0
Hong Kong,2012,0.0,0.0,0.0,0.0
Hong Kong,2013,0.0,0.0,0.0,0.0
Hong Kong,2014,0.0,0.0,0.0,0.0
Hong Kong,2015,0.0,0.0,0.0,0.0
Hong Kong,2016,0.0,0.0,0.0,0.0
Hong Kong,2017,0.0,0.0,0.01,0.0
Hong Kong,2018,0.0,0.0,0.01,0.0
Hong Kong,2019,0.0,0.0,0.02,0.0
Hong Kong,2020,0.0,0.0,0.02,0.0
Hong Kong,2021,0.0,0.0,0.02,0.0
Hungary,1965,0.0,0.075,0.0,0.0
Hungary,1966,0.0,0.1,0.0,0.0
Hungary,1967,0.0,0.082,0.0,0.0
Hungary,1968,0.0,0.089,0.0,0.0
Hungary,1969,0.0,0.095,0.0,0.0
Hungary,1970,0.0,0.088,0.0,0.0
Hungary,1971,0.0,0.096,0.0,0.0
Hungary,1972,0.0,0.11,0.0,0.0
Hungary,1973,0.0,0.101,0.0,0.0
Hungary,1974,0.0,0.081,0.0,0.0
Hungary,1975,0.0,0.163,0.0,0.0
Hungary,1976,0.0,0.165,0.0,0.0
Hungary,1977,0.0,0.149,0.0,0.0
Hungary,1978,0.0,0.138,0.0,0.0
Hungary,1979,0.0,0.146,0.0,0.0
Hungary,1980,0.0,0.112,0.0,0.0
Hungary,1981,0.0,0.168,0.0,0.0
Hungary,1982,0.0,0.159,0.0,0.0
Hungary,1983,0.0,0.155,0.0,0.0
Hungary,1984,0.0,0.181,0.0,0.0
Hungary,1985,0.0,0.155,0.0,0.0
Hungary,1986,0.0,0.154,0.0,0.0
Hungary,1987,0.0,0.169,0.0,0.0
Hungary,1988,0.0,0.169,0.0,0.0
Hungary,1989,0.0,0.158,0.0,0.0
Hungary,1990,0.0,0.18,0.0,0.02
Hungary,1991,0.0,0.19,0.0,0.02
Hungary,1992,0.0,0.16,0.0,0.05
Hungary,1993,0.0,0.17,0.0,0.04
Hungary,1994,0.0,0.16,0.0,0.05
Hungary,1995,0.0,0.16,0.0,0.06
Hungary,1996,0.0,0.21,0.0,0.05
Hungary,1997,0.0,0.22,0.0,0.05
Hungary,1998,0.0,0.16,0.0,0.06
Hungary,1999,0.0,0.18,0.0,0.06
Hungary,2000,0.0,0.18,0.0,0.06
Hungary,2001,0.0,0.19,0.0,0.07
Hungary,2002,0.0,0.19,0.0,0.04
Hungary,2003,0.0,0.17,0.0,0.16
Hungary,2004,0.01,0.2,0.0,0.73
Hungary,2005,0.01,0.2,0.0,1.66
Hungary,2006,0.04,0.19,0.0,1.26
Hungary,2007,0.11,0.21,0.0,1.56
Hungary,2008,0.2,0.21,0.0,1.94
Hungary,2009,0.33,0.23,0.0,2.33
Hungary,2010,0.53,0.19,0.0,2.3
Hungary,2011,0.63,0.22,0.0,1.86
Hungary,2012,0.77,0.21,0.01,1.65
Hungary,2013,0.72,0.21,0.02,1.83
Hungary,2014,0.66,0.3,0.07,2.13
Hungary,2015,0.69,0.23,0.14,2.16
Hungary,2016,0.68,0.26,0.24,2.07
Hungary,2017,0.76,0.22,0.35,2.15
Hungary,2018,0.61,0.22,0.63,2.31
Hungary,2019,0.73,0.22,1.5,2.25
Hungary,2020,0.65,0.24,2.46,2.17
Hungary,2021,0.66,0.21,3.8,2.24
Hungary,2022,0.61,0.19,4.47,2.26
Iceland,1965,0.0,0.6407,0.0,0.0
Iceland,1966,0.0,0.6239,0.0,0.0
Iceland,1967,0.0,0.6645,0.0,0.0
Iceland,1968,0.0,0.6869,0.0,0.0
Iceland,1969,0.0,0.8601,0.0,0.001904
Iceland,1970,0.0,1.4129,0.0,0.012091
Iceland,1971,0.0,1.5396,0.0,0.012033
Iceland,1972,0.0,1.7026,0.0,0.021664
Iceland,1973,0.0,2.181,0.0,0.0242
Iceland,1974,0.0,2.2582,0.0,0.005751
Iceland,1975,0.0,2.2056,0.0,0.018347
Iceland,1976,0.0,2.3495,0.0,0.019012
Iceland,1977,0.0,2.5197,0.0,0.016126
Iceland,1978,0.0,2.605,0.0,0.018285
Iceland,1979,0.0,2.8191,0.0,0.04563
Iceland,1980,0.0,3.0532,0.0,0.044672
Iceland,1981,0.0,3.0845,0.0,0.123133
Iceland,1982,0.0,3.4071,0.0,0.158968
Iceland,1983,0.0,3.5879,0.0,0.171714
Iceland,1984,0.0,3.7379,0.0,0.173233
Iceland,1985,0.0,3.6629,0.0,0.171233
Iceland,1986,0.0,3.8418,0.0,0.212339
Iceland,1987,0.0,3.914,0.0,0.234136
Iceland,1988,0.0,4.164,0.0,0.245608
Iceland,1989,0.0,4.2132,0.0,0.257508
Iceland,1990,0.0,4.2,0.0,0.3
Iceland,1991,0.0,4.2,0.0,0.28
Iceland,1992,0.0,4.31,0.0,0.23
Iceland,1993,0.0,4.47,0.0,0.26
Iceland,1994,0.0,4.51,0.0,0.26
Iceland,1995,0.0,4.68,0.0,0.29
Iceland,1996,0.0,4.77,0.0,0.35
Iceland,1997,0.0,5.21,0.0,0.38
Iceland,1998,0.0,5.62,0.0,0.65
Iceland,1999,0.0,6.05,0.0,1.14
Iceland,2000,0.0,6.36,0.0,1.32
Iceland,2001,0.0,6.58,0.0,1.45
Iceland,2002,0.0,6.98,0.0,1.43
Iceland,2003,0.0,7.09,0.0,1.41
Iceland,2004,0.0,7.13,0.0,1.48
Iceland,2005,0.0,7.02,0.0,1.66
Iceland,2006,0.0,7.29,0.0,2.63
Iceland,2007,0.0,8.39,0.0,3.58
Iceland,2008,0.0,12.43,0.0,4.04
Iceland,2009,0.0,12.28,0.0,4.55
Iceland,2010,0.0,12.59,0.0,4.47
Iceland,2011,0.0,12.51,0.0,4.7
Iceland,2012,0.0,12.34,0.0,5.21
Iceland,2013,0.0,12.86,0.0,5.25
Iceland,2014,0.01,12.87,0.0,5.24
Iceland,2015,0.01,13.78,0.0,5.0
Iceland,2016,0.01,13.47,0.0,5.07
Iceland,2017,0.01,14.06,0.0,5.17
Iceland,2018,0.0,13.81,0.0,6.01
Iceland,2019,0.01,13.46,0.0,6.02
Iceland,2020,0.01,13.16,0.0,5.96
Iceland,2021,0.006083361,13.824003,0.0,5.787858
India,1965,0.0,19.166937,0.0,0.0
India,1966,0.0,20.015463,0.0,0.0
India,1967,0.0,22.39752,0.0,0.0
India,1968,0.0,25.849072,0.0,0.0
India,1969,0.0,28.699583,0.0,0.0
India,1970,0.0,30.436407,0.0,0.0
India,1971,0.0,33.384148,0.0,0.0
India,1972,0.0,32.40304,0.0,0.0
India,1973,0.0,34.506676,0.0,0.0
India,1974,0.0,33.202953,0.0,0.0
India,1975,0.0,39.668533,0.0,0.0
India,1976,0.0,41.498165,0.0,0.0
India,1977,0.0,45.276752,0.0,0.0
India,1978,0.0,56.17499,0.0,0.0
India,1979,0.0,54.168587,0.0,0.0
India,1980,0.0,55.441372,0.0,0.0
India,1981,0.0,59.08296,0.0,0.0
India,1982,0.0,49.859673,0.0,0.0
India,1983,0.0,48.043297,0.0,0.0
India,1984,0.0,53.682453,0.0,0.0
India,1985,0.0,51.813046,0.0,0.0
India,1986,0.0,52.568764,0.0,0.0
India,1987,0.0,48.962532,0.0,0.0
India,1988,0.0,54.614944,0.0,0.0
India,1989,0.0,63.369778,0.0,0.0
India,1990,0.03030303,66.397064,0.0,0.037586335
India,1991,0.11291,73.918884,0.0,0.09507132
India,1992,0.08847,70.060745,0.0,0.11939189
India,1993,0.09477,70.7325,0.0,0.25204954
India,1994,0.19128,80.21211,0.0,0.3802853
India,1995,0.49647,75.920876,0.001010101,0.56379503
India,1996,0.87838,69.05754,0.006060606,0.75614864
India,1997,0.988,70.211006,0.006060606,0.9816667
India,1998,1.079,83.63273,0.006060606,1.2925278
India,1999,1.446,82.24945,0.006060606,1.6860788
India,2000,1.58,76.99,0.01,1.6860788
India,2001,2.09,72.02,0.01,2.06915
India,2002,2.09,68.54,0.01,2.1399007
India,2003,2.6,69.3,0.02,2.7125397
India,2004,5.23,100.64,0.02,3.3143632
India,2005,5.99,97.42,0.02,4.035136
India,2006,9.34,112.62,0.01,5.587
India,2007,11.68,122.61,0.06,7.403
India,2008,14.38,115.17,0.06,9.302
India,2009,16.27,106.34,0.08,11.642
India,2010,19.46,108.74,0.11,14.295
India,2011,23.95,131.7,0.83,17.137
India,2012,27.43,115.78,2.1,19.936
India,2013,30.01,131.98,3.43,22.478
India,2014,33.45,139.0,4.91,24.676
India,2015,32.74,133.28,6.57,30.617342
India,2016,43.45,128.38,11.56,24.816965
India,2017,52.63,135.82,21.54,24.908186
India,2018,60.31,139.75,36.33,27.22409
India,2019,63.31,162.07,46.27,31.511576
India,2020,60.43,163.71,58.68,32.93788
India,2021,68.09,160.33,68.31,35.473618
Indonesia,1965,0.0,1.8252122,0.0,0.0
Indonesia,1966,0.0,2.3732178,0.0,0.0
Indonesia,1967,0.0,2.6648982,0.0,0.0
Indonesia,1968,0.0,3.292453,0.0,0.0
Indonesia,1969,0.0,3.4427125,0.0,0.0
Indonesia,1970,0.0,4.1851716,0.0,0.0
Indonesia,1971,0.0,1.3788528,0.0,0.0
Indonesia,1972,0.0,1.2330126,0.0,0.0
Indonesia,1973,0.0,1.5556288,0.0,0.0
Indonesia,1974,0.0,1.723566,0.0,0.0
Indonesia,1975,0.0,1.8075346,0.0,0.0
Indonesia,1976,0.0,1.060656,0.0,0.0
Indonesia,1977,0.0,1.7633406,0.0,0.0
Indonesia,1978,0.0,1.259529,0.0,0.0
Indonesia,1979,0.0,1.4009498,0.0,0.0
Indonesia,1980,0.0,1.2683678,0.0,0.0
Indonesia,1981,0.0,1.2639484,0.0,0.0
Indonesia,1982,0.0,1.3788528,0.0,0.0
Indonesia,1983,0.0,2.0726986,0.0,0.0
Indonesia,1984,0.0,2.2627327,0.0,0.0
Indonesia,1985,0.0,2.7665443,0.0,0.0
Indonesia,1986,0.0,4.4547553,0.0,0.0
Indonesia,1987,0.0,4.5829177,0.0,0.0
Indonesia,1988,0.0,5.0336967,0.0,0.0
Indonesia,1989,0.0,6.2799673,0.0,0.0
Indonesia,1990,0.0,6.49244,0.0,1.12742
Indonesia,1991,0.0,7.40917,0.0,1.05146
Indonesia,1992,0.0,9.64548,0.0,1.08574
Indonesia,1993,0.0,8.89108,0.0,1.09197
Indonesia,1994,0.0,7.98294,0.0,1.60391
Indonesia,1995,0.0,8.29314,0.0,2.21253
Indonesia,1996,0.0,8.82437,0.0,2.34287
Indonesia,1997,0.0,5.86562,0.0,2.72838
Indonesia,1998,0.0,10.3635,0.0,3.2865
Indonesia,1999,0.0,10.37978,0.0,3.94073
Indonesia,2000,0.0,10.02,0.0,9.58
Indonesia,2001,0.0,11.65,0.0,10.54
Indonesia,2002,0.0,9.93,0.0,11.07
Indonesia,2003,0.0,9.1,0.0,10.72
Indonesia,2004,0.0,9.67,0.0,11.3
Indonesia,2005,0.0,10.73,0.0,11.93
Indonesia,2006,0.0,9.62,0.0,11.559999
Indonesia,2007,0.0,11.29,0.0,13.0
Indonesia,2008,0.0,11.53,0.0,14.81
Indonesia,2009,0.0,11.38,0.0,15.41
Indonesia,2010,0.0,17.46,0.0,17.17
Indonesia,2011,0.0,12.42,0.0,18.04
Indonesia,2012,0.0,12.8,0.0,18.31
Indonesia,2013,0.0,16.92,0.01,18.57
Indonesia,2014,0.0,15.16,0.01,19.240002
Indonesia,2015,0.0,13.74,0.01,19.810001
Indonesia,2016,0.01,18.68,0.02,20.869999
Indonesia,2017,0.0,18.63,0.03,24.51
Indonesia,2018,0.19,21.64,0.09,26.46
Indonesia,2019,0.48,21.16,0.12,26.279999
Indonesia,2020,0.47,24.33,0.17,27.939999
Indonesia,2021,0.44,24.7,0.19,30.89
Iran,1965,0.0,1.7191466,0.0,0.0
Iran,1966,0.0,1.8473092,0.0,0.0
Iran,1967,0.0,1.98873,0.0,0.0
Iran,1968,0.0,2.1389897,0.0,0.0
Iran,1969,0.0,2.3025074,0.0,0.0
Iran,1970,0.0,2.4792833,0.0,0.0
Iran,1971,0.0,2.6648982,0.0,0.0
Iran,1972,0.0,3.5001647,0.0,0.0
Iran,1973,0.0,2.9654174,0.0,0.0
Iran,1974,0.0,3.2659366,0.0,0.0
Iran,1975,0.0,3.4294543,0.0,0.0
Iran,1976,0.0,3.8360393,0.0,0.0
Iran,1977,0.0,3.9642017,0.0,0.0
Iran,1978,0.0,6.209257,0.0,0.0
Iran,1979,0.0,5.382829,0.0,0.0
Iran,1980,0.0,5.581702,0.0,0.0
Iran,1981,0.0,6.0943527,0.0,0.0
Iran,1982,0.0,6.3948717,0.0,0.0
Iran,1983,0.0,6.25787,0.0,0.0
Iran,1984,0.0,5.8512855,0.0,0.0
Iran,1985,0.0,5.899,0.0,0.0
Iran,1986,0.0,7.05,0.0,0.0
Iran,1987,0.0,7.816,0.0,0.0
Iran,1988,0.0,8.246,0.0,0.0
Iran,1989,0.0,6.732,0.0,0.0
Iran,1990,0.0,7.381,0.0,0.0
Iran,1991,0.0,5.607,0.0,0.0
Iran,1992,0.0,9.204,0.0,0.0
Iran,1993,0.0,10.533,0.0,0.0
Iran,1994,0.0,6.896,0.0,0.0
Iran,1995,0.0,8.323,0.0,0.0
Iran,1996,0.0,8.814,0.0,0.0
Iran,1997,0.0,5.941,0.0,0.0
Iran,1998,0.0,7.488,0.0,0.0
Iran,1999,0.035,5.143,0.0,0.0
Iran,2000,0.04,3.78,0.0,0.0
Iran,2001,0.03,4.12,0.0,0.0
Iran,2002,0.03,8.01,0.0,0.0
Iran,2003,0.03,9.59,0.0,0.0
Iran,2004,0.05,11.93,0.0,0.0
Iran,2005,0.07,14.45,0.0,0.0
Iran,2006,0.13,18.51,0.0,0.0
Iran,2007,0.14,17.96,0.0,0.0
Iran,2008,0.2,7.44,0.0,0.0
Iran,2009,0.23,6.72,0.0,0.0017
Iran,2010,0.17,10.25,0.0,0.0102
Iran,2011,0.21,10.68,0.0,0.022
Iran,2012,0.28,12.5,0.0,0.0226
Iran,2013,0.22,14.62,0.0,0.0193
Iran,2014,0.2,14.5,0.0,0.0466
Iran,2015,0.14,13.25,0.0,0.0163
Iran,2016,0.16,15.42,0.0,0.0218
Iran,2017,0.32,17.23,0.09,0.02444
Iran,2018,0.75,9.84,0.22,0.02444
Iran,2019,0.72,33.87,0.51,0.010686
Iran,2020,1.13,23.2,0.64,0.010715277
Iran,2021,1.13,14.88,0.67,0.010686
Iraq,1965,0.0,0.0707104,0.0,0.0
Iraq,1966,0.0,0.0928074,0.0,0.0
Iraq,1967,0.0,0.1060656,0.0,0.0
Iraq,1968,0.0,0.1281626,0.0,0.0
Iraq,1969,0.0,0.1414208,0.0,0.0
Iraq,1970,0.0,0.1723566,0.0,0.0
Iraq,1971,0.0,0.2,0.0,0.0
Iraq,1972,0.0,0.2,0.0,0.0
Iraq,1973,0.0,0.29,0.0,0.0
Iraq,1974,0.0,0.4,0.0,0.0
Iraq,1975,0.0,0.461,0.0,0.0
Iraq,1976,0.0,0.459,0.0,0.0
Iraq,1977,0.0,0.566,0.0,0.0
Iraq,1978,0.0,0.708,0.0,0.0
Iraq,1979,0.0,1.032,0.0,0.0
Iraq,1980,0.0,0.69,0.0,0.0
Iraq,1981,0.0,0.61,0.0,0.0
Iraq,1982,0.0,0.6,0.0,0.0
Iraq,1983,0.0,0.6,0.0,0.0
Iraq,1984,0.0,0.61,0.0,0.0
Iraq,1985,0.0,0.61,0.0,0.0
Iraq,1986,0.0,0.6,0.0,0.0
Iraq,1987,0.0,2.6,0.0,0.0
Iraq,1988,0.0,2.6,0.0,0.0
Iraq,1989,0.0,2.6,0.0,0.0
Iraq,1990,0.0,4.650264,0.0,0.0
Iraq,1991,0.0,2.145184,0.0,0.0
Iraq,1992,0.0,5.219066,0.0,0.0
Iraq,1993,0.0,6.161732,0.0,0.0
Iraq,1994,0.0,6.247761,0.0,0.0
Iraq,1995,0.0,7.119707,0.0,0.0
Iraq,1996,0.0,6.489375,0.0,0.0
Iraq,1997,0.0,6.608055,0.0,0.0
Iraq,1998,0.0,6.19756,0.0,0.0
Iraq,1999,0.0,3.55905,0.0,0.0
Iraq,2000,0.0,0.61,0.0,0.0
Iraq,2001,0.0,0.61,0.0,0.0
Iraq,2002,0.0,0.51,0.0,0.0
Iraq,2003,0.0,0.43,0.0,0.0
Iraq,2004,0.0,0.49,0.0,0.0
Iraq,2005,0.0,5.94,0.0,0.0
Iraq,2006,0.0,6.04,0.0,0.0
Iraq,2007,0.0,5.68,0.0,0.0
Iraq,2008,0.0,3.45,0.0,0.0
Iraq,2009,0.0,3.19,0.0,0.0
Iraq,2010,0.0,4.72,0.0,0.0
Iraq,2011,0.0,3.36,0.0,0.0
Iraq,2012,0.0,4.35,0.0,0.0
Iraq,2013,0.0,4.71,0.05,0.0
Iraq,2014,0.0,2.9,0.06,0.0
Iraq,2015,0.0,2.52,0.06,0.0
Iraq,2016,0.0,3.34,0.06,0.0
Iraq,2017,0.0,2.15,0.06,0.0
Iraq,2018,0.0,1.8,0.38,0.0
Iraq,2019,0.0,4.96,0.38,0.0
Iraq,2020,0.0,4.92,0.38,0.0
Iraq,2021,0.0,4.9,0.38,0.0
Ireland,1965,0.0,0.94203,0.0,0.0
Ireland,1966,0.0,0.84899,0.0,0.0
Ireland,1967,0.0,0.80247,0.0,0.0
Ireland,1968,0.0,0.76758,0.0,0.0
Ireland,1969,0.0,0.5815,0.0,0.0
Ireland,1970,0.0,0.80247,0.0,0.0
Ireland,1971,0.0,0.4652,0.0,0.0
Ireland,1972,0.0,0.68617,0.0,0.0
Ireland,1973,0.0,0.63965,0.0,0.0
Ireland,1974,0.0,0.79084,0.0,0.0
Ireland,1975,0.0,0.52335,0.0,0.0
Ireland,1976,0.0,0.59313,0.0,0.0
Ireland,1977,0.0,0.74432,0.0,0.0
Ireland,1978,0.0,0.6978,0.0,0.0
Ireland,1979,0.0,0.82573,0.0,0.0
Ireland,1980,0.0,0.83736,0.0,0.0
Ireland,1981,0.0,0.86062,0.0,0.0
Ireland,1982,0.0,0.80247,0.0,0.0
Ireland,1983,0.0,0.77921,0.0,0.0
Ireland,1984,0.0,0.68617,0.0,0.0
Ireland,1985,0.0,0.83736,0.0,0.0
Ireland,1986,0.0,0.91877,0.0,0.0
Ireland,1987,0.0,0.68617,0.0,0.0
Ireland,1988,0.0,0.87225,0.0,0.0
Ireland,1989,0.0,0.6978,0.0,0.0
Ireland,1990,0.0,0.7,0.0,0.0
Ireland,1991,0.0,0.75,0.0,0.0
Ireland,1992,0.0,0.82,0.0,0.0
Ireland,1993,0.01,0.76,0.0,0.0
Ireland,1994,0.02,0.92,0.0,0.0
Ireland,1995,0.02,0.71,0.0,0.0
Ireland,1996,0.01,0.72,0.0,0.03
Ireland,1997,0.05,0.68,0.0,0.08
Ireland,1998,0.17,0.92,0.0,0.09
Ireland,1999,0.19,0.85,0.0,0.09
Ireland,2000,0.24,0.85,0.0,0.09
Ireland,2001,0.33,0.6,0.0,0.1
Ireland,2002,0.39,0.91,0.0,0.08
Ireland,2003,0.45,0.6,0.0,0.09
Ireland,2004,0.65,0.63,0.0,0.11
Ireland,2005,1.11,0.63,0.0,0.13
Ireland,2006,1.62,0.72,0.0,0.13
Ireland,2007,1.96,0.67,0.0,0.18
Ireland,2008,2.41,0.97,0.0,0.22
Ireland,2009,2.96,0.9,0.0,0.26
Ireland,2010,2.81,0.6,0.0,0.31
Ireland,2011,4.38,0.71,0.0,0.34
Ireland,2012,4.01,0.8,0.0,0.44
Ireland,2013,4.54,0.6,0.0,0.49
Ireland,2014,5.14,0.71,0.0,0.54
Ireland,2015,6.57,0.81,0.0,0.48
Ireland,2016,6.15,0.68,0.01,0.68
Ireland,2017,7.44,0.69,0.01,0.74
Ireland,2018,8.64,0.69,0.02,0.85
Ireland,2019,10.02,0.89,0.04,0.85
Ireland,2020,11.55,0.93,0.06,0.92
Ireland,2021,9.78,0.75,0.09,1.0
Ireland,2022,11.5,0.72,0.09,1.08
Israel,1965,0.0,0.0,0.0,0.0
Israel,1966,0.0,0.0,0.0,0.0
Israel,1967,0.0,0.0,0.0,0.0
Israel,1968,0.0,0.0,0.0,0.0
Israel,1969,0.0,0.0,0.0,0.0
Israel,1970,0.0,0.0,0.0,0.0
Israel,1971,0.0,0.0,0.0,0.0
Israel,1972,0.0,0.0,0.0,0.0
Israel,1973,0.0,0.0,0.0,0.0
Israel,1974,0.0,0.0,0.0,0.0
Israel,1975,0.0,0.0,0.0,0.0
Israel,1976,0.0,0.0,0.0,0.0
Israel,1977,0.0,0.0,0.0,0.0
Israel,1978,0.0,0.0,0.0,0.0
Israel,1979,0.0,0.0,0.0,0.0
Israel,1980,0.0,0.0,0.0,0.0
Israel,1981,0.0,0.002,0.0,0.0
Israel,1982,0.0,0.002,0.0,0.0
Israel,1983,0.0,0.001,0.0,0.0
Israel,1984,0.0,0.002,0.0,0.0
Israel,1985,0.0,0.002,0.0,0.0
Israel,1986,0.0,0.006,0.0,0.0
Israel,1987,0.0,0.01,0.0,0.0
Israel,1988,0.0,0.01,0.0,0.0
Israel,1989,0.0,0.003,0.0,0.0
Israel,1990,0.0,0.003,0.0,0.0
Israel,1991,0.0,0.006,0.0,0.0
Israel,1992,0.0,0.029,0.0,0.0
Israel,1993,0.0,0.026,0.0,0.0
Israel,1994,0.0,0.023,0.0,0.0
Israel,1995,0.0,0.025,0.0,0.0
Israel,1996,0.0,0.024,0.0,0.0
Israel,1997,0.0,0.025,0.0,0.0
Israel,1998,0.0,0.025,0.0,0.0
Israel,1999,0.0,0.033,0.0,0.0
Israel,2000,0.0,0.03,0.0,0.0
Israel,2001,0.01,0.01,0.0,0.0
Israel,2002,0.01,0.02,0.0,0.0
Israel,2003,0.01,0.03,0.0,0.0
Israel,2004,0.01,0.03,0.0,0.0
Israel,2005,0.01,0.03,0.0,0.0
Israel,2006,0.01,0.01,0.0,0.0
Israel,2007,0.01,0.01,0.0,0.01
Israel,2008,0.01,0.02,0.0,0.01
Israel,2009,0.01,0.02,0.02,0.02
Israel,2010,0.01,0.03,0.07,0.03
Israel,2011,0.01,0.03,0.19,0.03
Israel,2012,0.01,0.03,0.37,0.03
Israel,2013,0.01,0.03,0.49,0.05
Israel,2014,0.01,0.01,0.88,0.06
Israel,2015,0.01,0.02,1.12,0.1
Israel,2016,0.05,0.0,1.54,0.1
Israel,2017,0.18,0.0,1.51,0.1
Israel,2018,0.18,0.0,1.57,0.1
Israel,2019,0.19,0.0,2.61,0.1
Israel,2020,0.2,0.02,3.53,0.11
Israel,2021,0.19,0.02,4.64,0.11
Italy,1965,0.0,42.634,0.0,2.676
Italy,1966,0.0,43.72,0.0,3.351
Italy,1967,0.0,42.34,0.0,3.475
Italy,1968,0.0,42.677,0.0,3.617
Italy,1969,0.0,41.166,0.0,3.812
Italy,1970,0.0,40.373,0.0,4.228
Italy,1971,0.0,39.079,0.0,4.209
Italy,1972,0.0,41.348,0.0,3.807
Italy,1973,0.0,37.523,0.0,3.845
Italy,1974,0.0,37.795,0.0,4.245
Italy,1975,0.0,41.021,0.0,3.986
Italy,1976,0.0,39.176,0.0,3.812
Italy,1977,0.0,51.139,0.0,3.73
Italy,1978,0.0,45.491,0.0,3.811
Italy,1979,0.0,45.947,0.0,3.825
Italy,1980,0.0,45.244,0.0,3.96
Italy,1981,0.0,43.034,0.0,3.469
Italy,1982,0.0,41.461,0.0,3.521
Italy,1983,0.0,41.445,0.0,3.393
Italy,1984,0.0,42.401,0.0,3.472
Italy,1985,0.0,41.092,0.0,3.212
Italy,1986,0.0,41.096,0.0,3.501
Italy,1987,0.0,39.505,0.0,3.693
Italy,1988,0.0,40.676,0.0,3.787
Italy,1989,0.002,34.057,0.002020202,3.197
Italy,1990,0.0,31.63,0.0,3.27
Italy,1991,0.0,42.24,0.0,3.29
Italy,1992,0.0,42.2,0.01,3.56
Italy,1993,0.0,41.42,0.01,3.79
Italy,1994,0.01,44.66,0.01,3.5700002
Italy,1995,0.01,37.78,0.01,3.66
Italy,1996,0.03,42.04,0.01,4.14
Italy,1997,0.12,41.6,0.01,4.46
Italy,1998,0.23,41.22,0.02,5.01
Italy,1999,0.4,45.37,0.02,5.53
Italy,2000,0.56,44.2,0.02,6.0899997
Italy,2001,1.18,46.81,0.02,6.34
Italy,2002,1.4,39.52,0.02,7.37
Italy,2003,1.46,36.67,0.02,8.71
Italy,2004,1.85,42.34,0.03,9.66
Italy,2005,2.34,36.07,0.03,9.99
Italy,2006,2.97,36.99,0.04,10.64
Italy,2007,4.03,32.82,0.04,10.83
Italy,2008,4.86,41.62,0.19,11.49
Italy,2009,6.54,49.14,0.68,12.9
Italy,2010,9.13,51.12,1.91,14.82
Italy,2011,9.86,45.82,10.8,16.48
Italy,2012,13.41,41.87,18.86,18.08
Italy,2013,14.9,52.77,21.59,22.74
Italy,2014,15.18,58.55,22.31,24.64
Italy,2015,14.84,45.54,22.94,25.57
Italy,2016,17.69,42.43,22.1,25.79
Italy,2017,17.74,36.2,24.38,25.57
Italy,2018,17.72,48.79,22.65,25.25
Italy,2019,20.2,46.32,23.69,25.619999
Italy,2020,18.76,47.55,24.94,25.650002
Italy,2021,20.93,45.39,25.04,24.97
Italy,2022,19.91,29.94,27.73,24.029999
Jamaica,2000,0.0,0.11,0.0,0.29
Jamaica,2001,0.0,0.06,0.0,0.29
Jamaica,2002,0.0,0.09,0.0,0.3
Jamaica,2003,0.0,0.12,0.0,0.31
Jamaica,2004,0.03,0.13,0.0,0.31
Jamaica,2005,0.05,0.15,0.0,0.32
Jamaica,2006,0.05,0.16,0.0,0.32
Jamaica,2007,0.05,0.16,0.0,0.25
Jamaica,2008,0.05,0.16,0.0,0.18
Jamaica,2009,0.06,0.14,0.0,0.18
Jamaica,2010,0.05,0.15,0.0,0.18
Jamaica,2011,0.09,0.15,0.0,0.18
Jamaica,2012,0.11,0.15,0.0,0.17
Jamaica,2013,0.12,0.12,0.0,0.16
Jamaica,2014,0.12,0.14,0.01,0.16
Jamaica,2015,0.13,0.13,0.01,0.16
Jamaica,2016,0.21,0.12,0.01,0.16
Jamaica,2017,0.25,0.15,0.04,0.16
Jamaica,2018,0.3,0.18,0.05,0.16
Jamaica,2019,0.27,0.16,0.09,0.13
Jamaica,2020,0.28,0.14,0.12,0.11
Jamaica,2021,0.3,0.14,0.15,0.12
Japan,1965,0.0,76.07,0.0,0.0
Japan,1966,0.0,79.35,0.0,0.0
Japan,1967,0.0,68.55,0.0,0.0
Japan,1968,0.0,73.45,0.0,0.0
Japan,1969,0.0,75.35,0.0,0.0
Japan,1970,0.0,75.4,0.0,0.242704
Japan,1971,0.0,84.2,0.0,0.235611
Japan,1972,0.0,85.1,0.0,0.248591
Japan,1973,0.0,66.778,0.0,0.253998
Japan,1974,0.0,82.68,0.0,0.307547
Japan,1975,0.0,83.406,0.0,0.378507
Japan,1976,0.0,83.59,0.0,0.367553
Japan,1977,0.0,72.968,0.0,0.533774
Japan,1978,0.0,70.047,0.0,0.827644
Japan,1979,0.0,80.743,0.0,1.099732
Japan,1980,0.0,88.292,0.0,1.09144
Japan,1981,0.0,87.594,0.0,1.136527
Japan,1982,0.0,81.606,0.0,9.870767
Japan,1983,0.0,84.273,0.0,11.030233
Japan,1984,0.0,71.617,0.0,12.119023
Japan,1985,0.0,82.874,0.0,12.699479
Japan,1986,0.0,80.816,0.0,13.803359
Japan,1987,0.0,74.787,0.0,14.792468
Japan,1988,0.0,90.291,0.0,15.986553
Japan,1989,0.0,91.741,0.0,17.04698
Japan,1990,0.0,86.895,0.001,11.340126
Japan,1991,0.0,94.416,0.001,11.650857
Japan,1992,0.0,80.046,0.0105,11.850117
Japan,1993,0.000959596,92.58,0.0225,11.559372
Japan,1994,0.000959596,64.462,0.029,13.472534
Japan,1995,0.000959596,78.793,0.0395,14.295146
Japan,1996,0.001919192,77.173,0.0545,15.247687
Japan,1997,0.000959596,86.44,0.096302845,16.437628
Japan,1998,0.007070707,89.079,0.14324625,16.172628
Japan,1999,0.036363635,83.792,0.218025,16.48681
Japan,2000,0.11,86.38,0.35,17.32
Japan,2001,0.25,83.32,0.47,17.32
Japan,2002,0.41,81.55,0.67,18.470001
Japan,2003,0.83,93.66,0.9,18.79
Japan,2004,1.3,93.12,1.19,19.119999
Japan,2005,1.75,75.71,1.49,21.619999
Japan,2006,2.17,86.65,1.79,21.46
Japan,2007,2.61,73.27,2.02,22.900002
Japan,2008,2.94,75.68,2.25,19.92
Japan,2009,3.61,76.13,2.76,19.779999
Japan,2010,4.02,83.43,3.54,22.93
Japan,2011,4.68,84.55,4.84,22.43
Japan,2012,4.84,76.18,6.61,23.46
Japan,2013,5.19,79.04,12.88,24.369999
Japan,2014,5.22,83.16,22.95,25.2
Japan,2015,5.58,86.75,34.8,30.21
Japan,2016,6.17,79.14,45.76,26.630001
Japan,2017,6.49,83.42,55.07,30.140001
Japan,2018,7.18,80.63,62.67,33.15
Japan,2019,7.58,79.82,69.38,35.94
Japan,2020,8.48,78.81,79.09,39.22
Japan,2021,8.96,79.14,88.7,39.93
Jordan,2000,0.0,0.04,0.0,0.01
Jordan,2001,0.0,0.04,0.0,0.01
Jordan,2002,0.0,0.05,0.0,0.01
Jordan,2003,0.0,0.04,0.0,0.01
Jordan,2004,0.0,0.05,0.0,0.01
Jordan,2005,0.0,0.06,0.0,0.01
Jordan,2006,0.0,0.05,0.0,0.02
Jordan,2007,0.0,0.06,0.0,0.02
Jordan,2008,0.0,0.06,0.0,0.02
Jordan,2009,0.0,0.06,0.0,0.02
Jordan,2010,0.0,0.06,0.0,0.02
Jordan,2011,0.0,0.05,0.0,0.02
Jordan,2012,0.0,0.06,0.0,0.02
Jordan,2013,0.0,0.05,0.0,0.02
Jordan,2014,0.0,0.06,0.0,0.02
Jordan,2015,0.12,0.05,0.05,0.07
Jordan,2016,0.39,0.04,0.43,0.07
Jordan,2017,0.45,0.04,0.91,0.07
Jordan,2018,0.71,0.02,1.43,0.06
Jordan,2019,0.88,0.02,2.06,0.06
Jordan,2020,1.38,0.02,2.87,0.05
Jordan,2021,1.57,0.02,3.5,0.06
Kazakhstan,1990,0.0,7.366,0.0,0.0
Kazakhstan,1991,0.0,7.2,0.0,0.0
Kazakhstan,1992,0.0,6.866,0.0,0.0
Kazakhstan,1993,0.0,7.629,0.0,0.0
Kazakhstan,1994,0.0,9.179,0.0,0.0
Kazakhstan,1995,0.0,8.331,0.0,0.0
Kazakhstan,1996,0.0,7.331,0.0,0.0
Kazakhstan,1997,0.0,6.499,0.0,0.0
Kazakhstan,1998,0.0,6.141,0.0,0.0
Kazakhstan,1999,0.0,6.132,0.0,0.0
Kazakhstan,2000,0.0,7.53,0.0,0.0
Kazakhstan,2001,0.0,8.08,0.0,0.0
Kazakhstan,2002,0.0,8.89,0.0,0.0
Kazakhstan,2003,0.0,8.62,0.0,0.0
Kazakhstan,2004,0.0,8.06,0.0,0.0
Kazakhstan,2005,0.0,7.86,0.0,0.0
Kazakhstan,2006,0.0,7.77,0.0,0.0
Kazakhstan,2007,0.0,8.17,0.0,0.0
Kazakhstan,2008,0.0,7.46,0.0,0.0
Kazakhstan,2009,0.0,6.88,0.0,0.0
Kazakhstan,2010,0.0,8.02,0.0,0.0
Kazakhstan,2011,0.0,7.88,0.0,0.0
Kazakhstan,2012,0.0,7.64,0.0,0.0
Kazakhstan,2013,0.0,7.73,0.0,0.0
Kazakhstan,2014,0.01,8.26,0.0,0.0
Kazakhstan,2015,0.13,9.27,0.05,0.000476
Kazakhstan,2016,0.27,11.62,0.09,0.00186
Kazakhstan,2017,0.34,11.21,0.09,0.0021442
Kazakhstan,2018,0.39,10.38,0.14,0.0024284
Kazakhstan,2019,0.71,9.99,0.39,0.0049671
Kazakhstan,2020,1.14,9.8,2.57,0.0065268
Kazakhstan,2021,1.8,9.44,2.96,0.004567772
Kazakhstan,1985,,5.2104726,,
Kazakhstan,1986,,4.7817907,,
Kazakhstan,1987,,5.7319617,,
Kazakhstan,1988,,6.991491,,
Kazakhstan,1989,,7.29201,,
Kenya,2000,0.0,1.31,0.0,0.70000005
Kenya,2001,0.0,2.38,0.0,0.68
Kenya,2002,0.0,3.09,0.0,0.53999996
Kenya,2003,0.0,3.23,0.0,0.87
Kenya,2004,0.0,2.84,0.0,1.14
Kenya,2005,0.0,3.0,0.0,1.15
Kenya,2006,0.0,3.24,0.0,1.22
Kenya,2007,0.0,3.45,0.0,1.18
Kenya,2008,0.0,2.82,0.0,1.3499999
Kenya,2009,0.01,2.15,0.0,1.5500001
Kenya,2010,0.02,3.39,0.0,1.74
Kenya,2011,0.02,3.42,0.01,1.78
Kenya,2012,0.01,4.26,0.01,1.82
Kenya,2013,0.01,3.91,0.03,2.21
Kenya,2014,0.02,3.28,0.05,3.38
Kenya,2015,0.06,3.75,0.05,4.63
Kenya,2016,0.06,3.31,0.06,4.84
Kenya,2017,0.06,3.17,0.07,5.13
Kenya,2018,0.38,3.99,0.09,5.33
Kenya,2019,1.56,3.21,0.09,5.3799996
Kenya,2020,1.33,4.23,0.09,5.17
Kenya,2021,1.51,4.0,0.1,5.24
Kiribati,2000,0.0,0.0,0.0,0.0
Kiribati,2001,0.0,0.0,0.0,0.0
Kiribati,2002,0.0,0.0,0.0,0.0
Kiribati,2003,0.0,0.0,0.0,0.0
Kiribati,2004,0.0,0.0,0.0,0.0
Kiribati,2005,0.0,0.0,0.0,0.0
Kiribati,2006,0.0,0.0,0.0,0.0
Kiribati,2007,0.0,0.0,0.0,0.0
Kiribati,2008,0.0,0.0,0.0,0.0
Kiribati,2009,0.0,0.0,0.0,0.0
Kiribati,2010,0.0,0.0,0.0,0.0
Kiribati,2011,0.0,0.0,0.0,0.0
Kiribati,2012,0.0,0.0,0.0,0.0
Kiribati,2013,0.0,0.0,0.0,0.0
Kiribati,2014,0.0,0.0,0.0,0.0
Kiribati,2015,0.0,0.0,0.0,0.0
Kiribati,2016,0.0,0.0,0.0,0.0
Kiribati,2017,0.0,0.0,0.0,0.0
Kiribati,2018,0.0,0.0,0.0,0.0
Kiribati,2019,0.0,0.0,0.0,0.0
Kiribati,2020,0.0,0.0,0.0,0.0
Kiribati,2021,0.0,0.0,0.0,0.0
Kosovo,2000,0.0,0.05,0.0,0.0
Kosovo,2001,0.0,0.05,0.0,0.0
Kosovo,2002,0.0,0.05,0.0,0.0
Kosovo,2003,0.0,0.05,0.0,0.0
Kosovo,2004,0.0,0.11,0.0,0.0
Kosovo,2005,0.0,0.11,0.0,0.0
Kosovo,2006,0.0,0.1,0.0,0.0
Kosovo,2007,0.0,0.09,0.0,0.0
Kosovo,2008,0.0,0.08,0.0,0.0
Kosovo,2009,0.0,0.12,0.0,0.0
Kosovo,2010,0.0,0.16,0.0,0.0
Kosovo,2011,0.0,0.1,0.0,0.0
Kosovo,2012,0.0,0.1,0.0,0.0
Kosovo,2013,0.0,0.14,0.0,0.0
Kosovo,2014,0.0,0.15,0.0,0.0
Kosovo,2015,0.0,0.14,0.0,0.0
Kosovo,2016,0.0,0.25,0.0,0.0
Kosovo,2017,0.0,0.18,0.0,0.0
Kosovo,2018,0.03,0.27,0.0,0.0
Kosovo,2019,0.09,0.21,0.01,0.0
Kosovo,2020,0.09,0.26,0.01,0.0
Kuwait,1965,0.0,0.0,0.0,0.0
Kuwait,1966,0.0,0.0,0.0,0.0
Kuwait,1967,0.0,0.0,0.0,0.0
Kuwait,1968,0.0,0.0,0.0,0.0
Kuwait,1969,0.0,0.0,0.0,0.0
Kuwait,1970,0.0,0.0,0.0,0.0
Kuwait,1971,0.0,0.0,0.0,0.0
Kuwait,1972,0.0,0.0,0.0,0.0
Kuwait,1973,0.0,0.0,0.0,0.0
Kuwait,1974,0.0,0.0,0.0,0.0
Kuwait,1975,0.0,0.0,0.0,0.0
Kuwait,1976,0.0,0.0,0.0,0.0
Kuwait,1977,0.0,0.0,0.0,0.0
Kuwait,1978,0.0,0.0,0.0,0.0
Kuwait,1979,0.0,0.0,0.0,0.0
Kuwait,1980,0.0,0.0,0.0,0.0
Kuwait,1981,0.0,0.0,0.0,0.0
Kuwait,1982,0.0,0.0,0.0,0.0
Kuwait,1983,0.0,0.0,0.0,0.0
Kuwait,1984,0.0,0.0,0.0,0.0
Kuwait,1985,0.0,0.0,0.0,0.0
Kuwait,1986,0.0,0.0,0.0,0.0
Kuwait,1987,0.0,0.0,0.0,0.0
Kuwait,1988,0.0,0.0,0.0,0.0
Kuwait,1989,0.0,0.0,0.0,0.0
Kuwait,1990,0.0,0.0,0.0,0.0
Kuwait,1991,0.0,0.0,0.0,0.0
Kuwait,1992,0.0,0.0,0.0,0.0
Kuwait,1993,0.0,0.0,0.0,0.0
Kuwait,1994,0.0,0.0,0.0,0.0
Kuwait,1995,0.0,0.0,0.0,0.0
Kuwait,1996,0.0,0.0,0.0,0.0
Kuwait,1997,0.0,0.0,0.0,0.0
Kuwait,1998,0.0,0.0,0.0,0.0
Kuwait,1999,0.0,0.0,0.0,0.0
Kuwait,2000,0.0,0.0,0.0,0.0
Kuwait,2001,0.0,0.0,0.0,0.0
Kuwait,2002,0.0,0.0,0.0,0.0
Kuwait,2003,0.0,0.0,0.0,0.0
Kuwait,2004,0.0,0.0,0.0,0.0
Kuwait,2005,0.0,0.0,0.0,0.0
Kuwait,2006,0.0,0.0,0.0,0.0
Kuwait,2007,0.0,0.0,0.0,0.0
Kuwait,2008,0.0,0.0,0.0,0.0
Kuwait,2009,0.0,0.0,0.0,0.0
Kuwait,2010,0.0,0.0,0.0,0.0
Kuwait,2011,0.0,0.0,0.0,0.0
Kuwait,2012,0.0,0.0,0.0,0.0
Kuwait,2013,0.01,0.0,0.0,0.0
Kuwait,2014,0.01,0.0,0.0,0.0
Kuwait,2015,0.01,0.0,0.0,0.0
Kuwait,2016,0.01,0.0,0.01,0.0
Kuwait,2017,0.03,0.0,0.01,0.0
Kuwait,2018,0.04,0.0,0.02,0.0
Kuwait,2019,0.04,0.0,0.02,0.0
Kuwait,2020,0.03,0.0,0.02,0.0
Kuwait,2021,0.03,0.0,0.02,0.0
Kyrgyzstan,2000,0.0,13.55,0.0,0.0
Kyrgyzstan,2001,0.0,12.31,0.0,0.0
Kyrgyzstan,2002,0.0,10.68,0.0,0.0
Kyrgyzstan,2003,0.0,13.38,0.0,0.0
Kyrgyzstan,2004,0.0,13.95,0.0,0.0
Kyrgyzstan,2005,0.0,12.66,0.0,0.0
Kyrgyzstan,2006,0.0,12.35,0.0,0.0
Kyrgyzstan,2007,0.0,12.61,0.0,0.0
Kyrgyzstan,2008,0.0,10.02,0.0,0.0
Kyrgyzstan,2009,0.0,10.11,0.0,0.0
Kyrgyzstan,2010,0.0,11.0,0.0,0.0
Kyrgyzstan,2011,0.0,14.0,0.0,0.0
Kyrgyzstan,2012,0.0,14.04,0.0,0.0
Kyrgyzstan,2013,0.0,13.0,0.0,0.0
Kyrgyzstan,2014,0.0,13.16,0.0,0.0
Kyrgyzstan,2015,0.0,10.99,0.0,0.0
Kyrgyzstan,2016,0.0,11.38,0.0,0.0
Kyrgyzstan,2017,0.0,14.06,0.0,0.0
Kyrgyzstan,2018,0.0,14.17,0.0,0.0
Kyrgyzstan,2019,0.0,13.71,0.0,0.0
Kyrgyzstan,2020,0.0,14.8,0.0,0.0
Kyrgyzstan,2021,0.0,13.0,0.0,0.0
Laos,2000,0.0,3.28,0.0,0.0
Laos,2001,0.0,3.3,0.0,0.0
Laos,2002,0.0,3.21,0.0,0.0
Laos,2003,0.0,2.83,0.0,0.0
Laos,2004,0.0,3.0,0.0,0.0
Laos,2005,0.0,3.51,0.0,0.0
Laos,2006,0.0,3.6,0.0,0.0
Laos,2007,0.0,3.37,0.0,0.0
Laos,2008,0.0,3.72,0.0,0.0
Laos,2009,0.0,3.37,0.0,0.0
Laos,2010,0.0,8.36,0.0,0.0
Laos,2011,0.0,12.84,0.0,0.0
Laos,2012,0.0,12.93,0.0,0.0
Laos,2013,0.0,15.35,0.0,0.01
Laos,2014,0.0,15.12,0.0,0.01
Laos,2015,0.0,13.9,0.0,0.07
Laos,2016,0.0,17.53,0.0,0.16
Laos,2017,0.0,20.1,0.01,0.21
Laos,2018,0.0,22.33,0.02,0.6
Laos,2019,0.0,19.74,0.04,0.57
Laos,2020,0.0,28.51,0.04,0.57
Laos,2021,0.0,28.51,0.04,0.61
Latvia,1990,0.0,4.5,0.0,0.0
Latvia,1991,0.0,3.28,0.0,0.0
Latvia,1992,0.0,2.52,0.0,0.0
Latvia,1993,0.0,2.88,0.0,0.0
Latvia,1994,0.0,3.31,0.0,0.0
Latvia,1995,0.0,2.94,0.0,0.0
Latvia,1996,0.0,1.86,0.0,0.0
Latvia,1997,0.0,2.95,0.0,0.0
Latvia,1998,0.0,4.32,0.0,0.0
Latvia,1999,0.0,2.76,0.0,0.0
Latvia,2000,0.0,2.82,0.0,0.0
Latvia,2001,0.0,2.83,0.0,0.0
Latvia,2002,0.01,2.46,0.0,0.01
Latvia,2003,0.05,2.27,0.0,0.02
Latvia,2004,0.05,3.11,0.0,0.04
Latvia,2005,0.05,3.33,0.0,0.04
Latvia,2006,0.05,2.7,0.0,0.04
Latvia,2007,0.05,2.73,0.0,0.04
Latvia,2008,0.06,3.11,0.0,0.04
Latvia,2009,0.05,3.46,0.0,0.05
Latvia,2010,0.05,3.52,0.0,0.07
Latvia,2011,0.07,2.89,0.0,0.12
Latvia,2012,0.11,3.71,0.0,0.29
Latvia,2013,0.12,2.91,0.0,0.5
Latvia,2014,0.14,1.99,0.0,0.67
Latvia,2015,0.15,1.86,0.0,0.77
Latvia,2016,0.13,2.53,0.0,0.82
Latvia,2017,0.15,4.38,0.0,0.93
Latvia,2018,0.12,2.43,0.0,0.94
Latvia,2019,0.15,2.11,0.0,0.93
Latvia,2020,0.18,2.6,0.0,0.86
Latvia,2021,0.14,2.71,0.01,0.86
Latvia,2022,0.19,2.77,0.01,0.68
Latvia,1985,,2.9786756,,
Latvia,1986,,3.0007727,,
Latvia,1987,,3.6990378,,
Latvia,1988,,3.0007727,,
Latvia,1989,,3.6062305,,
Lebanon,2000,0.0,0.44,0.0,0.0
Lebanon,2001,0.0,0.33,0.0,0.0
Lebanon,2002,0.0,0.67,0.0,0.0
Lebanon,2003,0.0,1.35,0.0,0.0
Lebanon,2004,0.0,1.11,0.0,0.0
Lebanon,2005,0.0,1.04,0.0,0.0
Lebanon,2006,0.0,0.69,0.0,0.0
Lebanon,2007,0.0,0.58,0.0,0.0
Lebanon,2008,0.0,0.37,0.0,0.0
Lebanon,2009,0.0,0.62,0.0,0.0
Lebanon,2010,0.0,0.83,0.0,0.0
Lebanon,2011,0.0,0.8,0.0,0.0
Lebanon,2012,0.0,1.0,0.0,0.01
Lebanon,2013,0.0,1.26,0.0,0.01
Lebanon,2014,0.01,0.19,0.01,0.01
Lebanon,2015,0.01,0.47,0.02,0.01
Lebanon,2016,0.01,0.38,0.04,0.06
Lebanon,2017,0.01,0.41,0.06,0.06
Lebanon,2018,0.01,0.34,0.09,0.06
Lebanon,2019,0.01,0.97,0.11,0.06
Lebanon,2020,0.01,1.05,0.12,0.06
Lebanon,2021,0.01,0.97,0.12,0.06
Lesotho,2000,0.0,0.29,0.0,0.0
Lesotho,2001,0.0,0.28,0.0,0.0
Lesotho,2002,0.0,0.31,0.0,0.0
Lesotho,2003,0.0,0.32,0.0,0.0
Lesotho,2004,0.0,0.3,0.0,0.0
Lesotho,2005,0.0,0.46,0.0,0.0
Lesotho,2006,0.0,0.52,0.0,0.0
Lesotho,2007,0.0,0.55,0.0,0.0
Lesotho,2008,0.0,0.58,0.0,0.0
Lesotho,2009,0.0,0.65,0.0,0.0
Lesotho,2010,0.0,0.69,0.0,0.0
Lesotho,2011,0.0,0.49,0.0,0.0
Lesotho,2012,0.0,0.49,0.0,0.0
Lesotho,2013,0.0,0.51,0.0,0.0
Lesotho,2014,0.0,0.52,0.0,0.0
Lesotho,2015,0.0,0.53,0.0,0.0
Lesotho,2016,0.0,0.52,0.0,0.0
Lesotho,2017,0.0,0.54,0.0,0.0
Lesotho,2018,0.0,0.54,0.0,0.0
Lesotho,2019,0.0,0.5,0.0,0.0
Lesotho,2020,0.0,0.5,0.0,0.0
Lesotho,2021,0.0,0.5,0.0,0.0
Liberia,2000,0.0,0.0,0.0,0.0
Liberia,2001,0.0,0.0,0.0,0.0
Liberia,2002,0.0,0.0,0.0,0.0
Liberia,2003,0.0,0.0,0.0,0.0
Liberia,2004,0.0,0.0,0.0,0.0
Liberia,2005,0.0,0.0,0.0,0.0
Liberia,2006,0.0,0.0,0.0,0.0
Liberia,2007,0.0,0.0,0.0,0.0
Liberia,2008,0.0,0.0,0.0,0.0
Liberia,2009,0.0,0.0,0.0,0.0
Liberia,2010,0.0,0.0,0.0,0.0
Liberia,2011,0.0,0.0,0.0,0.0
Liberia,2012,0.0,0.0,0.0,0.0
Liberia,2013,0.0,0.0,0.0,0.0
Liberia,2014,0.0,0.0,0.0,0.0
Liberia,2015,0.0,0.0,0.0,0.0
Liberia,2016,0.0,0.0,0.0,0.0
Liberia,2017,0.0,0.0,0.0,0.0
Liberia,2018,0.0,0.0,0.0,0.0
Liberia,2019,0.0,0.0,0.0,0.0
Liberia,2020,0.0,0.53,0.0,0.0
Liberia,2021,0.0,0.53,0.0,0.0
Libya,2000,0.0,0.0,0.0,0.0
Libya,2001,0.0,0.0,0.0,0.0
Libya,2002,0.0,0.0,0.0,0.0
Libya,2003,0.0,0.0,0.0,0.0
Libya,2004,0.0,0.0,0.0,0.0
Libya,2005,0.0,0.0,0.0,0.0
Libya,2006,0.0,0.0,0.0,0.0
Libya,2007,0.0,0.0,0.0,0.0
Libya,2008,0.0,0.0,0.0,0.0
Libya,2009,0.0,0.0,0.0,0.0
Libya,2010,0.0,0.0,0.01,0.0
Libya,2011,0.0,0.0,0.01,0.0
Libya,2012,0.0,0.0,0.01,0.0
Libya,2013,0.0,0.0,0.01,0.0
Libya,2014,0.0,0.0,0.01,0.0
Libya,2015,0.0,0.0,0.01,0.0
Libya,2016,0.0,0.0,0.01,0.0
Libya,2017,0.0,0.0,0.01,0.0
Libya,2018,0.0,0.0,0.01,0.0
Libya,2019,0.0,0.0,0.01,0.0
Libya,2020,0.0,0.0,0.01,0.0
Libya,2021,0.0,0.0,0.01,0.0
Lithuania,1990,0.0,0.41,0.0,0.0
Lithuania,1991,0.0,0.34,0.0,0.0
Lithuania,1992,0.0,0.31,0.0,0.0
Lithuania,1993,0.0,0.39,0.0,0.0
Lithuania,1994,0.0,0.45,0.0,0.0
Lithuania,1995,0.0,0.37,0.0,0.0
Lithuania,1996,0.0,0.33,0.0,0.0
Lithuania,1997,0.0,0.3,0.0,0.0
Lithuania,1998,0.0,0.42,0.0,0.0
Lithuania,1999,0.0,0.41,0.0,0.0
Lithuania,2000,0.0,0.34,0.0,0.0
Lithuania,2001,0.0,0.33,0.0,0.0
Lithuania,2002,0.0,0.35,0.0,0.0
Lithuania,2003,0.0,0.32,0.0,0.01
Lithuania,2004,0.0,0.42,0.0,0.01
Lithuania,2005,0.0,0.45,0.0,0.01
Lithuania,2006,0.01,0.4,0.0,0.02
Lithuania,2007,0.11,0.42,0.0,0.05
Lithuania,2008,0.13,0.4,0.0,0.07
Lithuania,2009,0.16,0.42,0.0,0.1
Lithuania,2010,0.22,0.54,0.0,0.15
Lithuania,2011,0.47,0.48,0.0,0.16
Lithuania,2012,0.54,0.42,0.0,0.22
Lithuania,2013,0.6,0.52,0.05,0.36
Lithuania,2014,0.64,0.4,0.07,0.4
Lithuania,2015,0.81,0.35,0.07,0.45
Lithuania,2016,1.14,0.45,0.07,0.44
Lithuania,2017,1.36,0.6,0.07,0.5
Lithuania,2018,1.14,0.43,0.09,0.54
Lithuania,2019,1.5,0.35,0.09,0.53
Lithuania,2020,1.55,0.3,0.13,0.59
Lithuania,2021,1.36,0.38,0.19,0.69
Lithuania,2022,1.59,0.45,0.43,0.65
Lithuania,1985,,0.3933266,,
Lithuania,1986,,0.3844878,,
Lithuania,1987,,0.3623908,,
Lithuania,1988,,0.3844878,,
Lithuania,1989,,0.3844878,,
Luxembourg,1965,0.0,0.086412,0.0,0.0
Luxembourg,1966,0.0,0.077759,0.0,0.0
Luxembourg,1967,0.0,0.087757,0.0,0.0
Luxembourg,1968,0.0,0.089632,0.0,0.0
Luxembourg,1969,0.0,0.077997,0.0,0.0
Luxembourg,1970,0.0,0.086214,0.0,0.0
Luxembourg,1971,0.0,0.04873,0.0,0.0
Luxembourg,1972,0.0,0.057462,0.0,0.0
Luxembourg,1973,0.0,0.050733,0.0,0.0
Luxembourg,1974,0.0,0.074939,0.0,0.0
Luxembourg,1975,0.0,0.064745,0.0,0.0
Luxembourg,1976,0.0,0.040794,0.0,0.0
Luxembourg,1977,0.0,0.078625,0.0,0.013
Luxembourg,1978,0.0,0.074805,0.0,0.015
Luxembourg,1979,0.0,0.081656,0.0,0.016
Luxembourg,1980,0.0,0.086242,0.0,0.015
Luxembourg,1981,0.0,0.092202,0.0,0.018
Luxembourg,1982,0.0,0.08187,0.0,0.018
Luxembourg,1983,0.0,0.080733,0.0,0.017
Luxembourg,1984,0.0,0.085908,0.0,0.019
Luxembourg,1985,0.0,0.069611,0.0,0.018
Luxembourg,1986,0.0,0.086091,0.0,0.017
Luxembourg,1987,0.0,0.100081,0.0,0.022
Luxembourg,1988,0.0,0.09197,0.0,0.023
Luxembourg,1989,0.0,0.070064,0.0,0.019
Luxembourg,1990,0.0,0.07,0.0,0.01
Luxembourg,1991,0.0,0.08,0.0,0.01
Luxembourg,1992,0.0,0.07,0.0,0.01
Luxembourg,1993,0.0,0.07,0.0,0.01
Luxembourg,1994,0.0,0.09,0.0,0.02
Luxembourg,1995,0.0,0.09,0.0,0.02
Luxembourg,1996,0.0,0.06,0.0,0.02
Luxembourg,1997,0.0,0.08,0.0,0.02
Luxembourg,1998,0.01,0.12,0.0,0.02
Luxembourg,1999,0.02,0.09,0.0,0.02
Luxembourg,2000,0.02,0.12,0.0,0.02
Luxembourg,2001,0.02,0.12,0.0,0.03
Luxembourg,2002,0.02,0.1,0.0,0.03
Luxembourg,2003,0.03,0.08,0.0,0.03
Luxembourg,2004,0.04,0.1,0.01,0.04
Luxembourg,2005,0.05,0.09,0.02,0.05
Luxembourg,2006,0.06,0.11,0.02,0.06
Luxembourg,2007,0.06,0.12,0.02,0.06
Luxembourg,2008,0.06,0.13,0.02,0.07
Luxembourg,2009,0.06,0.11,0.02,0.08
Luxembourg,2010,0.06,0.11,0.02,0.08
Luxembourg,2011,0.06,0.06,0.03,0.09
Luxembourg,2012,0.08,0.1,0.04,0.09
Luxembourg,2013,0.08,0.12,0.07,0.09
Luxembourg,2014,0.08,0.11,0.09,0.12
Luxembourg,2015,0.1,0.1,0.1,0.13
Luxembourg,2016,0.1,0.12,0.1,0.14
Luxembourg,2017,0.23,0.09,0.11,0.17
Luxembourg,2018,0.25,0.09,0.12,0.22
Luxembourg,2019,0.28,0.11,0.13,0.28
Luxembourg,2020,0.35,0.09,0.16,0.37
Luxembourg,2021,0.31,0.11,0.18,0.39
Luxembourg,2022,0.32,0.06,0.24,0.4
Macao,2000,0.0,0.0,0.0,0.0
Macao,2001,0.0,0.0,0.0,0.0
Macao,2002,0.0,0.0,0.0,0.0
Macao,2003,0.0,0.0,0.0,0.0
Macao,2004,0.0,0.0,0.0,0.0
Macao,2005,0.0,0.0,0.0,0.0
Macao,2006,0.0,0.0,0.0,0.0
Macao,2007,0.0,0.0,0.0,0.0
Macao,2008,0.0,0.0,0.0,0.0
Macao,2009,0.0,0.0,0.0,0.0
Macao,2010,0.0,0.0,0.0,0.0
Macao,2011,0.0,0.0,0.0,0.0
Macao,2012,0.0,0.0,0.0,0.0
Macao,2013,0.0,0.0,0.0,0.0
Macao,2014,0.0,0.0,0.0,0.0
Macao,2015,0.0,0.0,0.0,0.0
Macao,2016,0.0,0.0,0.0,0.0
Macao,2017,0.0,0.0,0.0,0.0
Macao,2018,0.0,0.0,0.0,0.0
Macao,2019,0.0,0.0,0.0,0.0
Macao,2020,0.0,0.0,0.0,0.0
Macao,2021,0.0,0.0,0.0,0.0
Madagascar,2000,0.0,0.54,0.0,0.0
Madagascar,2001,0.0,0.53,0.0,0.0
Madagascar,2002,0.0,0.54,0.0,0.0
Madagascar,2003,0.0,0.6,0.0,0.0
Madagascar,2004,0.0,0.63,0.0,0.0
Madagascar,2005,0.0,0.64,0.0,0.0
Madagascar,2006,0.0,0.63,0.0,0.0
Madagascar,2007,0.0,0.71,0.0,0.0
Madagascar,2008,0.0,0.69,0.0,0.0
Madagascar,2009,0.0,0.73,0.0,0.0
Madagascar,2010,0.0,0.7,0.0,0.0
Madagascar,2011,0.0,0.68,0.0,0.0
Madagascar,2012,0.0,0.75,0.0,0.0
Madagascar,2013,0.0,0.8,0.01,0.0
Madagascar,2014,0.0,0.88,0.01,0.0
Madagascar,2015,0.0,0.93,0.02,0.0
Madagascar,2016,0.0,0.88,0.02,0.0
Madagascar,2017,0.0,0.78,0.02,0.0
Madagascar,2018,0.0,0.96,0.02,0.0
Madagascar,2019,0.0,0.89,0.02,0.0
Madagascar,2020,0.0,0.66,0.02,0.0
Madagascar,2021,0.0,0.7,0.02,0.0
Malawi,2000,0.0,1.02,0.0,0.05
Malawi,2001,0.0,1.04,0.0,0.05
Malawi,2002,0.0,1.09,0.0,0.06
Malawi,2003,0.0,1.14,0.0,0.07
Malawi,2004,0.0,1.26,0.0,0.06
Malawi,2005,0.0,1.31,0.0,0.06
Malawi,2006,0.0,1.34,0.0,0.06
Malawi,2007,0.0,1.37,0.0,0.06
Malawi,2008,0.0,1.52,0.0,0.08
Malawi,2009,0.0,1.49,0.0,0.07
Malawi,2010,0.0,1.74,0.0,0.07
Malawi,2011,0.0,1.79,0.0,0.06
Malawi,2012,0.0,1.86,0.01,0.07
Malawi,2013,0.0,1.86,0.01,0.07
Malawi,2014,0.0,1.97,0.02,0.07
Malawi,2015,0.0,1.96,0.03,0.07
Malawi,2016,0.0,1.94,0.03,0.07
Malawi,2017,0.0,1.82,0.04,0.06
Malawi,2018,0.0,1.36,0.05,0.02
Malawi,2019,0.0,1.3,0.17,0.02
Malawi,2020,0.0,1.3,0.17,0.02
Malawi,2021,0.0,1.0,0.17,0.02
Malaysia,1965,0.0,0.587,0.0,0.0
Malaysia,1966,0.0,0.692,0.0,0.0
Malaysia,1967,0.0,0.725,0.0,0.0
Malaysia,1968,0.0,0.804,0.0,0.0
Malaysia,1969,0.0,1.014,0.0,0.0
Malaysia,1970,0.0,1.202,0.0,0.0
Malaysia,1971,0.0,1.046,0.0,0.0
Malaysia,1972,0.0,1.154,0.0,0.0
Malaysia,1973,0.0,1.108,0.0,0.0
Malaysia,1974,0.0,1.006,0.0,0.0
Malaysia,1975,0.0,1.005,0.0,0.0
Malaysia,1976,0.0,0.948,0.0,0.0
Malaysia,1977,0.0,0.769,0.0,0.0
Malaysia,1978,0.0,0.90395063,0.0,0.0
Malaysia,1979,0.0,1.1035241,0.0,0.0
Malaysia,1980,0.0,1.4087542,0.0,0.0
Malaysia,1981,0.0,1.5613693,0.0,0.0
Malaysia,1982,0.0,1.5026711,0.0,0.0
Malaysia,1983,0.0,1.7492031,0.0,0.0
Malaysia,1984,0.0,3.4514477,0.0,0.0
Malaysia,1985,0.0,3.7684176,0.0,0.0
Malaysia,1986,0.0,4.120606,0.0,0.0
Malaysia,1987,0.0,4.9658585,0.0,0.0
Malaysia,1988,0.0,5.728934,0.0,0.0
Malaysia,1989,0.0,5.294568,0.0,0.0
Malaysia,1990,0.0,4.026689,0.0,0.0
Malaysia,1991,0.0,4.4493155,0.0,0.0
Malaysia,1992,0.0,4.286,0.0,0.0
Malaysia,1993,0.0,4.853,0.0,0.0
Malaysia,1994,0.0,6.483,0.0,0.0
Malaysia,1995,0.0,6.218,0.0,0.0
Malaysia,1996,0.0,5.184,0.0,0.0
Malaysia,1997,0.0,4.173,0.0,0.0
Malaysia,1998,0.0,4.457,0.0,0.0
Malaysia,1999,0.0,7.552,0.0,0.0
Malaysia,2000,0.0,6.99,0.0,0.570903
Malaysia,2001,0.0,6.07,0.0,0.574094
Malaysia,2002,0.0,5.41,0.0,0.4044
Malaysia,2003,0.0,5.09,0.0,0.4165
Malaysia,2004,0.0,5.57,0.0,0.57636
Malaysia,2005,0.0,6.01,0.0,0.5925
Malaysia,2006,0.0,6.32,0.0,0.623964
Malaysia,2007,0.0,5.96,0.0,0.759773
Malaysia,2008,0.0,7.81,0.0,0.796761
Malaysia,2009,0.0,6.89,0.0,1.393368
Malaysia,2010,0.0,6.36,0.0,1.2629545
Malaysia,2011,0.0,8.06,0.0,1.537535
Malaysia,2012,0.0,9.25,0.01,1.5016624
Malaysia,2013,0.0,11.8,0.14,1.10359
Malaysia,2014,0.0,13.39,0.23,0.693
Malaysia,2015,0.0,13.92,0.27,0.751
Malaysia,2016,0.0,20.02,0.31,0.76
Malaysia,2017,0.0,26.85,0.33,0.765
Malaysia,2018,0.0,26.33,0.63,1.351
Malaysia,2019,0.0,26.2,0.94,1.6189669
Malaysia,2020,0.0,27.74,1.17,1.6319377
Malaysia,2021,0.0,30.79,1.5,1.6377085
Maldives,2000,0.0,0.0,0.0,0.0
Maldives,2001,0.0,0.0,0.0,0.0
Maldives,2002,0.0,0.0,0.0,0.0
Maldives,2003,0.0,0.0,0.0,0.0
Maldives,2004,0.0,0.0,0.0,0.0
Maldives,2005,0.0,0.0,0.0,0.0
Maldives,2006,0.0,0.0,0.0,0.0
Maldives,2007,0.0,0.0,0.0,0.0
Maldives,2008,0.0,0.0,0.0,0.0
Maldives,2009,0.0,0.0,0.0,0.0
Maldives,2010,0.0,0.0,0.0,0.0
Maldives,2011,0.0,0.0,0.0,0.0
Maldives,2012,0.0,0.0,0.0,0.0
Maldives,2013,0.0,0.0,0.0,0.0
Maldives,2014,0.0,0.0,0.01,0.0
Maldives,2015,0.0,0.0,0.01,0.0
Maldives,2016,0.0,0.0,0.01,0.0
Maldives,2017,0.0,0.0,0.02,0.0
Maldives,2018,0.0,0.0,0.03,0.0
Maldives,2019,0.0,0.0,0.03,0.0
Maldives,2020,0.0,0.0,0.04,0.0
Maldives,2021,0.0,0.0,0.05,0.0
Mali,2000,0.0,0.23,0.0,0.02
Mali,2001,0.0,0.23,0.0,0.02
Mali,2002,0.0,0.24,0.0,0.02
Mali,2003,0.0,0.23,0.0,0.03
Mali,2004,0.0,0.25,0.0,0.03
Mali,2005,0.0,0.45,0.0,0.04
Mali,2006,0.0,0.48,0.0,0.05
Mali,2007,0.0,0.47,0.0,0.05
Mali,2008,0.0,0.57,0.0,0.06
Mali,2009,0.0,0.67,0.0,0.06
Mali,2010,0.0,1.1,0.01,0.07
Mali,2011,0.0,1.15,0.02,0.07
Mali,2012,0.0,1.24,0.03,0.1
Mali,2013,0.0,1.11,0.03,0.1
Mali,2014,0.0,1.38,0.03,0.1
Mali,2015,0.0,1.12,0.03,0.12
Mali,2016,0.0,1.48,0.03,0.11
Mali,2017,0.0,1.48,0.03,0.14
Mali,2018,0.0,1.36,0.03,0.17
Mali,2019,0.0,0.95,0.03,0.19
Mali,2020,0.0,0.95,0.03,0.18
Mali,2021,0.0,1.0,0.03,0.19
Malta,1990,0.0,0.0,0.0,0.0
Malta,1991,0.0,0.0,0.0,0.0
Malta,1992,0.0,0.0,0.0,0.0
Malta,1993,0.0,0.0,0.0,0.0
Malta,1994,0.0,0.0,0.0,0.0
Malta,1995,0.0,0.0,0.0,0.0
Malta,1996,0.0,0.0,0.0,0.0
Malta,1997,0.0,0.0,0.0,0.0
Malta,1998,0.0,0.0,0.0,0.0
Malta,1999,0.0,0.0,0.0,0.0
Malta,2000,0.0,0.0,0.0,0.0
Malta,2001,0.0,0.0,0.0,0.0
Malta,2002,0.0,0.0,0.0,0.0
Malta,2003,0.0,0.0,0.0,0.0
Malta,2004,0.0,0.0,0.0,0.0
Malta,2005,0.0,0.0,0.0,0.0
Malta,2006,0.0,0.0,0.0,0.0
Malta,2007,0.0,0.0,0.0,0.0
Malta,2008,0.0,0.0,0.0,0.0
Malta,2009,0.0,0.0,0.0,0.0
Malta,2010,0.0,0.0,0.0,0.0
Malta,2011,0.0,0.0,0.0,0.0
Malta,2012,0.0,0.0,0.02,0.01
Malta,2013,0.0,0.0,0.03,0.01
Malta,2014,0.0,0.0,0.07,0.01
Malta,2015,0.0,0.0,0.09,0.01
Malta,2016,0.0,0.0,0.13,0.01
Malta,2017,0.0,0.0,0.16,0.01
Malta,2018,0.0,0.0,0.19,0.01
Malta,2019,0.0,0.0,0.2,0.01
Malta,2020,0.0,0.0,0.24,0.01
Malta,2021,0.0,0.0,0.21,0.01
Malta,2022,0.0,0.0,0.26,0.01
Martinique,2000,0.0,0.0,0.0,0.0
Martinique,2001,0.0,0.0,0.0,0.0
Martinique,2002,0.0,0.0,0.0,0.0
Martinique,2003,0.0,0.0,0.0,0.0
Martinique,2004,0.0,0.0,0.0,0.0
Martinique,2005,0.0,0.0,0.0,0.0
Martinique,2006,0.0,0.0,0.0,0.0
Martinique,2007,0.0,0.0,0.0,0.0
Martinique,2008,0.0,0.0,0.0,0.0
Martinique,2009,0.0,0.0,0.0,0.0
Martinique,2010,0.0,0.0,0.0,0.0
Martinique,2011,0.0,0.0,0.0,0.0
Martinique,2012,,,0.0,
Martinique,2013,,,0.0,
Martinique,2014,,,0.0,
Martinique,2015,,,0.0,
Martinique,2016,,,0.0,
Martinique,2017,,,0.0,
Martinique,2018,,,0.0,
Martinique,2019,,,0.0,
Martinique,2020,,,0.0,
Martinique,2021,,,0.0,
Mauritania,2000,0.0,0.03,0.0,0.0
Mauritania,2001,0.0,0.03,0.0,0.0
Mauritania,2002,0.0,0.03,0.0,0.0
Mauritania,2003,0.0,0.04,0.0,0.0
Mauritania,2004,0.0,0.04,0.0,0.0
Mauritania,2005,0.0,0.05,0.0,0.0
Mauritania,2006,0.0,0.05,0.0,0.0
Mauritania,2007,0.0,0.05,0.0,0.0
Mauritania,2008,0.0,0.06,0.0,0.0
Mauritania,2009,0.0,0.11,0.0,0.0
Mauritania,2010,0.0,0.12,0.0,0.0
Mauritania,2011,0.0,0.13,0.0,0.0
Mauritania,2012,0.0,0.14,0.0,0.0
Mauritania,2013,0.01,0.17,0.03,0.0
Mauritania,2014,0.01,0.18,0.03,0.0
Mauritania,2015,0.1,0.19,0.03,0.0
Mauritania,2016,0.1,0.13,0.06,0.0
Mauritania,2017,0.1,0.17,0.06,0.0
Mauritania,2018,0.1,0.19,0.14,0.0
Mauritania,2019,0.12,0.2,0.14,0.0
Mauritania,2020,0.13,0.21,0.14,0.0
Mauritania,2021,0.15,0.21,0.14,0.0
Mauritius,2000,0.0,0.09,0.0,0.17
Mauritius,2001,0.0,0.07,0.0,0.22
Mauritius,2002,0.0,0.09,0.0,0.22
Mauritius,2003,0.0,0.12,0.0,0.23
Mauritius,2004,0.0,0.12,0.0,0.23
Mauritius,2005,0.0,0.11,0.0,0.48
Mauritius,2006,0.0,0.08,0.0,0.26
Mauritius,2007,0.0,0.08,0.0,0.27
Mauritius,2008,0.0,0.11,0.0,0.25
Mauritius,2009,0.0,0.12,0.0,0.36
Mauritius,2010,0.0,0.1,0.0,0.37
Mauritius,2011,0.0,0.05,0.0,0.35
Mauritius,2012,0.0,0.07,0.0,0.28
Mauritius,2013,0.0,0.09,0.0,0.3
Mauritius,2014,0.0,0.09,0.03,0.31
Mauritius,2015,0.0,0.12,0.03,0.34
Mauritius,2016,0.02,0.1,0.03,0.35
Mauritius,2017,0.01,0.09,0.04,0.36
Mauritius,2018,0.01,0.12,0.05,0.36
Mauritius,2019,0.01,0.1,0.13,0.36
Mauritius,2020,0.02,0.1,0.15,0.31
Mauritius,2021,0.02,0.1,0.16,0.33
Mexico,1965,0.0,8.863,0.0,0.0
Mexico,1966,0.0,10.118,0.0,0.0
Mexico,1967,0.0,11.017,0.0,0.0
Mexico,1968,0.0,12.642,0.0,0.0
Mexico,1969,0.0,13.406,0.0,0.0
Mexico,1970,0.0,15.005,0.0,0.0
Mexico,1971,0.0,14.572,0.0,0.0
Mexico,1972,0.0,15.531,0.0,0.0
Mexico,1973,0.0,16.371,0.0,0.161
Mexico,1974,0.0,16.708,0.0,0.463
Mexico,1975,0.0,15.182,0.0,0.518
Mexico,1976,0.0,17.255,0.0,0.579
Mexico,1977,0.0,19.193,0.0,0.592
Mexico,1978,0.0,16.217,0.0,0.598
Mexico,1979,0.0,18.008,0.0,1.019
Mexico,1980,0.0,16.91,0.0,0.915
Mexico,1981,0.0,24.618,0.0,0.964
Mexico,1982,0.0,22.924,0.0,1.296
Mexico,1983,0.0,20.733,0.0,1.353
Mexico,1984,0.0,23.603,0.0,1.424
Mexico,1985,0.0,28.427292,0.0,1.641
Mexico,1986,0.0,21.2975,0.0,3.394
Mexico,1987,0.0,19.285194,0.0,4.418
Mexico,1988,0.0,21.836111,0.0,4.633
Mexico,1989,0.0,25.354195,0.0,4.675
Mexico,1990,0.001,24.480944,0.001,5.124
Mexico,1991,0.001,22.625263,0.002,5.8325124
Mexico,1992,0.001,26.813694,0.003,6.365523
Mexico,1993,0.001,26.65493,0.004,6.4997606
Mexico,1994,0.005,20.27132,0.005,6.2185254
Mexico,1995,0.007,27.598667,0.005,6.4144435
Mexico,1996,0.006,31.336277,0.006,6.184555
Mexico,1997,0.012,26.362097,0.006,5.8832464
Mexico,1998,0.015,24.592945,0.007,6.138586
Mexico,1999,0.017,32.71232,0.007,6.0600014
Mexico,2000,0.02,32.8,0.01,11.68
Mexico,2001,0.02,28.22,0.01,11.309999
Mexico,2002,0.02,24.7,0.01,10.940001
Mexico,2003,0.02,19.68,0.01,12.4
Mexico,2004,0.02,24.95,0.01,13.21
Mexico,2005,0.02,27.38,0.01,14.88
Mexico,2006,0.06,30.09,0.01,13.469999
Mexico,2007,0.26,27.0,0.01,14.87
Mexico,2008,0.27,38.79,0.01,14.15
Mexico,2009,0.6,26.45,0.01,13.53
Mexico,2010,1.24,36.79,0.03,13.309999
Mexico,2011,1.63,35.93,0.04,13.1
Mexico,2012,3.67,31.59,0.07,11.870001
Mexico,2013,4.17,27.72,0.11,12.67
Mexico,2014,6.35,38.55,0.22,12.34
Mexico,2015,8.45,30.61,0.24,13.12
Mexico,2016,9.93,29.74,0.46,12.84
Mexico,2017,9.91,31.74,1.07,13.16
Mexico,2018,12.53,32.3,1.36,12.59
Mexico,2019,16.78,23.54,6.97,11.71
Mexico,2020,19.77,26.74,11.24,11.440001
Mexico,2021,20.97,34.47,14.16,11.05
Moldova,2000,0.0,0.39,0.0,0.0
Moldova,2001,0.0,0.36,0.0,0.0
Moldova,2002,0.0,0.35,0.0,0.0
Moldova,2003,0.0,0.36,0.0,0.0
Moldova,2004,0.0,0.35,0.0,0.0
Moldova,2005,0.0,0.36,0.0,0.0
Moldova,2006,0.0,0.37,0.0,0.0
Moldova,2007,0.0,0.35,0.0,0.0
Moldova,2008,0.0,0.38,0.0,0.0
Moldova,2009,0.0,0.35,0.0,0.0
Moldova,2010,0.0,0.4,0.0,0.0
Moldova,2011,0.0,0.35,0.0,0.0
Moldova,2012,0.0,0.27,0.0,0.0
Moldova,2013,0.0,0.31,0.0,0.0
Moldova,2014,0.0,0.32,0.0,0.01
Moldova,2015,0.0,0.26,0.0,0.01
Moldova,2016,0.0,0.23,0.0,0.01
Moldova,2017,0.01,0.28,0.0,0.01
Moldova,2018,0.02,0.27,0.0,0.01
Moldova,2019,0.04,0.3,0.0,0.01
Moldova,2020,0.05,0.28,0.0,0.01
Moldova,2021,0.08,0.32,0.01,0.02
Mongolia,2000,0.0,0.0,0.0,0.0
Mongolia,2001,0.0,0.0,0.0,0.0
Mongolia,2002,0.0,0.0,0.0,0.0
Mongolia,2003,0.0,0.0,0.0,0.0
Mongolia,2004,0.0,0.0,0.0,0.0
Mongolia,2005,0.0,0.0,0.0,0.0
Mongolia,2006,0.0,0.0,0.0,0.0
Mongolia,2007,0.0,0.0,0.0,0.0
Mongolia,2008,0.0,0.0,0.01,0.0
Mongolia,2009,0.0,0.0,0.01,0.0
Mongolia,2010,0.0,0.04,0.01,0.0
Mongolia,2011,0.0,0.05,0.01,0.0
Mongolia,2012,0.0,0.05,0.01,0.0
Mongolia,2013,0.05,0.06,0.01,0.0
Mongolia,2014,0.13,0.07,0.01,0.0
Mongolia,2015,0.15,0.06,0.01,0.0
Mongolia,2016,0.15,0.09,0.01,0.0
Mongolia,2017,0.14,0.08,0.03,0.0
Mongolia,2018,0.3,0.08,0.06,0.0
Mongolia,2019,0.48,0.09,0.08,0.0
Mongolia,2020,0.48,0.08,0.12,0.0
Mongolia,2021,0.48,0.08,0.14,0.0
Montenegro,2005,0.0,1.87,0.0,0.0
Montenegro,2006,0.0,1.75,0.0,0.0
Montenegro,2007,0.0,1.28,0.0,0.0
Montenegro,2008,0.0,1.54,0.0,0.0
Montenegro,2009,0.0,2.07,0.0,0.0
Montenegro,2010,0.0,2.75,0.0,0.0
Montenegro,2011,0.0,1.2,0.0,0.0
Montenegro,2012,0.0,1.48,0.0,0.0
Montenegro,2013,0.0,2.5,0.0,0.0
Montenegro,2014,0.0,1.75,0.0,0.0
Montenegro,2015,0.0,1.49,0.0,0.0
Montenegro,2016,0.0,1.84,0.0,0.0
Montenegro,2017,0.1,1.02,0.0,0.0
Montenegro,2018,0.14,2.11,0.0,0.0
Montenegro,2019,0.3,1.63,0.0,0.0
Montenegro,2020,0.32,1.45,0.0,0.0
Montenegro,2021,0.33,1.98,0.0,0.0
Montserrat,2000,0.0,0.0,0.0,0.0
Montserrat,2001,0.0,0.0,0.0,0.0
Montserrat,2002,0.0,0.0,0.0,0.0
Montserrat,2003,0.0,0.0,0.0,0.0
Montserrat,2004,0.0,0.0,0.0,0.0
Montserrat,2005,0.0,0.0,0.0,0.0
Montserrat,2006,0.0,0.0,0.0,0.0
Montserrat,2007,0.0,0.0,0.0,0.0
Montserrat,2008,0.0,0.0,0.0,0.0
Montserrat,2009,0.0,0.0,0.0,0.0
Montserrat,2010,0.0,0.0,0.0,0.0
Montserrat,2011,0.0,0.0,0.0,0.0
Montserrat,2012,0.0,0.0,0.0,0.0
Montserrat,2013,0.0,0.0,0.0,0.0
Montserrat,2014,0.0,0.0,0.0,0.0
Montserrat,2015,0.0,0.0,0.0,0.0
Montserrat,2016,0.0,0.0,0.0,0.0
Montserrat,2017,0.0,0.0,0.0,0.0
Montserrat,2018,0.0,0.0,0.0,0.0
Montserrat,2019,0.0,0.0,0.0,0.0
Montserrat,2020,0.0,0.0,0.0,0.0
Montserrat,2021,0.0,0.0,0.0,0.0
Morocco,1965,0.0,1.213,0.0,0.0
Morocco,1966,0.0,1.054,0.0,0.0
Morocco,1967,0.0,0.932,0.0,0.0
Morocco,1968,0.0,1.058,0.0,0.0
Morocco,1969,0.0,1.368,0.0,0.0
Morocco,1970,0.0,1.346,0.0,0.0
Morocco,1971,0.0,1.52,0.0,0.0
Morocco,1972,0.0,1.596,0.0,0.0
Morocco,1973,0.0,1.192,0.0,0.0
Morocco,1974,0.0,1.337,0.0,0.0
Morocco,1975,0.0,1.016,0.0,0.0
Morocco,1976,0.0,0.998,0.0,0.0
Morocco,1977,0.0,1.365,0.0,0.0
Morocco,1978,0.0,1.416,0.0,0.0
Morocco,1979,0.0,1.582,0.0,0.0
Morocco,1980,0.0,1.515,0.0,0.0
Morocco,1981,0.0,1.024,0.0,0.0
Morocco,1982,0.0,0.572,0.0,0.0
Morocco,1983,0.0,0.481,0.0,0.0
Morocco,1984,0.0,0.366,0.0,0.0
Morocco,1985,0.0,0.486,0.0,0.0
Morocco,1986,0.0,0.643,0.0,0.0
Morocco,1987,0.0,0.825,0.0,0.0
Morocco,1988,0.0,0.936,0.0,0.0
Morocco,1989,0.0,1.157,0.0,0.0
Morocco,1990,0.0,1.22,0.0,0.0
Morocco,1991,0.0,1.226,0.0,0.0
Morocco,1992,0.0,0.964,0.0,0.0
Morocco,1993,0.0,0.443,0.0,0.0
Morocco,1994,0.0,0.84,0.0,0.0
Morocco,1995,0.0,0.611,0.0,0.0
Morocco,1996,0.0,1.957,0.0,0.0
Morocco,1997,0.0,2.083,0.0,0.0
Morocco,1998,0.0,1.777,0.0,0.0
Morocco,1999,0.0,0.825,0.0,0.0
Morocco,2000,0.06,0.71,0.0,0.0
Morocco,2001,0.21,0.86,0.0,0.0
Morocco,2002,0.19,0.84,0.0,0.0
Morocco,2003,0.2,1.44,0.0,0.0
Morocco,2004,0.2,1.59,0.0,0.0
Morocco,2005,0.21,0.97,0.0,0.0
Morocco,2006,0.18,0.99,0.0,0.0
Morocco,2007,0.28,0.91,0.0,0.0
Morocco,2008,0.3,0.92,0.0,0.0
Morocco,2009,0.39,2.54,0.0,0.0
Morocco,2010,0.66,3.43,0.0,0.01
Morocco,2011,0.69,1.99,0.0,0.01
Morocco,2012,0.73,1.62,0.06,0.01
Morocco,2013,1.36,2.76,0.06,0.01
Morocco,2014,1.92,1.62,0.06,0.01
Morocco,2015,2.52,1.87,0.03,0.03
Morocco,2016,3.02,1.24,0.43,0.05
Morocco,2017,3.04,1.17,0.44,0.04
Morocco,2018,3.86,1.68,0.95,0.03
Morocco,2019,4.72,1.26,1.58,0.04
Morocco,2020,4.59,0.87,1.52,0.04
Morocco,2021,5.11,1.21,1.82,0.04
Mozambique,2000,0.0,9.56,0.0,0.03
Mozambique,2001,0.0,11.72,0.0,0.03
Mozambique,2002,0.0,12.55,0.0,0.04
Mozambique,2003,0.0,10.76,0.0,0.04
Mozambique,2004,0.0,11.55,0.0,0.04
Mozambique,2005,0.0,13.13,0.0,0.03
Mozambique,2006,0.0,14.57,0.0,0.03
Mozambique,2007,0.0,15.9,0.0,0.03
Mozambique,2008,0.0,14.96,0.0,0.03
Mozambique,2009,0.0,16.78,0.0,0.03
Mozambique,2010,0.0,16.48,0.0,0.03
Mozambique,2011,0.0,16.64,0.0,0.04
Mozambique,2012,0.0,14.99,0.0,0.04
Mozambique,2013,0.0,14.4,0.0,0.17
Mozambique,2014,0.0,16.01,0.0,0.7
Mozambique,2015,0.0,17.03,0.0,1.03
Mozambique,2016,0.0,15.45,0.0,0.31
Mozambique,2017,0.0,13.92,0.0,0.29
Mozambique,2018,0.0,13.78,0.0,0.11
Mozambique,2019,0.0,14.93,0.0,0.14
Mozambique,2020,0.0,15.7,0.03,0.13
Mozambique,2021,0.0,16.0,0.07,0.14
Myanmar,2000,0.0,1.87,0.0,0.14
Myanmar,2001,0.0,1.8,0.0,0.15
Myanmar,2002,0.0,2.21,0.0,0.14
Myanmar,2003,0.0,2.23,0.0,0.17
Myanmar,2004,0.0,2.38,0.0,0.16
Myanmar,2005,0.0,2.97,0.0,0.14
Myanmar,2006,0.0,3.29,0.0,0.15
Myanmar,2007,0.0,3.58,0.0,0.17
Myanmar,2008,0.0,4.03,0.0,0.16
Myanmar,2009,0.0,5.2,0.0,0.1
Myanmar,2010,0.0,5.05,0.0,0.14
Myanmar,2011,0.0,7.44,0.0,0.14
Myanmar,2012,0.0,7.69,0.0,0.19
Myanmar,2013,0.0,8.73,0.01,0.2
Myanmar,2014,0.0,8.74,0.01,0.21
Myanmar,2015,0.0,9.31,0.03,0.23
Myanmar,2016,0.0,9.65,0.05,0.28
Myanmar,2017,0.0,10.93,0.06,0.26
Myanmar,2018,0.0,12.27,0.07,0.25
Myanmar,2019,0.0,10.52,0.09,0.32
Myanmar,2020,0.0,11.0,0.08,0.26
Myanmar,2021,0.0,9.0,0.1,0.27
Namibia,2000,0.0,1.37,0.0,0.0
Namibia,2001,0.0,1.36,0.0,0.0
Namibia,2002,0.0,1.45,0.0,0.0
Namibia,2003,0.0,1.5,0.0,0.0
Namibia,2004,0.0,1.59,0.0,0.0
Namibia,2005,0.0,1.64,0.0,0.0
Namibia,2006,0.0,1.59,0.0,0.0
Namibia,2007,0.0,1.56,0.0,0.0
Namibia,2008,0.0,1.48,0.0,0.0
Namibia,2009,0.0,1.39,0.0,0.0
Namibia,2010,0.0,1.24,0.01,0.0
Namibia,2011,0.0,1.39,0.01,0.0
Namibia,2012,0.0,1.59,0.01,0.0
Namibia,2013,0.0,1.26,0.02,0.0
Namibia,2014,0.0,1.47,0.03,0.0
Namibia,2015,0.0,1.49,0.04,0.0
Namibia,2016,0.0,1.35,0.06,0.0
Namibia,2017,0.0,1.58,0.1,0.0
Namibia,2018,0.02,1.13,0.24,0.0
Namibia,2019,0.02,0.95,0.35,0.0
Namibia,2020,0.02,1.5,0.37,0.0
Namibia,2021,0.02,1.1,0.38,0.0
Nauru,2000,0.0,0.0,0.0,0.0
Nauru,2001,0.0,0.0,0.0,0.0
Nauru,2002,0.0,0.0,0.0,0.0
Nauru,2003,0.0,0.0,0.0,0.0
Nauru,2004,0.0,0.0,0.0,0.0
Nauru,2005,0.0,0.0,0.0,0.0
Nauru,2006,0.0,0.0,0.0,0.0
Nauru,2007,0.0,0.0,0.0,0.0
Nauru,2008,0.0,0.0,0.0,0.0
Nauru,2009,0.0,0.0,0.0,0.0
Nauru,2010,0.0,0.0,0.0,0.0
Nauru,2011,0.0,0.0,0.0,0.0
Nauru,2012,0.0,0.0,0.0,0.0
Nauru,2013,0.0,0.0,0.0,0.0
Nauru,2014,0.0,0.0,0.0,0.0
Nauru,2015,0.0,0.0,0.0,0.0
Nauru,2016,0.0,0.0,0.0,0.0
Nauru,2017,0.0,0.0,0.0,0.0
Nauru,2018,0.0,0.0,0.0,0.0
Nauru,2019,0.0,0.0,0.0,0.0
Nauru,2020,0.0,0.0,0.0,0.0
Nauru,2021,0.0,0.0,0.0,0.0
Nepal,2000,0.0,1.62,0.0,0.01
Nepal,2001,0.0,1.83,0.0,0.0
Nepal,2002,0.0,2.1,0.0,0.0
Nepal,2003,0.0,2.24,0.0,0.0
Nepal,2004,0.0,2.38,0.0,0.0
Nepal,2005,0.0,2.49,0.0,0.0
Nepal,2006,0.0,2.71,0.0,0.0
Nepal,2007,0.0,2.76,0.01,0.0
Nepal,2008,0.0,2.78,0.01,0.0
Nepal,2009,0.0,3.07,0.01,0.0
Nepal,2010,0.0,3.17,0.01,0.0
Nepal,2011,0.0,3.45,0.01,0.0
Nepal,2012,0.0,3.5,0.01,0.0
Nepal,2013,0.0,3.47,0.02,0.0
Nepal,2014,0.01,3.75,0.02,0.0
Nepal,2015,0.01,3.42,0.02,0.0
Nepal,2016,0.01,4.2,0.02,0.0
Nepal,2017,0.01,4.63,0.08,0.0
Nepal,2018,0.01,4.9,0.08,0.0
Nepal,2019,0.01,6.18,0.07,0.0
Nepal,2020,0.01,6.22,0.1,0.0
Nepal,2021,0.01,6.0,0.11,0.0
Netherlands,1965,0.0,0.0,0.0,0.0
Netherlands,1966,0.0,0.0,0.0,0.0
Netherlands,1967,0.0,0.0,0.0,0.0
Netherlands,1968,0.0,0.0,0.0,0.0
Netherlands,1969,0.0,0.0,0.0,0.0
Netherlands,1970,0.0,0.0,0.0,0.0
Netherlands,1971,0.0,0.0,0.0,0.0
Netherlands,1972,0.0,0.0,0.0,0.0
Netherlands,1973,0.0,0.0,0.0,0.0
Netherlands,1974,0.0,0.0,0.0,0.0
Netherlands,1975,0.0,0.0,0.0,0.803
Netherlands,1976,0.0,0.0,0.0,0.872
Netherlands,1977,0.0,0.0,0.0,0.867
Netherlands,1978,0.0,0.0,0.0,1.211
Netherlands,1979,0.0,0.0,0.0,1.106
Netherlands,1980,0.0,0.0,0.0,1.024
Netherlands,1981,0.0,0.0,0.0,1.085
Netherlands,1982,0.0,0.0,0.0,0.265
Netherlands,1983,0.0,0.0,0.0,0.231
Netherlands,1984,0.0,0.0,0.0,0.017
Netherlands,1985,0.0,0.003,0.0,0.441
Netherlands,1986,0.001,0.003,0.0,0.553
Netherlands,1987,0.002,0.001,0.0,0.702
Netherlands,1988,0.016,0.002,0.0,0.835
Netherlands,1989,0.023,0.037,0.0,0.9
Netherlands,1990,0.06,0.09,0.0,0.67
Netherlands,1991,0.09,0.1,0.0,0.74
Netherlands,1992,0.15,0.12,0.0,0.73
Netherlands,1993,0.17,0.09,0.0,0.84
Netherlands,1994,0.24,0.1,0.0,0.92
Netherlands,1995,0.32,0.09,0.0,1.0
Netherlands,1996,0.44,0.08,0.0,1.3
Netherlands,1997,0.47,0.09,0.0,1.45
Netherlands,1998,0.64,0.11,0.0,1.57
Netherlands,1999,0.64,0.09,0.01,1.77
Netherlands,2000,0.83,0.14,0.01,1.99
Netherlands,2001,0.83,0.12,0.01,2.35
Netherlands,2002,0.95,0.11,0.02,2.9
Netherlands,2003,1.32,0.07,0.03,2.54
Netherlands,2004,1.87,0.09,0.03,3.31
Netherlands,2005,2.07,0.09,0.04,5.26
Netherlands,2006,2.73,0.11,0.04,5.17
Netherlands,2007,3.44,0.11,0.04,4.0
Netherlands,2008,4.26,0.1,0.04,5.13
Netherlands,2009,4.58,0.1,0.04,6.11
Netherlands,2010,3.99,0.1,0.06,7.04
Netherlands,2011,5.1,0.06,0.1,7.06
Netherlands,2012,4.98,0.1,0.19,7.2
Netherlands,2013,5.63,0.11,0.41,5.95
Netherlands,2014,5.8,0.11,0.73,5.01
Netherlands,2015,7.55,0.09,1.11,4.94
Netherlands,2016,8.17,0.1,1.6,4.91
Netherlands,2017,10.57,0.06,2.2,4.6
Netherlands,2018,10.55,0.07,3.71,4.58
Netherlands,2019,11.51,0.07,5.4,5.81
Netherlands,2020,15.28,0.05,8.57,8.85
Netherlands,2021,18.0,0.09,11.5,10.88
Netherlands,2022,20.52,0.07,17.34,9.85
New Caledonia,2000,0.01,0.44,0.0,0.0
New Caledonia,2001,0.01,0.36,0.0,0.0
New Caledonia,2002,0.01,0.32,0.0,0.0
New Caledonia,2003,0.0,0.32,0.0,0.0
New Caledonia,2004,0.01,0.32,0.0,0.0
New Caledonia,2005,0.02,0.34,0.0,0.0
New Caledonia,2006,0.03,0.28,0.0,0.0
New Caledonia,2007,0.04,0.39,0.0,0.0
New Caledonia,2008,0.03,0.45,0.0,0.0
New Caledonia,2009,0.03,0.4,0.0,0.0
New Caledonia,2010,0.05,0.26,0.0,0.0
New Caledonia,2011,0.05,0.37,0.0,0.0
New Caledonia,2012,0.06,0.4,0.0,0.0
New Caledonia,2013,0.05,0.46,0.0,0.0
New Caledonia,2014,0.06,0.29,0.0,0.0
New Caledonia,2015,0.06,0.34,0.01,0.0
New Caledonia,2016,0.05,0.23,0.01,0.0
New Caledonia,2017,0.05,0.36,0.03,0.0
New Caledonia,2018,0.05,0.32,0.05,0.0
New Caledonia,2019,0.06,0.36,0.12,0.0
New Caledonia,2020,0.05,0.22,0.15,0.0
New Caledonia,2021,0.06,0.22,0.18,0.0
New Zealand,1965,0.0,10.01878,0.0,1.348
New Zealand,1966,0.0,10.805433,0.0,1.359
New Zealand,1967,0.0,11.220857,0.0,1.134
New Zealand,1968,0.0,11.773282,0.0,1.295
New Zealand,1969,0.0,11.63628,0.0,1.327
New Zealand,1970,0.0,12.67042,0.0,1.273
New Zealand,1971,0.0,14.393986,0.0,1.256
New Zealand,1972,0.0,15.264607,0.0,1.257
New Zealand,1973,0.0,15.09667,0.0,1.243
New Zealand,1974,0.0,15.188889,0.0,2.0790577
New Zealand,1975,0.0,16.663637,0.0,2.1061628
New Zealand,1976,0.0,15.49899,0.0,2.054847
New Zealand,1977,0.0,14.720202,0.0,1.9780049
New Zealand,1978,0.0,15.6595955,0.0,2.0011628
New Zealand,1979,0.0,18.443434,0.0,1.8775839
New Zealand,1980,0.0,19.364647,0.0,1.9714787
New Zealand,1981,0.0,19.679798,0.0,1.938584
New Zealand,1982,0.0,18.30404,0.0,1.9683207
New Zealand,1983,0.0,19.751514,0.0,1.9863839
New Zealand,1984,0.0,20.376768,0.0,2.1384313
New Zealand,1985,0.0,19.707859,0.0,2.0102081
New Zealand,1986,0.0,22.097696,0.0,2.0830345
New Zealand,1987,0.0,21.928556,0.0,2.0779002
New Zealand,1988,0.0,22.962656,0.0,2.087283
New Zealand,1989,0.0,22.558859,0.0,2.578135
New Zealand,1990,0.0,23.185303,0.0,2.9529426
New Zealand,1991,0.0,22.894464,0.0,3.1218293
New Zealand,1992,0.000690909,21.092667,0.0,3.0693219
New Zealand,1993,0.000985859,23.492899,0.0,3.2180853
New Zealand,1994,0.001010101,25.83708,0.0,3.0746424
New Zealand,1995,0.001010101,27.534758,0.0,3.0245616
New Zealand,1996,0.008326263,26.18293,0.0,2.9514518
New Zealand,1997,0.013593556,23.258162,0.0,3.0464327
New Zealand,1998,0.022069696,25.319334,0.0,3.3079102
New Zealand,1999,0.03899293,22.919535,0.0,3.5562158
New Zealand,2000,0.12,24.19,0.0,3.23
New Zealand,2001,0.14,21.46,0.0,3.27
New Zealand,2002,0.15,24.62,0.0,3.2
New Zealand,2003,0.15,23.39,0.0,3.26
New Zealand,2004,0.36,26.97,0.0,3.19
New Zealand,2005,0.61,23.09,0.0,3.79
New Zealand,2006,0.62,23.34,0.0,4.01
New Zealand,2007,0.92,23.4,0.0,4.0499997
New Zealand,2008,1.05,22.12,0.0,4.7
New Zealand,2009,1.46,23.98,0.0,5.1600003
New Zealand,2010,1.62,24.48,0.0,6.12
New Zealand,2011,1.94,24.86,0.0,6.32
New Zealand,2012,2.06,22.67,0.0,6.64
New Zealand,2013,2.0,22.8,0.01,6.99
New Zealand,2014,2.19,24.07,0.02,7.66
New Zealand,2015,2.34,24.28,0.04,8.2
New Zealand,2016,2.32,25.68,0.06,8.09
New Zealand,2017,2.07,24.92,0.08,8.21
New Zealand,2018,2.05,25.99,0.1,8.11
New Zealand,2019,2.23,25.34,0.13,8.21
New Zealand,2020,2.28,24.03,0.16,8.26
New Zealand,2021,2.62,23.98,0.2,8.25
Nicaragua,2000,0.0,0.21,0.0,0.22999999
Nicaragua,2001,0.0,0.19,0.0,0.26999998
Nicaragua,2002,0.0,0.3,0.0,0.39
Nicaragua,2003,0.0,0.29,0.0,0.53
Nicaragua,2004,0.0,0.32,0.0,0.7
Nicaragua,2005,0.0,0.43,0.0,0.76
Nicaragua,2006,0.0,0.31,0.0,0.84
Nicaragua,2007,0.0,0.3,0.0,0.69
Nicaragua,2008,0.0,0.53,0.0,0.73
Nicaragua,2009,0.11,0.29,0.0,0.76
Nicaragua,2010,0.16,0.5,0.0,0.68
Nicaragua,2011,0.21,0.44,0.0,0.65999997
Nicaragua,2012,0.33,0.41,0.01,0.91999996
Nicaragua,2013,0.56,0.45,0.0,1.04
Nicaragua,2014,0.85,0.39,0.0,1.04
Nicaragua,2015,0.87,0.29,0.0,1.08
Nicaragua,2016,0.73,0.42,0.0,1.23
Nicaragua,2017,0.63,0.46,0.01,1.2
Nicaragua,2018,0.8,0.41,0.02,1.25
Nicaragua,2019,0.73,0.23,0.03,1.3199999
Nicaragua,2020,0.55,0.57,0.03,1.27
Nicaragua,2021,0.63,0.57,0.03,1.3
Niger,2000,0.0,0.0,0.0,0.0
Niger,2001,0.0,0.0,0.0,0.0
Niger,2002,0.0,0.0,0.0,0.0
Niger,2003,0.0,0.0,0.0,0.0
Niger,2004,0.0,0.0,0.0,0.0
Niger,2005,0.0,0.0,0.0,0.0
Niger,2006,0.0,0.0,0.0,0.0
Niger,2007,0.0,0.0,0.0,0.0
Niger,2008,0.0,0.0,0.0,0.0
Niger,2009,0.0,0.0,0.0,0.0
Niger,2010,0.0,0.0,0.0,0.0
Niger,2011,0.0,0.0,0.0,0.0
Niger,2012,0.0,0.0,0.01,0.0
Niger,2013,0.0,0.0,0.01,0.0
Niger,2014,0.0,0.0,0.01,0.0
Niger,2015,0.0,0.0,0.01,0.0
Niger,2016,0.0,0.0,0.01,0.0
Niger,2017,0.0,0.0,0.01,0.0
Niger,2018,0.0,0.0,0.05,0.0
Niger,2019,0.0,0.0,0.05,0.0
Niger,2020,0.0,0.0,0.05,0.0
Niger,2021,0.0,0.0,0.05,0.0
Nigeria,2000,0.0,5.69,0.0,0.01
Nigeria,2001,0.0,5.85,0.0,0.01
Nigeria,2002,0.0,8.15,0.0,0.01
Nigeria,2003,0.0,7.37,0.0,0.01
Nigeria,2004,0.0,8.03,0.0,0.02
Nigeria,2005,0.0,7.69,0.0,0.01
Nigeria,2006,0.0,6.2,0.0,0.01
Nigeria,2007,0.0,6.16,0.0,0.01
Nigeria,2008,0.0,5.66,0.0,0.01
Nigeria,2009,0.0,4.48,0.0,0.01
Nigeria,2010,0.0,6.31,0.0,0.02
Nigeria,2011,0.0,5.82,0.0,0.02
Nigeria,2012,0.0,5.6,0.02,0.02
Nigeria,2013,0.0,5.27,0.02,0.02
Nigeria,2014,0.0,5.29,0.02,0.02
Nigeria,2015,0.0,5.66,0.03,0.02
Nigeria,2016,0.0,8.07,0.03,0.02
Nigeria,2017,0.0,7.67,0.03,0.02
Nigeria,2018,0.0,7.69,0.03,0.02
Nigeria,2019,0.0,8.43,0.04,0.02
Nigeria,2020,0.0,7.69,0.04,0.02
Nigeria,2021,0.0,8.0,0.05,0.02
Niue,2000,0.0,0.0,0.0,0.0
Niue,2001,0.0,0.0,0.0,0.0
Niue,2002,0.0,0.0,0.0,0.0
Niue,2003,0.0,0.0,0.0,0.0
Niue,2004,0.0,0.0,0.0,0.0
Niue,2005,0.0,0.0,0.0,0.0
Niue,2006,0.0,0.0,0.0,0.0
Niue,2007,0.0,0.0,0.0,0.0
Niue,2008,0.0,0.0,0.0,0.0
Niue,2009,0.0,0.0,0.0,0.0
Niue,2010,0.0,0.0,0.0,0.0
Niue,2011,0.0,0.0,0.0,0.0
Niue,2012,0.0,0.0,0.0,0.0
Niue,2013,0.0,0.0,0.0,0.0
Niue,2014,0.0,0.0,0.0,0.0
Niue,2015,0.0,0.0,0.0,0.0
Niue,2016,0.0,0.0,0.0,0.0
Niue,2017,0.0,0.0,0.0,0.0
Niue,2018,0.0,0.0,0.0,0.0
Niue,2019,0.0,0.0,0.0,0.0
Niue,2020,0.0,0.0,0.0,0.0
Niue,2021,0.0,0.0,0.0,0.0
North Korea,2000,0.0,10.1,0.0,0.0
North Korea,2001,0.0,10.49,0.0,0.0
North Korea,2002,0.0,10.51,0.0,0.0
North Korea,2003,0.0,11.6,0.0,0.0
North Korea,2004,0.0,12.38,0.0,0.0
North Korea,2005,0.0,13.0,0.0,0.0
North Korea,2006,0.0,12.49,0.0,0.0
North Korea,2007,0.0,13.15,0.0,0.0
North Korea,2008,0.0,13.93,0.0,0.0
North Korea,2009,0.0,12.38,0.0,0.0
North Korea,2010,0.0,13.27,0.0,0.0
North Korea,2011,0.0,13.07,0.0,0.0
North Korea,2012,0.0,13.36,0.0,0.0
North Korea,2013,0.0,13.76,0.0,0.0
North Korea,2014,0.0,12.87,0.01,0.0
North Korea,2015,0.0,9.9,0.01,0.0
North Korea,2016,0.0,12.67,0.01,0.0
North Korea,2017,0.0,11.78,0.01,0.0
North Korea,2018,0.0,12.67,0.01,0.0
North Korea,2019,0.0,11.0,0.02,0.0
North Korea,2020,0.0,12.8,0.02,0.0
North Korea,2021,0.0,12.0,0.02,0.0
North Macedonia,1990,0.0,0.49,0.0,0.0
North Macedonia,1991,0.0,0.85,0.0,0.0
North Macedonia,1992,0.0,0.85,0.0,0.0
North Macedonia,1993,0.0,0.52,0.0,0.0
North Macedonia,1994,0.0,0.69,0.0,0.0
North Macedonia,1995,0.0,0.8,0.0,0.0
North Macedonia,1996,0.0,0.85,0.0,0.0
North Macedonia,1997,0.0,0.9,0.0,0.0
North Macedonia,1998,0.0,1.08,0.0,0.0
North Macedonia,1999,0.0,1.39,0.0,0.0
North Macedonia,2000,0.0,1.17,0.0,0.0
North Macedonia,2001,0.0,0.63,0.0,0.0
North Macedonia,2002,0.0,0.76,0.0,0.0
North Macedonia,2003,0.0,1.37,0.0,0.0
North Macedonia,2004,0.0,1.48,0.0,0.0
North Macedonia,2005,0.0,1.49,0.0,0.0
North Macedonia,2006,0.0,1.65,0.0,0.0
North Macedonia,2007,0.0,1.01,0.0,0.0
North Macedonia,2008,0.0,0.84,0.0,0.0
North Macedonia,2009,0.0,1.27,0.0,0.0
North Macedonia,2010,0.0,2.43,0.0,0.0
North Macedonia,2011,0.0,1.43,0.0,0.0
North Macedonia,2012,0.0,1.04,0.0,0.0
North Macedonia,2013,0.0,1.58,0.01,0.0
North Macedonia,2014,0.07,1.21,0.01,0.0
North Macedonia,2015,0.12,1.87,0.02,0.02
North Macedonia,2016,0.11,1.9,0.02,0.04
North Macedonia,2017,0.11,1.11,0.02,0.05
North Macedonia,2018,0.1,1.79,0.02,0.05
North Macedonia,2019,0.1,1.16,0.02,0.06
North Macedonia,2020,0.12,1.28,0.02,0.06
North Macedonia,2021,0.06,1.03,0.02,0.06
Norway,1965,0.0,49.452,0.0,0.0
Norway,1966,0.0,48.744,0.0,0.0
Norway,1967,0.0,53.301,0.0,0.0
Norway,1968,0.0,60.205,0.0,0.0
Norway,1969,0.0,57.371,0.0,0.0
Norway,1970,0.0,57.808,0.0,0.0
Norway,1971,0.0,63.245,0.0,0.0
Norway,1972,0.0,67.417,0.0,0.0
Norway,1973,0.0,72.867,0.0,0.0
Norway,1974,0.0,76.597,0.0,0.0
Norway,1975,0.0,77.33,0.0,0.0
Norway,1976,0.0,81.933,0.0,0.0
Norway,1977,0.0,72.022,0.0,0.0
Norway,1978,0.0,80.706,0.0,0.0
Norway,1979,0.0,88.698,0.0,0.0
Norway,1980,0.0,83.613,0.0,0.0
Norway,1981,0.0,92.834,0.0,0.0
Norway,1982,0.0,92.499,0.0,0.0
Norway,1983,0.0,105.688,0.0,0.0
Norway,1984,0.0,105.903,0.0,0.0
Norway,1985,0.0,102.383,0.0,0.005
Norway,1986,0.0,96.201,0.0,0.026
Norway,1987,0.0,103.273,0.0,0.021
Norway,1988,0.0,108.857,0.0,0.027
Norway,1989,0.0,118.4,0.0,0.029
Norway,1990,0.0,121.14,0.0,0.21
Norway,1991,0.0,110.13,0.0,0.21
Norway,1992,0.0,116.67,0.0,0.23
Norway,1993,0.01,119.23,0.0,0.24
Norway,1994,0.01,111.64,0.0,0.27
Norway,1995,0.01,121.53,0.0,0.29
Norway,1996,0.01,103.86,0.0,0.3
Norway,1997,0.01,109.78,0.0,0.24
Norway,1998,0.01,115.7,0.0,0.27
Norway,1999,0.03,121.45,0.0,0.27
Norway,2000,0.03,141.82,0.0,0.26
Norway,2001,0.03,120.46,0.0,0.25
Norway,2002,0.08,129.37,0.0,0.25
Norway,2003,0.22,105.48,0.0,0.33
Norway,2004,0.25,108.78,0.0,0.36
Norway,2005,0.5,135.69,0.0,0.33
Norway,2006,0.64,119.37,0.0,0.39
Norway,2007,0.89,133.66,0.0,0.39
Norway,2008,0.91,139.04,0.0,0.4
Norway,2009,0.98,125.28,0.0,0.23
Norway,2010,0.88,116.74,0.0,0.35
Norway,2011,1.28,120.28,0.0,0.34
Norway,2012,1.55,141.72,0.0,0.33
Norway,2013,1.88,128.14,0.0,0.4
Norway,2014,2.22,135.47,0.0,0.25
Norway,2015,2.52,137.3,0.0,0.25
Norway,2016,2.12,142.81,0.0,0.23
Norway,2017,2.85,142.37,0.0,0.26
Norway,2018,3.88,138.8,0.0,0.2
Norway,2019,5.54,125.52,0.01,0.25
Norway,2020,9.91,140.93,0.03,0.24
Norway,2021,11.32,138.66,0.03,0.45999998
Oman,1965,0.0,0.0,0.0,0.0
Oman,1966,0.0,0.0,0.0,0.0
Oman,1967,0.0,0.0,0.0,0.0
Oman,1968,0.0,0.0,0.0,0.0
Oman,1969,0.0,0.0,0.0,0.0
Oman,1970,0.0,0.0,0.0,0.0
Oman,1971,0.0,0.0,0.0,0.0
Oman,1972,0.0,0.0,0.0,0.0
Oman,1973,0.0,0.0,0.0,0.0
Oman,1974,0.0,0.0,0.0,0.0
Oman,1975,0.0,0.0,0.0,0.0
Oman,1976,0.0,0.0,0.0,0.0
Oman,1977,0.0,0.0,0.0,0.0
Oman,1978,0.0,0.0,0.0,0.0
Oman,1979,0.0,0.0,0.0,0.0
Oman,1980,0.0,0.0,0.0,0.0
Oman,1981,0.0,0.0,0.0,0.0
Oman,1982,0.0,0.0,0.0,0.0
Oman,1983,0.0,0.0,0.0,0.0
Oman,1984,0.0,0.0,0.0,0.0
Oman,1985,0.0,0.0,0.0,0.0
Oman,1986,0.0,0.0,0.0,0.0
Oman,1987,0.0,0.0,0.0,0.0
Oman,1988,0.0,0.0,0.0,0.0
Oman,1989,0.0,0.0,0.0,0.0
Oman,1990,0.0,0.0,0.0,0.0
Oman,1991,0.0,0.0,0.0,0.0
Oman,1992,0.0,0.0,0.0,0.0
Oman,1993,0.0,0.0,0.0,0.0
Oman,1994,0.0,0.0,0.0,0.0
Oman,1995,0.0,0.0,0.0,0.0
Oman,1996,0.0,0.0,0.0,0.0
Oman,1997,0.0,0.0,0.0,0.0
Oman,1998,0.0,0.0,0.0,0.0
Oman,1999,0.0,0.0,0.0,0.0
Oman,2000,0.0,0.0,0.0,0.0
Oman,2001,0.0,0.0,0.0,0.0
Oman,2002,0.0,0.0,0.0,0.0
Oman,2003,0.0,0.0,0.0,0.0
Oman,2004,0.0,0.0,0.0,0.0
Oman,2005,0.0,0.0,0.0,0.0
Oman,2006,0.0,0.0,0.0,0.0
Oman,2007,0.0,0.0,0.0,0.0
Oman,2008,0.0,0.0,0.0,0.0
Oman,2009,0.0,0.0,0.0,0.0
Oman,2010,0.0,0.0,0.0,0.0
Oman,2011,0.0,0.0,0.0,0.0
Oman,2012,0.0,0.0,0.0,0.0
Oman,2013,0.0,0.0,0.0,0.0
Oman,2014,0.0,0.0,0.0,0.0
Oman,2015,0.0,0.0,0.0,0.0
Oman,2016,0.0,0.0,0.0,0.0
Oman,2017,0.0,0.0,0.02,0.0
Oman,2018,0.0,0.0,0.02,0.0
Oman,2019,0.0,0.0,0.02,0.0
Oman,2020,0.0,0.0,0.13,0.0
Oman,2021,0.0,0.0,0.16,0.0
Pakistan,1965,0.0,2.196442,0.0,0.0
Pakistan,1966,0.0,2.196442,0.0,0.0
Pakistan,1967,0.0,2.6030266,0.0,0.0
Pakistan,1968,0.0,3.128935,0.0,0.0
Pakistan,1969,0.0,3.3012917,0.0,0.0
Pakistan,1970,0.0,2.9212234,0.0,0.0
Pakistan,1971,0.0,3.8139422,0.0,0.0
Pakistan,1972,0.0,4.012815,0.0,0.0
Pakistan,1973,0.0,4.233785,0.0,0.0
Pakistan,1974,0.0,4.2558823,0.0,0.0
Pakistan,1975,0.0,4.896695,0.0,0.0
Pakistan,1976,0.0,5.3165383,0.0,0.0
Pakistan,1977,0.0,6.3153224,0.0,0.0
Pakistan,1978,0.0,7.8400154,0.0,0.0
Pakistan,1979,0.0,8.476409,0.0,0.0
Pakistan,1980,0.0,8.887413,0.0,0.0
Pakistan,1981,0.0,9.28074,0.0,0.0
Pakistan,1982,0.0,10.443042,0.0,0.0
Pakistan,1983,0.0,12.095898,0.0,0.0
Pakistan,1984,0.0,12.537838,0.0,0.0
Pakistan,1985,0.0,13.023972,0.0,0.0
Pakistan,1986,0.0,12.453869,0.0,0.0
Pakistan,1987,0.0,16.373877,0.0,0.0
Pakistan,1988,0.0,17.16495,0.0,0.0
Pakistan,1989,0.0,17.443373,0.0,0.0
Pakistan,1990,0.0,17.0854,0.0,0.0
Pakistan,1991,0.0,18.283058,0.0,0.0
Pakistan,1992,0.0,19.944752,0.0,0.0
Pakistan,1993,0.0,21.933483,0.0,0.0
Pakistan,1994,0.0,21.526897,0.0,0.0
Pakistan,1995,0.0,22.746653,0.0,0.0
Pakistan,1996,0.0,24.797253,0.0,0.0
Pakistan,1997,0.0,18.446575,0.0,0.0
Pakistan,1998,0.0,24.107826,0.0,0.0
Pakistan,1999,0.0,21.5048,0.0,0.0
Pakistan,2000,0.0,17.02,0.0,0.77
Pakistan,2001,0.0,18.75,0.0,0.79
Pakistan,2002,0.0,22.13,0.0,0.82
Pakistan,2003,0.0,26.67,0.0,0.82
Pakistan,2004,0.0,25.41,0.0,0.92
Pakistan,2005,0.0,30.55,0.0,0.97
Pakistan,2006,0.0,31.63,0.0,1.03
Pakistan,2007,0.0,28.42,0.0,1.1
Pakistan,2008,0.0,27.51,0.0,1.16
Pakistan,2009,0.01,27.81,0.0,1.2
Pakistan,2010,0.01,31.49,0.01,1.07
Pakistan,2011,0.02,28.23,0.03,1.07
Pakistan,2012,0.01,29.56,0.07,1.04
Pakistan,2013,0.4,31.55,0.14,1.15
Pakistan,2014,0.8,32.15,0.24,1.28
Pakistan,2015,0.79,34.29,0.38,1.36
Pakistan,2016,1.33,31.86,0.68,1.77
Pakistan,2017,2.1,27.65,0.92,1.72
Pakistan,2018,3.16,37.01,0.92,1.58
Pakistan,2019,2.88,35.28,0.93,1.43
Pakistan,2020,2.88,37.38,1.03,1.43
Pakistan,2021,2.88,39.0,1.26,1.52
Palestine,2000,0.0,0.0,0.0,0.0
Palestine,2001,0.0,0.0,0.0,0.0
Palestine,2002,0.0,0.0,0.0,0.0
Palestine,2003,0.0,0.0,0.0,0.0
Palestine,2004,0.0,0.0,0.0,0.0
Palestine,2005,0.0,0.0,0.0,0.0
Palestine,2006,0.0,0.0,0.0,0.0
Palestine,2007,0.0,0.0,0.0,0.0
Palestine,2008,0.0,0.0,0.0,0.0
Palestine,2009,0.0,0.0,0.0,0.0
Palestine,2010,0.0,0.0,0.0,0.0
Palestine,2011,0.0,0.0,0.0,0.0
Palestine,2012,0.0,0.0,0.0,0.0
Palestine,2013,0.0,0.0,0.0,0.0
Palestine,2014,0.0,0.0,0.0,0.0
Palestine,2015,0.0,0.0,0.01,0.0
Palestine,2016,0.0,0.0,0.04,0.0
Palestine,2017,0.0,0.0,0.05,0.0
Palestine,2018,0.0,0.0,0.06,0.0
Palestine,2019,0.0,0.0,0.12,0.0
Palestine,2020,0.0,0.0,0.18,0.0
Palestine,2021,0.0,0.0,0.2,0.0
Panama,2000,0.0,3.38,0.0,0.02
Panama,2001,0.0,2.47,0.0,0.04
Panama,2002,0.0,3.37,0.0,0.03
Panama,2003,0.0,2.8,0.0,0.04
Panama,2004,0.0,3.74,0.0,0.03
Panama,2005,0.0,3.69,0.0,0.03
Panama,2006,0.0,3.54,0.0,0.04
Panama,2007,0.0,3.63,0.0,0.04
Panama,2008,0.0,3.93,0.0,0.06
Panama,2009,0.0,3.86,0.0,0.06
Panama,2010,0.0,4.15,0.0,0.05
Panama,2011,0.0,4.06,0.0,0.08
Panama,2012,0.0,5.33,0.0,0.09
Panama,2013,0.0,5.1,0.0,0.1
Panama,2014,0.12,4.98,0.01,0.08
Panama,2015,0.42,6.19,0.02,0.06
Panama,2016,0.63,6.46,0.08,0.07
Panama,2017,0.49,7.18,0.16,0.07
Panama,2018,0.59,7.86,0.26,0.03
Panama,2019,0.73,5.1,0.34,0.07
Panama,2020,0.58,7.35,0.37,0.05
Panama,2021,0.66,7.2,0.42,0.05
Papua New Guinea,2000,0.0,0.92,0.0,0.05
Papua New Guinea,2001,0.0,0.92,0.0,0.08
Papua New Guinea,2002,0.0,0.92,0.0,0.08
Papua New Guinea,2003,0.0,0.92,0.0,0.15
Papua New Guinea,2004,0.0,0.89,0.0,0.15
Papua New Guinea,2005,0.0,0.88,0.0,0.4
Papua New Guinea,2006,0.0,0.85,0.0,0.4
Papua New Guinea,2007,0.0,0.85,0.0,0.49
Papua New Guinea,2008,0.0,0.85,0.0,0.49
Papua New Guinea,2009,0.0,0.85,0.0,0.47
Papua New Guinea,2010,0.0,0.85,0.0,0.47
Papua New Guinea,2011,0.0,0.96,0.0,0.46
Papua New Guinea,2012,0.0,0.97,0.0,0.46
Papua New Guinea,2013,0.0,0.99,0.0,0.48000002
Papua New Guinea,2014,0.0,1.01,0.0,0.48000002
Papua New Guinea,2015,0.0,1.0,0.0,0.48000002
Papua New Guinea,2016,0.0,1.0,0.0,0.48000002
Papua New Guinea,2017,0.0,0.79,0.0,0.48000002
Papua New Guinea,2018,0.0,0.78,0.0,0.49
Papua New Guinea,2019,0.0,0.8,0.0,0.48000002
Papua New Guinea,2020,0.0,0.8,0.0,0.48000002
Papua New Guinea,2021,0.0,0.8,0.0,0.49
Paraguay,2000,0.0,52.96,0.0,0.0
Paraguay,2001,0.0,44.86,0.0,0.0
Paraguay,2002,0.0,47.73,0.0,0.0
Paraguay,2003,0.0,51.25,0.0,0.0
Paraguay,2004,0.0,51.41,0.0,0.0
Paraguay,2005,0.0,50.65,0.0,0.0
Paraguay,2006,0.0,53.25,0.0,0.0
Paraguay,2007,0.0,53.19,0.0,0.0
Paraguay,2008,0.0,54.91,0.0,0.0
Paraguay,2009,0.0,54.41,0.0,0.0
Paraguay,2010,0.0,53.52,0.0,0.0
Paraguay,2011,0.0,57.05,0.0,0.0
Paraguay,2012,0.0,59.63,0.0,0.0
Paraguay,2013,0.0,59.77,0.0,0.1
Paraguay,2014,0.0,54.72,0.0,0.11
Paraguay,2015,0.0,55.19,0.0,0.11
Paraguay,2016,0.0,63.13,0.0,0.17
Paraguay,2017,0.0,59.09,0.0,0.14
Paraguay,2018,0.0,58.62,0.0,0.13
Paraguay,2019,0.0,48.93,0.0,0.06
Paraguay,2020,0.0,46.37,0.0,0.06
Paraguay,2021,0.0,39.89,0.0,0.06
Peru,1965,0.0,2.625,0.0,0.0
Peru,1966,0.0,2.827,0.0,0.0
Peru,1967,0.0,3.168,0.0,0.0
Peru,1968,0.0,3.4,0.0,0.0
Peru,1969,0.0,3.701,0.0,0.0
Peru,1970,0.0,3.536,0.0,0.0
Peru,1971,0.0,4.286,0.0,0.227
Peru,1972,0.0,4.435,0.0,0.227
Peru,1973,0.0,4.769,0.0,0.23
Peru,1974,0.0,5.216,0.0,0.266
Peru,1975,0.0,5.467,0.0,0.266
Peru,1976,0.0,5.793,0.0,0.245
Peru,1977,0.0,6.025,0.0,0.242
Peru,1978,0.0,6.192,0.0,0.215
Peru,1979,0.0,6.703,0.0,0.163
Peru,1980,0.0,7.01,0.0,0.085
Peru,1981,0.0,7.996,0.0,0.076
Peru,1982,0.0,8.396,0.0,0.151
Peru,1983,0.0,8.107,0.0,0.145
Peru,1984,0.0,8.703,0.0,0.142
Peru,1985,0.0,9.382,0.0,0.169
Peru,1986,0.0,10.06,0.0,0.154
Peru,1987,0.0,10.878,0.0,0.136
Peru,1988,0.0,10.423,0.0,0.136
Peru,1989,0.0,10.507,0.0,0.145
Peru,1990,0.0,10.469,0.0,0.136
Peru,1991,0.0,11.492,0.0,0.133
Peru,1992,0.0,9.689,0.0,0.133
Peru,1993,0.0,11.799,0.0,0.109
Peru,1994,0.0,12.747,0.0,0.119
Peru,1995,0.0,12.9376,0.0,0.142
Peru,1996,0.0004,13.3236,0.0,0.137
Peru,1997,0.0006,13.2145,0.0,0.154
Peru,1998,0.0005,13.8083,0.0,0.126
Peru,1999,0.0006,14.5406,0.0,0.139
Peru,2000,0.0,16.01,0.0,0.06
Peru,2001,0.0,17.43,0.0,0.05
Peru,2002,0.0,17.86,0.0,0.07
Peru,2003,0.0,18.35,0.0,0.09
Peru,2004,0.0,17.35,0.0,0.12
Peru,2005,0.0,17.9,0.0,0.12
Peru,2006,0.0,19.51,0.0,0.09
Peru,2007,0.0,19.35,0.0,0.07
Peru,2008,0.0,18.96,0.0,0.11
Peru,2009,0.0,19.42,0.0,0.18
Peru,2010,0.0,19.84,0.0,0.19
Peru,2011,0.0,21.37,0.0,0.3
Peru,2012,0.0,21.14,0.09,0.45
Peru,2013,0.0,22.09,0.24,0.48
Peru,2014,0.26,21.98,0.25,0.52
Peru,2015,0.6,23.47,0.29,0.46
Peru,2016,1.06,23.92,0.31,0.61
Peru,2017,1.07,28.77,0.36,0.6
Peru,2018,1.5,30.41,0.75,0.6
Peru,2019,1.65,31.26,0.78,0.7
Peru,2020,1.81,30.5,0.79,0.6
Peru,2021,1.81,31.89,0.82,0.72
Philippines,1965,0.0,1.55,0.0,0.0
Philippines,1966,0.0,1.52,0.0,0.0
Philippines,1967,0.0,1.68,0.0,0.0
Philippines,1968,0.0,1.72,0.0,0.0
Philippines,1969,0.0,1.815,0.0,0.0
Philippines,1970,0.0,2.097,0.0,0.0
Philippines,1971,0.0,1.933,0.0,0.0
Philippines,1972,0.0,2.207,0.0,0.0
Philippines,1973,0.0,2.374,0.0,0.0
Philippines,1974,0.0,2.051,0.0,0.0
Philippines,1975,0.0,2.272,0.0,0.0
Philippines,1976,0.0,2.795,0.0,0.0
Philippines,1977,0.0,2.114,0.0,0.001
Philippines,1978,0.0,2.811,0.0,0.003
Philippines,1979,0.0,2.881,0.0,0.63694
Philippines,1980,0.0,3.522,0.0,2.04485
Philippines,1981,0.0,3.725,0.0,3.91219
Philippines,1982,0.0,3.773,0.0,3.90786
Philippines,1983,0.0,3.968,0.0,4.93498
Philippines,1984,0.0,5.278,0.0,5.35846
Philippines,1985,0.0,5.553,0.0,5.94218
Philippines,1986,0.0,6.017,0.0,5.5733
Philippines,1987,0.0,5.247,0.0,4.89597
Philippines,1988,0.0,6.264,0.0,5.22291
Philippines,1989,0.0,6.485,0.0,5.70166
Philippines,1990,0.0,6.062,0.0,5.89576
Philippines,1991,0.0,5.145,0.0,5.758
Philippines,1992,0.0,4.44,0.0,5.7
Philippines,1993,0.0,5.03,0.0,5.667
Philippines,1994,0.0,5.862,0.0,6.32
Philippines,1995,0.0,6.232,0.0,6.135
Philippines,1996,0.0,7.03,0.0,6.534
Philippines,1997,0.0,6.069,0.0,7.237
Philippines,1998,0.0,5.066,0.0,8.914
Philippines,1999,0.0,7.84,0.0,10.594
Philippines,2000,0.0,7.72,0.0,11.650001
Philippines,2001,0.0,7.03,0.0,10.469999
Philippines,2002,0.0,6.96,0.0,10.26
Philippines,2003,0.0,7.79,0.0,9.849999
Philippines,2004,0.0,8.51,0.0,10.309999
Philippines,2005,0.02,8.3,0.0,9.929999
Philippines,2006,0.05,9.84,0.0,10.5
Philippines,2007,0.06,8.48,0.0,10.26
Philippines,2008,0.06,9.74,0.0,10.76
Philippines,2009,0.06,9.69,0.0,10.509999
Philippines,2010,0.06,7.72,0.0,10.37
Philippines,2011,0.09,9.6,0.0,10.4
Philippines,2012,0.08,10.15,0.0,10.83
Philippines,2013,0.07,9.92,0.0,10.190001
Philippines,2014,0.15,9.05,0.02,10.96
Philippines,2015,0.75,8.58,0.14,12.13
Philippines,2016,0.98,8.03,1.1,12.26
Philippines,2017,1.09,9.52,1.2,11.540001
Philippines,2018,1.15,9.29,1.25,12.04
Philippines,2019,1.04,7.94,1.26,12.54
Philippines,2020,1.03,7.79,1.39,13.0
Philippines,2021,1.17,8.0,1.5,13.27
Poland,1965,0.0,0.896,0.0,0.026
Poland,1966,0.0,0.896,0.0,0.038
Poland,1967,0.0,0.957,0.0,0.044
Poland,1968,0.0,1.005,0.0,0.047
Poland,1969,0.0,0.81,0.0,0.084
Poland,1970,0.0,1.771,0.0,0.059
Poland,1971,0.0,1.569,0.0,0.101
Poland,1972,0.0,1.503,0.0,0.185
Poland,1973,0.0,1.456,0.0,0.223
Poland,1974,0.0,2.122,0.0,0.235
Poland,1975,0.0,1.99,0.0,0.211
Poland,1976,0.0,1.645,0.0,0.183
Poland,1977,0.0,1.957,0.0,0.265
Poland,1978,0.0,1.951,0.0,0.262
Poland,1979,0.0,1.807,0.0,0.24
Poland,1980,0.0,2.349,0.0,0.248
Poland,1981,0.0,2.137,0.0,0.269
Poland,1982,0.0,1.543,0.0,0.269
Poland,1983,0.0,1.675,0.0,0.362
Poland,1984,0.0,1.408,0.0,0.345
Poland,1985,0.0,1.852,0.0,0.397
Poland,1986,0.0,1.549,0.0,0.368
Poland,1987,0.0,1.661,0.0,0.193
Poland,1988,0.0,1.793,0.0,0.094
Poland,1989,0.0,1.609,0.0,0.103
Poland,1990,0.0,1.44,0.0,0.05
Poland,1991,0.0,1.42,0.0,0.08
Poland,1992,0.0,1.51,0.0,0.11
Poland,1993,0.0,1.49,0.0,0.06
Poland,1994,0.0,1.73,0.0,0.05
Poland,1995,0.0,1.89,0.0,0.07
Poland,1996,0.0,1.93,0.0,0.13
Poland,1997,0.0,1.96,0.0,0.17
Poland,1998,0.0,2.31,0.0,0.22
Poland,1999,0.0,2.15,0.0,0.19
Poland,2000,0.0,2.11,0.0,0.22
Poland,2001,0.01,2.33,0.0,0.44
Poland,2002,0.06,2.28,0.0,0.43
Poland,2003,0.12,1.67,0.0,0.46
Poland,2004,0.14,2.08,0.0,0.98
Poland,2005,0.14,2.2,0.0,1.51
Poland,2006,0.26,2.04,0.0,1.99
Poland,2007,0.52,2.35,0.0,2.56
Poland,2008,0.84,2.15,0.0,3.62
Poland,2009,1.08,2.38,0.0,5.23
Poland,2010,1.66,2.92,0.0,6.3
Poland,2011,3.2,2.33,0.0,7.6
Poland,2012,4.75,2.04,0.0,10.09
Poland,2013,6.0,2.44,0.0,8.62
Poland,2014,7.68,2.18,0.01,9.98
Poland,2015,10.86,1.83,0.06,9.94
Poland,2016,12.59,2.14,0.12,7.96
Poland,2017,14.91,2.56,0.17,6.49
Poland,2018,12.8,1.97,0.3,6.55
Poland,2019,15.11,1.96,0.71,7.68
Poland,2020,15.8,2.12,1.96,8.35
Poland,2021,16.23,2.34,3.93,8.06
Poland,2022,19.76,2.06,8.0,7.76
Portugal,1965,0.0,3.975,0.0,0.207
Portugal,1966,0.0,5.276,0.0,0.2
Portugal,1967,0.0,5.481,0.0,0.192
Portugal,1968,0.0,5.188,0.0,0.228
Portugal,1969,0.0,6.311,0.0,0.28
Portugal,1970,0.0,5.804,0.0,0.186
Portugal,1971,0.0,6.17,0.0,0.143
Portugal,1972,0.0,7.086,0.0,0.113
Portugal,1973,0.0,7.325,0.0,0.2
Portugal,1974,0.0,7.828,0.0,0.18
Portugal,1975,0.0,6.41,0.0,0.236
Portugal,1976,0.0,4.787,0.0,0.23
Portugal,1977,0.0,9.966,0.0,0.234
Portugal,1978,0.0,10.811,0.0,0.232
Portugal,1979,0.0,11.213,0.0,0.258
Portugal,1980,0.0,8.015,0.0,0.32
Portugal,1981,0.0,5.019,0.0,0.311
Portugal,1982,0.0,6.921,0.0,0.353
Portugal,1983,0.0,8.026,0.0,0.405
Portugal,1984,0.0,9.765,0.0,0.373
Portugal,1985,0.0,10.693,0.0,0.548
Portugal,1986,0.0,8.514,0.0,0.606
Portugal,1987,0.0,9.153,0.0,0.614
Portugal,1988,0.0,12.233,0.0,0.653
Portugal,1989,0.001,5.819,0.001010101,0.661
Portugal,1990,0.0,9.14,0.0,0.69
Portugal,1991,0.0,9.03,0.0,0.81
Portugal,1992,0.0,4.61,0.0,0.88
Portugal,1993,0.01,8.52,0.0,0.9
Portugal,1994,0.02,10.65,0.0,0.96
Portugal,1995,0.02,8.33,0.0,1.03
Portugal,1996,0.02,14.75,0.0,1.01
Portugal,1997,0.04,13.1,0.0,1.0899999
Portugal,1998,0.09,12.98,0.0,1.0799999
Portugal,1999,0.12,7.26,0.0,1.24
Portugal,2000,0.17,11.32,0.0,1.38
Portugal,2001,0.26,14.03,0.0,1.45
Portugal,2002,0.36,7.8,0.0,1.57
Portugal,2003,0.5,15.72,0.0,1.48
Portugal,2004,0.82,9.87,0.0,1.62
Portugal,2005,1.77,4.73,0.0,1.75
Portugal,2006,2.93,11.0,0.0,1.7900001
Portugal,2007,4.04,10.09,0.02,2.06
Portugal,2008,5.76,6.8,0.04,2.04
Portugal,2009,7.58,8.28,0.16,2.27
Portugal,2010,9.18,16.15,0.21,2.81
Portugal,2011,9.16,11.54,0.28,3.13
Portugal,2012,10.26,5.62,0.39,3.1000001
Portugal,2013,12.01,13.73,0.48,3.25
Portugal,2014,12.11,15.57,0.63,3.26
Portugal,2015,11.61,8.66,0.8,3.3
Portugal,2016,12.47,15.72,0.87,3.24
Portugal,2017,12.25,5.9,0.99,3.44
Portugal,2018,12.62,12.39,1.01,3.39
Portugal,2019,13.67,8.82,1.34,3.58
Portugal,2020,12.3,12.08,1.72,4.0099998
Portugal,2021,13.22,11.91,2.24,4.18
Portugal,2022,13.27,7.59,3.07,4.16
Puerto Rico,2000,0.0,0.15,0.0,0.0
Puerto Rico,2001,0.0,0.13,0.0,0.0
Puerto Rico,2002,0.0,0.11,0.0,0.0
Puerto Rico,2003,0.0,0.1,0.0,0.0
Puerto Rico,2004,0.0,0.14,0.0,0.0
Puerto Rico,2005,0.0,0.14,0.0,0.0
Puerto Rico,2006,0.0,0.14,0.0,0.0
Puerto Rico,2007,0.0,0.16,0.0,0.0
Puerto Rico,2008,0.0,0.16,0.0,0.0
Puerto Rico,2009,0.0,0.17,0.0,0.0
Puerto Rico,2010,0.0,0.16,0.0,0.0
Puerto Rico,2011,0.0,0.15,0.0,0.0
Puerto Rico,2012,0.01,0.09,0.02,0.0
Puerto Rico,2013,0.17,0.08,0.04,0.0
Puerto Rico,2014,0.22,0.08,0.05,0.0
Puerto Rico,2015,0.24,0.05,0.09,0.0
Puerto Rico,2016,0.19,0.07,0.12,0.01
Puerto Rico,2017,0.15,0.05,0.16,0.01
Puerto Rico,2018,0.11,0.04,0.08,0.02
Puerto Rico,2019,0.16,0.05,0.24,0.02
Puerto Rico,2020,0.14,0.05,0.26,0.03
Puerto Rico,2021,0.16,0.05,0.27,0.03
Qatar,1965,0.0,0.0,0.0,0.0
Qatar,1966,0.0,0.0,0.0,0.0
Qatar,1967,0.0,0.0,0.0,0.0
Qatar,1968,0.0,0.0,0.0,0.0
Qatar,1969,0.0,0.0,0.0,0.0
Qatar,1970,0.0,0.0,0.0,0.0
Qatar,1971,0.0,0.0,0.0,0.0
Qatar,1972,0.0,0.0,0.0,0.0
Qatar,1973,0.0,0.0,0.0,0.0
Qatar,1974,0.0,0.0,0.0,0.0
Qatar,1975,0.0,0.0,0.0,0.0
Qatar,1976,0.0,0.0,0.0,0.0
Qatar,1977,0.0,0.0,0.0,0.0
Qatar,1978,0.0,0.0,0.0,0.0
Qatar,1979,0.0,0.0,0.0,0.0
Qatar,1980,0.0,0.0,0.0,0.0
Qatar,1981,0.0,0.0,0.0,0.0
Qatar,1982,0.0,0.0,0.0,0.0
Qatar,1983,0.0,0.0,0.0,0.0
Qatar,1984,0.0,0.0,0.0,0.0
Qatar,1985,0.0,0.0,0.0,0.0
Qatar,1986,0.0,0.0,0.0,0.0
Qatar,1987,0.0,0.0,0.0,0.0
Qatar,1988,0.0,0.0,0.0,0.0
Qatar,1989,0.0,0.0,0.0,0.0
Qatar,1990,0.0,0.0,0.0,0.0
Qatar,1991,0.0,0.0,0.0,0.0
Qatar,1992,0.0,0.0,0.0,0.0
Qatar,1993,0.0,0.0,0.0,0.0
Qatar,1994,0.0,0.0,0.0,0.0
Qatar,1995,0.0,0.0,0.0,0.0
Qatar,1996,0.0,0.0,0.0,0.0
Qatar,1997,0.0,0.0,0.0,0.0
Qatar,1998,0.0,0.0,0.0,0.0
Qatar,1999,0.0,0.0,0.0,0.0
Qatar,2000,0.0,0.0,0.0,0.0
Qatar,2001,0.0,0.0,0.0,0.0
Qatar,2002,0.0,0.0,0.0,0.0
Qatar,2003,0.0,0.0,0.0,0.0
Qatar,2004,0.0,0.0,0.0,0.0
Qatar,2005,0.0,0.0,0.0,0.0
Qatar,2006,0.0,0.0,0.0,0.0
Qatar,2007,0.0,0.0,0.0,0.0
Qatar,2008,0.0,0.0,0.0,0.0
Qatar,2009,0.0,0.0,0.0,0.0
Qatar,2010,0.0,0.0,0.0,0.0
Qatar,2011,0.0,0.0,0.0,0.02
Qatar,2012,0.0,0.0,0.0,0.03
Qatar,2013,0.0,0.0,0.0,0.03
Qatar,2014,0.0,0.0,0.01,0.03
Qatar,2015,0.0,0.0,0.01,0.03
Qatar,2016,0.0,0.0,0.01,0.03
Qatar,2017,0.0,0.0,0.01,0.03
Qatar,2018,0.0,0.0,0.01,0.03
Qatar,2019,0.0,0.0,0.01,0.03
Qatar,2020,0.0,0.0,0.01,0.03
Qatar,2021,0.0,0.0,0.01,0.03
Reunion,2000,0.0,0.55,0.0,0.16
Reunion,2001,0.0,0.56,0.0,0.17
Reunion,2002,0.0,0.57,0.0,0.14
Reunion,2003,0.0,0.57,0.0,0.15
Reunion,2004,0.0,0.57,0.0,0.22
Reunion,2005,0.01,0.57,0.0,0.24
Reunion,2006,0.01,0.57,0.0,0.3
Reunion,2007,0.01,0.65,0.0,0.3
Reunion,2008,0.01,0.63,0.0,0.33
Reunion,2009,0.02,0.53,0.02,0.32
Reunion,2010,0.02,0.54,0.08,0.32
Reunion,2011,0.01,0.4,0.14,0.34
Romania,1965,0.0,1.005,0.0,0.0
Romania,1966,0.0,1.035,0.0,0.0
Romania,1967,0.0,1.476,0.0,0.0
Romania,1968,0.0,1.562,0.0,0.0
Romania,1969,0.0,2.217,0.0,0.0
Romania,1970,0.0,2.773,0.0,0.0
Romania,1971,0.0,4.495,0.0,0.0
Romania,1972,0.0,7.343,0.0,0.0
Romania,1973,0.0,7.547,0.0,0.0
Romania,1974,0.0,8.476,0.0,0.0
Romania,1975,0.0,9.361,0.0,0.0
Romania,1976,0.0,8.107,0.0,0.0
Romania,1977,0.0,9.345,0.0,0.0
Romania,1978,0.0,10.614,0.0,0.0
Romania,1979,0.0,11.339,0.0,0.0
Romania,1980,0.0,12.637,0.0,0.0
Romania,1981,0.0,12.737,0.0,0.0
Romania,1982,0.0,11.854,0.0,0.0
Romania,1983,0.0,10.038,0.0,0.0
Romania,1984,0.0,11.326,0.0,0.0
Romania,1985,0.0,12.713,0.0,0.0
Romania,1986,0.0,10.81,0.0,0.0
Romania,1987,0.0,11.209,0.0,0.0
Romania,1988,0.0,14.776,0.0,0.0
Romania,1989,0.0,13.678,0.0,0.0
Romania,1990,0.0,11.41,0.0,0.0
Romania,1991,0.0,14.59,0.0,0.0
Romania,1992,0.0,11.7,0.0,0.0
Romania,1993,0.0,12.77,0.0,0.0
Romania,1994,0.0,13.05,0.0,0.0
Romania,1995,0.0,16.69,0.0,0.0
Romania,1996,0.0,15.76,0.0,0.0
Romania,1997,0.0,17.51,0.0,0.01
Romania,1998,0.0,18.88,0.0,0.01
Romania,1999,0.0,18.29,0.0,0.0
Romania,2000,0.0,14.78,0.0,0.0
Romania,2001,0.0,14.92,0.0,0.0
Romania,2002,0.0,16.05,0.0,0.0
Romania,2003,0.0,13.26,0.0,0.0
Romania,2004,0.0,16.51,0.0,0.0
Romania,2005,0.0,20.21,0.0,0.01
Romania,2006,0.0,18.36,0.0,0.0
Romania,2007,0.0,15.97,0.0,0.04
Romania,2008,0.0,17.2,0.0,0.02
Romania,2009,0.01,15.53,0.0,0.01
Romania,2010,0.31,19.88,0.0,0.11
Romania,2011,1.39,14.73,0.0,0.2
Romania,2012,2.64,12.07,0.01,0.21
Romania,2013,4.52,14.96,0.42,0.25
Romania,2014,6.2,18.8,1.62,0.5
Romania,2015,7.06,16.63,1.98,0.52
Romania,2016,6.59,18.03,1.82,0.53
Romania,2017,7.41,14.49,1.86,0.53
Romania,2018,6.32,17.66,1.77,0.44
Romania,2019,6.77,15.58,1.78,0.5
Romania,2020,6.95,15.38,1.73,0.55
Romania,2021,6.58,17.41,1.7,0.65
Romania,2022,7.07,14.23,1.79,0.64
Russia,1990,0.0,166.84561,0.0,0.065
Russia,1991,0.0,168.094,0.0,0.065
Russia,1992,0.0,172.594,0.0,0.063
Russia,1993,0.0,174.289,0.0,0.06
Russia,1994,0.0,175.926,0.0,0.061
Russia,1995,0.0,176.2552,0.0,0.059
Russia,1996,0.0,154.309,0.0,0.057
Russia,1997,0.0,157.434,0.0,0.057
Russia,1998,0.0,158.497,0.0,0.058
Russia,1999,0.0,160.492,0.0,0.058
Russia,2000,0.0,164.08,0.0,0.13
Russia,2001,0.0,173.9,0.0,0.2
Russia,2002,0.01,162.22,0.0,0.32
Russia,2003,0.01,155.76,0.0,0.65999997
Russia,2004,0.01,175.82,0.0,0.82
Russia,2005,0.01,172.68,0.0,0.84000003
Russia,2006,0.0,173.35,0.0,0.94
Russia,2007,0.01,177.05,0.0,0.94
Russia,2008,0.0,164.76,0.0,0.93
Russia,2009,0.0,174.18,0.0,0.93
Russia,2010,0.0,166.48,0.0,1.01
Russia,2011,0.0,165.84,0.0,1.04
Russia,2012,0.0,165.9,0.0,0.95
Russia,2013,0.0,181.15,0.0,0.89
Russia,2014,0.1,175.27,0.16,0.98
Russia,2015,0.15,167.99,0.34,0.90999997
Russia,2016,0.15,184.61,0.46,0.87
Russia,2017,0.14,185.01,0.56,0.93
Russia,2018,0.23,191.14,0.72,0.90999997
Russia,2019,0.33,194.72,1.28,0.92
Russia,2020,1.24,212.59,2.02,0.9
Russia,2021,3.89,214.5,2.3,0.93
Russia,1985,,159.72595,,
Russia,1986,,164.33096,,
Russia,1987,,162.52785,,
Russia,1988,,160.92361,,
Russia,1989,,159.72595,,
Rwanda,2000,0.0,0.11,0.0,0.0
Rwanda,2001,0.0,0.09,0.0,0.0
Rwanda,2002,0.0,0.1,0.0,0.0
Rwanda,2003,0.0,0.12,0.0,0.0
Rwanda,2004,0.0,0.08,0.0,0.0
Rwanda,2005,0.0,0.06,0.0,0.0
Rwanda,2006,0.0,0.04,0.0,0.0
Rwanda,2007,0.0,0.04,0.0,0.0
Rwanda,2008,0.0,0.07,0.0,0.0
Rwanda,2009,0.0,0.1,0.0,0.0
Rwanda,2010,0.0,0.11,0.0,0.0
Rwanda,2011,0.0,0.13,0.0,0.0
Rwanda,2012,0.0,0.14,0.0,0.0
Rwanda,2013,0.0,0.15,0.0,0.0
Rwanda,2014,0.0,0.2,0.01,0.0
Rwanda,2015,0.0,0.28,0.02,0.0
Rwanda,2016,0.0,0.28,0.03,0.01
Rwanda,2017,0.0,0.32,0.04,0.01
Rwanda,2018,0.0,0.31,0.05,0.01
Rwanda,2019,0.0,0.4,0.06,0.01
Rwanda,2020,0.0,0.53,0.06,0.0
Rwanda,2021,0.0,0.45,0.06,0.0
Saint Helena,2000,0.0,0.0,0.0,
Saint Helena,2001,0.0,0.0,0.0,
Saint Helena,2002,0.0,0.0,0.0,
Saint Helena,2003,0.0,0.0,0.0,
Saint Helena,2004,0.0,0.0,0.0,
Saint Helena,2005,0.0,0.0,0.0,
Saint Helena,2006,0.0,0.0,0.0,
Saint Helena,2007,0.0,0.0,0.0,
Saint Helena,2008,0.0,0.0,0.0,
Saint Helena,2009,0.0,0.0,0.0,
Saint Helena,2010,0.0,0.0,0.0,
Saint Helena,2011,0.0,0.0,0.0,
Saint Helena,2012,0.0,0.0,0.0,
Saint Helena,2013,0.0,0.0,0.0,
Saint Helena,2014,0.0,0.0,0.0,
Saint Helena,2015,0.0,0.0,0.0,
Saint Helena,2016,0.0,0.0,0.0,
Saint Helena,2017,0.0,0.0,0.0,
Saint Helena,2018,0.0,0.0,0.0,
Saint Helena,2019,0.0,0.0,0.0,
Saint Helena,2020,0.0,0.0,0.0,
Saint Helena,2021,0.0,0.0,0.0,
Saint Kitts and Nevis,2000,0.0,0.0,0.0,0.0
Saint Kitts and Nevis,2001,0.0,0.0,0.0,0.0
Saint Kitts and Nevis,2002,0.0,0.0,0.0,0.0
Saint Kitts and Nevis,2003,0.0,0.0,0.0,0.0
Saint Kitts and Nevis,2004,0.0,0.0,0.0,0.0
Saint Kitts and Nevis,2005,0.0,0.0,0.0,0.0
Saint Kitts and Nevis,2006,0.0,0.0,0.0,0.0
Saint Kitts and Nevis,2007,0.0,0.0,0.0,0.0
Saint Kitts and Nevis,2008,0.0,0.0,0.0,0.0
Saint Kitts and Nevis,2009,0.0,0.0,0.0,0.0
Saint Kitts and Nevis,2010,0.0,0.0,0.0,0.0
Saint Kitts and Nevis,2011,0.0,0.0,0.0,0.0
Saint Kitts and Nevis,2012,0.01,0.0,0.0,0.0
Saint Kitts and Nevis,2013,0.01,0.0,0.0,0.0
Saint Kitts and Nevis,2014,0.01,0.0,0.0,0.0
Saint Kitts and Nevis,2015,0.01,0.0,0.0,0.0
Saint Kitts and Nevis,2016,0.01,0.0,0.0,0.0
Saint Kitts and Nevis,2017,0.0,0.0,0.0,0.0
Saint Kitts and Nevis,2018,0.01,0.0,0.0,0.0
Saint Kitts and Nevis,2019,0.01,0.0,0.0,0.0
Saint Kitts and Nevis,2020,0.01,0.0,0.0,0.0
Saint Kitts and Nevis,2021,0.01,0.0,0.0,0.0
Saint Lucia,2000,0.0,0.0,0.0,0.0
Saint Lucia,2001,0.0,0.0,0.0,0.0
Saint Lucia,2002,0.0,0.0,0.0,0.0
Saint Lucia,2003,0.0,0.0,0.0,0.0
Saint Lucia,2004,0.0,0.0,0.0,0.0
Saint Lucia,2005,0.0,0.0,0.0,0.0
Saint Lucia,2006,0.0,0.0,0.0,0.0
Saint Lucia,2007,0.0,0.0,0.0,0.0
Saint Lucia,2008,0.0,0.0,0.0,0.0
Saint Lucia,2009,0.0,0.0,0.0,0.0
Saint Lucia,2010,0.0,0.0,0.0,0.0
Saint Lucia,2011,0.0,0.0,0.0,0.0
Saint Lucia,2012,0.0,0.0,0.0,0.0
Saint Lucia,2013,0.0,0.0,0.0,0.0
Saint Lucia,2014,0.0,0.0,0.0,0.0
Saint Lucia,2015,0.0,0.0,0.0,0.0
Saint Lucia,2016,0.0,0.0,0.0,0.0
Saint Lucia,2017,0.0,0.0,0.0,0.0
Saint Lucia,2018,0.0,0.0,0.0,0.0
Saint Lucia,2019,0.0,0.0,0.0,0.0
Saint Lucia,2020,0.0,0.0,0.0,0.0
Saint Lucia,2021,0.0,0.0,0.0,0.0
Saint Pierre and Miquelon,2000,0.0,0.0,0.0,0.0
Saint Pierre and Miquelon,2001,0.0,0.0,0.0,0.0
Saint Pierre and Miquelon,2002,0.0,0.0,0.0,0.0
Saint Pierre and Miquelon,2003,0.0,0.0,0.0,0.0
Saint Pierre and Miquelon,2004,0.0,0.0,0.0,0.0
Saint Pierre and Miquelon,2005,0.0,0.0,0.0,0.0
Saint Pierre and Miquelon,2006,0.0,0.0,0.0,0.0
Saint Pierre and Miquelon,2007,0.0,0.0,0.0,0.0
Saint Pierre and Miquelon,2008,0.0,0.0,0.0,0.0
Saint Pierre and Miquelon,2009,0.0,0.0,0.0,0.0
Saint Pierre and Miquelon,2010,0.0,0.0,0.0,0.0
Saint Pierre and Miquelon,2011,0.0,0.0,0.0,0.0
Saint Pierre and Miquelon,2012,0.0,0.0,0.0,0.0
Saint Pierre and Miquelon,2013,0.0,0.0,0.0,0.0
Saint Pierre and Miquelon,2014,0.0,0.0,0.0,0.0
Saint Pierre and Miquelon,2015,0.0,0.0,0.0,0.0
Saint Pierre and Miquelon,2016,0.0,0.0,0.0,0.0
Saint Pierre and Miquelon,2017,0.0,0.0,0.0,0.0
Saint Pierre and Miquelon,2018,0.0,0.0,0.0,0.0
Saint Pierre and Miquelon,2019,0.0,0.0,0.0,0.0
Saint Pierre and Miquelon,2020,0.0,0.0,0.0,0.0
Saint Pierre and Miquelon,2021,0.0,0.0,0.0,0.0
Saint Vincent and the Grenadines,2000,0.0,0.03,0.0,0.0
Saint Vincent and the Grenadines,2001,0.0,0.02,0.0,0.0
Saint Vincent and the Grenadines,2002,0.0,0.02,0.0,0.0
Saint Vincent and the Grenadines,2003,0.0,0.02,0.0,0.0
Saint Vincent and the Grenadines,2004,0.0,0.03,0.0,0.0
Saint Vincent and the Grenadines,2005,0.0,0.03,0.0,0.0
Saint Vincent and the Grenadines,2006,0.0,0.02,0.0,0.0
Saint Vincent and the Grenadines,2007,0.0,0.02,0.0,0.0
Saint Vincent and the Grenadines,2008,0.0,0.02,0.0,0.0
Saint Vincent and the Grenadines,2009,0.0,0.02,0.0,0.0
Saint Vincent and the Grenadines,2010,0.0,0.03,0.0,0.0
Saint Vincent and the Grenadines,2011,0.0,0.03,0.0,0.0
Saint Vincent and the Grenadines,2012,0.0,0.03,0.0,0.0
Saint Vincent and the Grenadines,2013,0.0,0.02,0.0,0.0
Saint Vincent and the Grenadines,2014,0.0,0.01,0.0,0.0
Saint Vincent and the Grenadines,2015,0.0,0.02,0.0,0.0
Saint Vincent and the Grenadines,2016,0.0,0.02,0.0,0.0
Saint Vincent and the Grenadines,2017,0.0,0.02,0.0,0.0
Saint Vincent and the Grenadines,2018,0.0,0.02,0.0,0.0
Saint Vincent and the Grenadines,2019,0.0,0.02,0.0,0.0
Saint Vincent and the Grenadines,2020,0.0,0.04,0.0,0.0
Saint Vincent and the Grenadines,2021,0.0,0.04,0.0,0.0
Samoa,2000,0.0,0.04,0.0,0.01
Samoa,2001,0.0,0.05,0.0,0.01
Samoa,2002,0.0,0.06,0.0,0.01
Samoa,2003,0.0,0.05,0.0,0.01
Samoa,2004,0.0,0.05,0.0,0.01
Samoa,2005,0.0,0.05,0.0,0.01
Samoa,2006,0.0,0.05,0.0,0.0
Samoa,2007,0.0,0.05,0.0,0.0
Samoa,2008,0.0,0.05,0.0,0.0
Samoa,2009,0.0,0.05,0.0,0.0
Samoa,2010,0.0,0.05,0.0,0.0
Samoa,2011,0.0,0.05,0.0,0.0
Samoa,2012,0.0,0.04,0.0,0.0
Samoa,2013,0.0,0.03,0.0,0.0
Samoa,2014,0.0,0.03,0.0,0.0
Samoa,2015,0.0,0.03,0.01,0.0
Samoa,2016,0.0,0.03,0.02,0.0
Samoa,2017,0.0,0.03,0.02,0.0
Samoa,2018,0.0,0.04,0.02,0.0
Samoa,2019,0.0,0.04,0.02,0.0
Samoa,2020,0.0,0.04,0.02,0.0
Samoa,2021,0.0,0.04,0.02,0.0
Sao Tome and Principe,2000,0.0,0.01,0.0,0.0
Sao Tome and Principe,2001,0.0,0.0,0.0,0.0
Sao Tome and Principe,2002,0.0,0.01,0.0,0.0
Sao Tome and Principe,2003,0.0,0.01,0.0,0.0
Sao Tome and Principe,2004,0.0,0.01,0.0,0.0
Sao Tome and Principe,2005,0.0,0.0,0.0,0.0
Sao Tome and Principe,2006,0.0,0.01,0.0,0.0
Sao Tome and Principe,2007,0.0,0.01,0.0,0.0
Sao Tome and Principe,2008,0.0,0.01,0.0,0.0
Sao Tome and Principe,2009,0.0,0.01,0.0,0.0
Sao Tome and Principe,2010,0.0,0.0,0.0,0.0
Sao Tome and Principe,2011,0.0,0.01,0.0,0.0
Sao Tome and Principe,2012,0.0,0.01,0.0,0.0
Sao Tome and Principe,2013,0.0,0.01,0.0,0.0
Sao Tome and Principe,2014,0.0,0.01,0.0,0.0
Sao Tome and Principe,2015,0.0,0.01,0.0,0.0
Sao Tome and Principe,2016,0.0,0.01,0.0,0.0
Sao Tome and Principe,2017,0.0,0.01,0.0,0.0
Sao Tome and Principe,2018,0.0,0.01,0.0,0.0
Sao Tome and Principe,2019,0.0,0.01,0.0,0.0
Sao Tome and Principe,2020,0.0,0.01,0.0,0.0
Sao Tome and Principe,2021,0.0,0.01,0.0,0.0
Saudi Arabia,1965,0.0,0.0,0.0,0.0
Saudi Arabia,1966,0.0,0.0,0.0,0.0
Saudi Arabia,1967,0.0,0.0,0.0,0.0
Saudi Arabia,1968,0.0,0.0,0.0,0.0
Saudi Arabia,1969,0.0,0.0,0.0,0.0
Saudi Arabia,1970,0.0,0.0,0.0,0.0
Saudi Arabia,1971,0.0,0.0,0.0,0.0
Saudi Arabia,1972,0.0,0.0,0.0,0.0
Saudi Arabia,1973,0.0,0.0,0.0,0.0
Saudi Arabia,1974,0.0,0.0,0.0,0.0
Saudi Arabia,1975,0.0,0.0,0.0,0.0
Saudi Arabia,1976,0.0,0.0,0.0,0.0
Saudi Arabia,1977,0.0,0.0,0.0,0.0
Saudi Arabia,1978,0.0,0.0,0.0,0.0
Saudi Arabia,1979,0.0,0.0,0.0,0.0
Saudi Arabia,1980,0.0,0.0,0.0,0.0
Saudi Arabia,1981,0.0,0.0,0.0,0.0
Saudi Arabia,1982,0.0,0.0,0.0,0.0
Saudi Arabia,1983,0.0,0.0,0.0,0.0
Saudi Arabia,1984,0.0,0.0,0.0,0.0
Saudi Arabia,1985,0.0,0.0,0.0,0.0
Saudi Arabia,1986,0.0,0.0,0.0,0.0
Saudi Arabia,1987,0.0,0.0,0.0,0.0
Saudi Arabia,1988,0.0,0.0,0.0,0.0
Saudi Arabia,1989,0.0,0.0,0.0,0.0
Saudi Arabia,1990,0.0,0.0,0.0,0.0
Saudi Arabia,1991,0.0,0.0,0.0,0.0
Saudi Arabia,1992,0.0,0.0,0.0,0.0
Saudi Arabia,1993,0.0,0.0,0.0,0.0
Saudi Arabia,1994,0.0,0.0,0.0,0.0
Saudi Arabia,1995,0.0,0.0,0.0,0.0
Saudi Arabia,1996,0.0,0.0,0.0,0.0
Saudi Arabia,1997,0.0,0.0,0.0,0.0
Saudi Arabia,1998,0.0,0.0,0.0,0.0
Saudi Arabia,1999,0.0,0.0,0.0,0.0
Saudi Arabia,2000,0.0,0.0,0.0,0.0
Saudi Arabia,2001,0.0,0.0,0.0,0.0
Saudi Arabia,2002,0.0,0.0,0.0,0.0
Saudi Arabia,2003,0.0,0.0,0.0,0.0
Saudi Arabia,2004,0.0,0.0,0.0,0.0
Saudi Arabia,2005,0.0,0.0,0.0,0.0
Saudi Arabia,2006,0.0,0.0,0.0,0.0
Saudi Arabia,2007,0.0,0.0,0.0,0.0
Saudi Arabia,2008,0.0,0.0,0.0,0.0
Saudi Arabia,2009,0.0,0.0,0.0,0.0
Saudi Arabia,2010,0.0,0.0,0.0,0.0
Saudi Arabia,2011,0.0,0.0,0.01,0.0
Saudi Arabia,2012,0.0,0.0,0.03,0.0
Saudi Arabia,2013,0.0,0.0,0.04,0.0
Saudi Arabia,2014,0.0,0.0,0.05,0.0
Saudi Arabia,2015,0.0,0.0,0.05,0.0
Saudi Arabia,2016,0.0,0.0,0.05,0.0
Saudi Arabia,2017,0.0,0.0,0.07,0.0
Saudi Arabia,2018,0.0,0.0,0.16,0.0
Saudi Arabia,2019,0.0,0.0,0.21,0.0
Saudi Arabia,2020,0.0,0.0,0.21,0.0
Saudi Arabia,2021,0.0,,0.83,0.0
Senegal,2000,0.0,0.0,0.0,0.05
Senegal,2001,0.0,0.0,0.0,0.06
Senegal,2002,0.0,0.19,0.0,0.06
Senegal,2003,0.0,0.33,0.0,0.05
Senegal,2004,0.0,0.29,0.0,0.06
Senegal,2005,0.0,0.26,0.0,0.07
Senegal,2006,0.0,0.23,0.0,0.06
Senegal,2007,0.0,0.18,0.0,0.07
Senegal,2008,0.0,0.23,0.0,0.06
Senegal,2009,0.0,0.24,0.0,0.06
Senegal,2010,0.0,0.25,0.0,0.17
Senegal,2011,0.0,0.25,0.0,0.16
Senegal,2012,0.0,0.29,0.01,0.18
Senegal,2013,0.0,0.31,0.01,0.18
Senegal,2014,0.0,0.31,0.02,0.2
Senegal,2015,0.0,0.33,0.02,0.21
Senegal,2016,0.0,0.36,0.01,0.13
Senegal,2017,0.0,0.36,0.1,0.14
Senegal,2018,0.0,0.36,0.23,0.12
Senegal,2019,0.02,0.31,0.29,0.1
Senegal,2020,0.22,0.31,0.38,0.1
Senegal,2021,0.25,0.31,0.47,0.1
Serbia,1990,0.0,7.49,0.0,0.0
Serbia,1991,0.0,9.57,0.0,0.0
Serbia,1992,0.0,9.17,0.0,0.0
Serbia,1993,0.0,8.06,0.0,0.0
Serbia,1994,0.0,8.92,0.0,0.0
Serbia,1995,0.0,9.9,0.0,0.0
Serbia,1996,0.0,11.48,0.0,0.0
Serbia,1997,0.0,10.5,0.0,0.0
Serbia,1998,0.0,10.32,0.0,0.0
Serbia,1999,0.0,11.14,0.0,0.0
Serbia,2000,0.0,9.82,0.0,0.0
Serbia,2001,0.0,9.89,0.0,0.0
Serbia,2002,0.0,9.93,0.0,0.0
Serbia,2003,0.0,8.74,0.0,0.0
Serbia,2004,0.0,10.62,0.0,0.0
Serbia,2005,0.0,11.41,0.0,0.0
Serbia,2006,0.0,10.35,0.0,0.0
Serbia,2007,0.0,9.46,0.0,0.0
Serbia,2008,0.0,9.56,0.0,0.0
Serbia,2009,0.0,10.54,0.0,0.0
Serbia,2010,0.0,11.89,0.0,0.0
Serbia,2011,0.0,8.67,0.0,0.0
Serbia,2012,0.0,9.29,0.0,0.01
Serbia,2013,0.0,10.2,0.0,0.02
Serbia,2014,0.0,11.0,0.01,0.02
Serbia,2015,0.0,10.08,0.01,0.02
Serbia,2016,0.03,10.79,0.01,0.03
Serbia,2017,0.05,9.15,0.01,0.08
Serbia,2018,0.15,10.64,0.01,0.1
Serbia,2019,0.9,9.46,0.01,0.14
Serbia,2020,0.98,9.03,0.01,0.19
Serbia,2021,0.98,11.1,0.01,0.31
Seychelles,2000,0.0,0.0,0.0,0.0
Seychelles,2001,0.0,0.0,0.0,0.0
Seychelles,2002,0.0,0.0,0.0,0.0
Seychelles,2003,0.0,0.0,0.0,0.0
Seychelles,2004,0.0,0.0,0.0,0.0
Seychelles,2005,0.0,0.0,0.0,0.0
Seychelles,2006,0.0,0.0,0.0,0.0
Seychelles,2007,0.0,0.0,0.0,0.0
Seychelles,2008,0.0,0.0,0.0,0.0
Seychelles,2009,0.0,0.0,0.0,0.0
Seychelles,2010,0.0,0.0,0.0,0.0
Seychelles,2011,0.0,0.0,0.0,0.0
Seychelles,2012,0.0,0.0,0.0,0.0
Seychelles,2013,0.01,0.0,0.0,0.0
Seychelles,2014,0.01,0.0,0.0,0.0
Seychelles,2015,0.01,0.0,0.0,0.0
Seychelles,2016,0.01,0.0,0.0,0.0
Seychelles,2017,0.01,0.0,0.0,0.0
Seychelles,2018,0.01,0.0,0.0,0.0
Seychelles,2019,0.0,0.0,0.04,0.0
Seychelles,2020,0.01,0.0,0.06,0.0
Seychelles,2021,0.01,0.0,0.07,0.0
Sierra Leone,2000,0.0,0.01,0.0,0.0
Sierra Leone,2001,0.0,0.01,0.0,0.0
Sierra Leone,2002,0.0,0.02,0.0,0.0
Sierra Leone,2003,0.0,0.02,0.0,0.0
Sierra Leone,2004,0.0,0.02,0.0,0.0
Sierra Leone,2005,0.0,0.02,0.0,0.0
Sierra Leone,2006,0.0,0.0,0.0,0.0
Sierra Leone,2007,0.0,0.02,0.0,0.0
Sierra Leone,2008,0.0,0.02,0.0,0.0
Sierra Leone,2009,0.0,0.02,0.0,0.0
Sierra Leone,2010,0.0,0.12,0.0,0.0
Sierra Leone,2011,0.0,0.15,0.0,0.0
Sierra Leone,2012,0.0,0.12,0.0,0.0
Sierra Leone,2013,0.0,0.1,0.0,0.0
Sierra Leone,2014,0.0,0.12,0.0,0.03
Sierra Leone,2015,0.0,0.12,0.0,0.02
Sierra Leone,2016,0.0,0.13,0.0,0.03
Sierra Leone,2017,0.0,0.13,0.01,0.03
Sierra Leone,2018,0.0,0.17,0.01,0.02
Sierra Leone,2019,0.0,0.18,0.01,0.0
Sierra Leone,2020,0.0,0.18,0.01,0.0
Sierra Leone,2021,0.0,0.18,0.01,0.0
Singapore,1965,0.0,0.0,0.0,0.0
Singapore,1966,0.0,0.0,0.0,0.0
Singapore,1967,0.0,0.0,0.0,0.0
Singapore,1968,0.0,0.0,0.0,0.0
Singapore,1969,0.0,0.0,0.0,0.0
Singapore,1970,0.0,0.0,0.0,0.0
Singapore,1971,0.0,0.0,0.0,0.0
Singapore,1972,0.0,0.0,0.0,0.0
Singapore,1973,0.0,0.0,0.0,0.0
Singapore,1974,0.0,0.0,0.0,0.0
Singapore,1975,0.0,0.0,0.0,0.0
Singapore,1976,0.0,0.0,0.0,0.0
Singapore,1977,0.0,0.0,0.0,0.0
Singapore,1978,0.0,0.0,0.0,0.0
Singapore,1979,0.0,0.0,0.0,0.0
Singapore,1980,0.0,0.0,0.0,0.0
Singapore,1981,0.0,0.0,0.0,0.0
Singapore,1982,0.0,0.0,0.0,0.0
Singapore,1983,0.0,0.0,0.0,0.0
Singapore,1984,0.0,0.0,0.0,0.0
Singapore,1985,0.0,0.0,0.0,0.0
Singapore,1986,0.0,0.0,0.0,0.085
Singapore,1987,0.0,0.0,0.0,0.085
Singapore,1988,0.0,0.0,0.0,0.085
Singapore,1989,0.0,0.0,0.0,0.085
Singapore,1990,0.0,0.0,0.0,0.085
Singapore,1991,0.0,0.0,0.0,0.245
Singapore,1992,0.0,0.0,0.0,0.245
Singapore,1993,0.0,0.0,0.0,0.245
Singapore,1994,0.0,0.0,0.0,0.245
Singapore,1995,0.0,0.0,0.0,0.245
Singapore,1996,0.0,0.0,0.0,0.245
Singapore,1997,0.0,0.0,0.0,0.245
Singapore,1998,0.0,0.0,0.0,0.245
Singapore,1999,0.0,0.0,0.0,0.245
Singapore,2000,0.0,0.0,0.0,0.0
Singapore,2001,0.0,0.0,0.0,0.0
Singapore,2002,0.0,0.0,0.0,0.0
Singapore,2003,0.0,0.0,0.0,0.0
Singapore,2004,0.0,0.0,0.0,0.0
Singapore,2005,0.0,0.0,0.0,0.0
Singapore,2006,0.0,0.0,0.0,0.0
Singapore,2007,0.0,0.0,0.0,0.0
Singapore,2008,0.0,0.0,0.0,0.0
Singapore,2009,0.0,0.0,0.0,0.0
Singapore,2010,0.0,0.0,0.0,0.0
Singapore,2011,0.0,0.0,0.01,0.0
Singapore,2012,0.0,0.0,0.01,0.0
Singapore,2013,0.0,0.0,0.02,0.14
Singapore,2014,0.0,0.0,0.04,0.24
Singapore,2015,0.0,0.0,0.07,0.34
Singapore,2016,0.0,0.0,0.15,0.38
Singapore,2017,0.0,0.0,0.17,0.38
Singapore,2018,0.0,0.0,0.24,0.42
Singapore,2019,0.0,0.0,0.41,0.43
Singapore,2020,0.0,0.0,0.5,0.42
Singapore,2021,0.0,0.0,0.67,0.44
Slovakia,1965,0.0,2.222958,0.0,0.0
Slovakia,1966,0.0,2.1301508,0.0,0.0
Slovakia,1967,0.0,1.8252122,0.0,0.0
Slovakia,1968,0.0,1.6749526,0.0,0.0
Slovakia,1969,0.0,1.303723,0.0,0.0
Slovakia,1970,0.0,1.966633,0.0,0.0
Slovakia,1971,0.0,1.476,0.0,0.0
Slovakia,1972,0.0,1.546,0.0,0.0
Slovakia,1973,0.0,1.322,0.0,0.0
Slovakia,1974,0.0,2.223,0.0,0.0
Slovakia,1975,0.0,2.002,0.0,0.0
Slovakia,1976,0.0,2.019,0.0,0.0
Slovakia,1977,0.0,2.408,0.0,0.0
Slovakia,1978,0.0,2.259,0.0,0.0
Slovakia,1979,0.0,1.884,0.0,0.0
Slovakia,1980,0.0,2.257,0.0,0.0
Slovakia,1981,0.0,1.966,0.0,0.0
Slovakia,1982,0.0,1.726,0.0,0.0
Slovakia,1983,0.0,1.832,0.0,0.0
Slovakia,1984,0.0,1.555,0.0,0.0
Slovakia,1985,0.0,2.117,0.0,0.0
Slovakia,1986,0.0,1.675,0.0,0.0
Slovakia,1987,0.0,1.932,0.0,0.0
Slovakia,1988,0.0,1.755,0.0,0.0
Slovakia,1989,0.0,1.962,0.0,0.0
Slovakia,1990,0.0,1.88,0.0,0.0
Slovakia,1991,0.0,1.41,0.0,0.0
Slovakia,1992,0.0,1.94,0.0,0.0
Slovakia,1993,0.0,3.47,0.0,0.0
Slovakia,1994,0.0,4.36,0.0,0.0
Slovakia,1995,0.0,4.88,0.0,0.0
Slovakia,1996,0.0,4.23,0.0,0.0
Slovakia,1997,0.0,4.06,0.0,0.0
Slovakia,1998,0.0,4.27,0.0,0.0
Slovakia,1999,0.0,4.47,0.0,0.0
Slovakia,2000,0.0,4.61,0.0,0.0
Slovakia,2001,0.0,4.93,0.0,0.15
Slovakia,2002,0.0,5.27,0.0,0.15
Slovakia,2003,0.0,3.48,0.0,0.1
Slovakia,2004,0.01,4.1,0.0,0.02
Slovakia,2005,0.01,4.64,0.0,0.03
Slovakia,2006,0.01,4.4,0.0,0.4
Slovakia,2007,0.01,4.45,0.0,0.47
Slovakia,2008,0.01,4.04,0.0,0.52
Slovakia,2009,0.01,4.37,0.0,0.54
Slovakia,2010,0.01,5.26,0.02,0.66
Slovakia,2011,0.0,3.78,0.4,0.82
Slovakia,2012,0.01,4.1,0.42,0.94
Slovakia,2013,0.01,4.85,0.59,0.91
Slovakia,2014,0.01,4.21,0.6,1.42
Slovakia,2015,0.01,3.87,0.51,1.66
Slovakia,2016,0.01,4.36,0.53,1.73
Slovakia,2017,0.01,4.32,0.51,1.7
Slovakia,2018,0.01,3.59,0.58,1.63
Slovakia,2019,0.01,4.36,0.59,1.69
Slovakia,2020,0.0,4.52,0.66,1.67
Slovakia,2021,0.0,4.55,0.67,1.84
Slovakia,2022,0.0,3.95,0.69,1.71
Slovenia,1990,0.0,2.95,0.0,0.0
Slovenia,1991,0.0,3.61,0.0,0.0
Slovenia,1992,0.0,3.42,0.0,0.0
Slovenia,1993,0.0,3.04,0.0,0.0
Slovenia,1994,0.0,3.4,0.0,0.0
Slovenia,1995,0.0,3.25,0.0,0.0
Slovenia,1996,0.0,3.67,0.0,0.0
Slovenia,1997,0.0,3.09,0.0,0.0
Slovenia,1998,0.0,3.45,0.0,0.0
Slovenia,1999,0.0,3.74,0.0,0.03
Slovenia,2000,0.0,3.83,0.0,0.07
Slovenia,2001,0.0,3.8,0.0,0.07
Slovenia,2002,0.0,3.31,0.0,0.1
Slovenia,2003,0.0,2.96,0.0,0.12
Slovenia,2004,0.0,4.09,0.0,0.12
Slovenia,2005,0.0,3.46,0.0,0.11
Slovenia,2006,0.0,3.59,0.0,0.11
Slovenia,2007,0.0,3.27,0.0,0.11
Slovenia,2008,0.0,4.02,0.0,0.29
Slovenia,2009,0.0,4.71,0.0,0.19
Slovenia,2010,0.0,4.52,0.01,0.22
Slovenia,2011,0.0,3.56,0.07,0.25
Slovenia,2012,0.0,3.9,0.16,0.27
Slovenia,2013,0.0,4.63,0.22,0.26
Slovenia,2014,0.0,6.09,0.26,0.25
Slovenia,2015,0.01,3.81,0.27,0.26
Slovenia,2016,0.01,4.5,0.27,0.28
Slovenia,2017,0.01,3.87,0.28,0.28
Slovenia,2018,0.01,4.7,0.25,0.26
Slovenia,2019,0.01,4.48,0.3,0.25
Slovenia,2020,0.01,4.93,0.37,0.27
Slovenia,2021,0.01,4.71,0.45,0.27
Slovenia,2022,0.01,3.19,0.44,0.29
Solomon Islands,2000,0.0,0.0,0.0,0.0
Solomon Islands,2001,0.0,0.0,0.0,0.0
Solomon Islands,2002,0.0,0.0,0.0,0.0
Solomon Islands,2003,0.0,0.0,0.0,0.0
Solomon Islands,2004,0.0,0.0,0.0,0.0
Solomon Islands,2005,0.0,0.0,0.0,0.0
Solomon Islands,2006,0.0,0.0,0.0,0.0
Solomon Islands,2007,0.0,0.0,0.0,0.0
Solomon Islands,2008,0.0,0.0,0.0,0.0
Solomon Islands,2009,0.0,0.0,0.0,0.0
Solomon Islands,2010,0.0,0.0,0.0,0.0
Solomon Islands,2011,0.0,0.0,0.0,0.0
Solomon Islands,2012,0.0,0.0,0.0,0.0
Solomon Islands,2013,0.0,0.0,0.0,0.0
Solomon Islands,2014,0.0,0.0,0.0,0.0
Solomon Islands,2015,0.0,0.0,0.0,0.0
Solomon Islands,2016,0.0,0.0,0.0,0.0
Solomon Islands,2017,0.0,0.0,0.0,0.0
Solomon Islands,2018,0.0,0.0,0.0,0.0
Solomon Islands,2019,0.0,0.0,0.0,0.0
Solomon Islands,2020,0.0,0.0,0.0,0.0
Solomon Islands,2021,0.0,0.0,0.0,0.0
Somalia,2000,0.0,0.0,0.0,0.0
Somalia,2001,0.0,0.0,0.0,0.0
Somalia,2002,0.0,0.0,0.0,0.0
Somalia,2003,0.0,0.0,0.0,0.0
Somalia,2004,0.0,0.0,0.0,0.0
Somalia,2005,0.0,0.0,0.0,0.0
Somalia,2006,0.0,0.0,0.0,0.0
Somalia,2007,0.0,0.0,0.0,0.0
Somalia,2008,0.0,0.0,0.0,0.0
Somalia,2009,0.0,0.0,0.0,0.0
Somalia,2010,0.0,0.0,0.0,0.0
Somalia,2011,0.0,0.0,0.0,0.0
Somalia,2012,0.0,0.0,0.0,0.0
Somalia,2013,0.0,0.0,0.0,0.0
Somalia,2014,0.0,0.0,0.0,0.0
Somalia,2015,0.0,0.0,0.0,0.0
Somalia,2016,0.0,0.0,0.01,0.0
Somalia,2017,0.01,0.0,0.01,0.0
Somalia,2018,0.01,0.0,0.01,0.0
Somalia,2019,0.01,0.0,0.01,0.0
Somalia,2020,0.01,0.0,0.02,0.0
Somalia,2021,0.01,0.0,0.03,0.0
South Africa,1965,0.0,0.037,0.0,0.0
South Africa,1966,0.0,0.036,0.0,0.0
South Africa,1967,0.0,0.026,0.0,0.0
South Africa,1968,0.0,0.024,0.0,0.0
South Africa,1969,0.0,0.021,0.0,0.0
South Africa,1970,0.0,0.025,0.0,0.0
South Africa,1971,0.0,0.112,0.0,0.0
South Africa,1972,0.0,0.834,0.0,0.0
South Africa,1973,0.0,0.985,0.0,0.0
South Africa,1974,0.0,1.132,0.0,0.0
South Africa,1975,0.0,1.12,0.0,0.0
South Africa,1976,0.0,1.876,0.0,0.0
South Africa,1977,0.0,1.944,0.0,0.0
South Africa,1978,0.0,1.907,0.0,0.0
South Africa,1979,0.0,1.144,0.0,0.0
South Africa,1980,0.0,0.992,0.0,0.0
South Africa,1981,0.0,1.653,0.0,0.0
South Africa,1982,0.0,1.016,0.0,0.0
South Africa,1983,0.0,0.595,0.0,0.0
South Africa,1984,0.0,0.56,0.0,0.0
South Africa,1985,0.0,0.624,0.0,0.0
South Africa,1986,0.0,1.623,0.0,0.0
South Africa,1987,0.0,1.617,0.0,0.0
South Africa,1988,0.0,3.162,0.0,0.0
South Africa,1989,0.0,2.759,0.0,0.0
South Africa,1990,0.0,1.01,0.0,0.0
South Africa,1991,0.0,1.98,0.0,0.0
South Africa,1992,0.0,0.75200003,0.0,0.0
South Africa,1993,0.0,0.14600004,0.0,0.0
South Africa,1994,0.0,1.0739999,0.0,0.0
South Africa,1995,0.0,0.529,0.0,0.0
South Africa,1996,0.0,1.3189999,0.0,0.06
South Africa,1997,0.0,2.092,0.0,0.146
South Africa,1998,0.0,1.595,0.0,0.231
South Africa,1999,0.0,0.7259999,0.0,0.197
South Africa,2000,0.0,1.34,0.0,0.45
South Africa,2001,0.0,2.06,0.0,0.4
South Africa,2002,0.0,2.36,0.02,0.43
South Africa,2003,0.01,0.78,0.02,0.38
South Africa,2004,0.01,0.94,0.02,0.36
South Africa,2005,0.01,1.32,0.02,0.4
South Africa,2006,0.01,2.87,0.02,0.38
South Africa,2007,0.01,0.86,0.02,0.41
South Africa,2008,0.02,1.19,0.02,0.43
South Africa,2009,0.03,1.39,0.02,0.42
South Africa,2010,0.03,2.09,0.02,0.37
South Africa,2011,0.04,2.04,0.02,0.39
South Africa,2012,0.04,1.19,0.03,0.4
South Africa,2013,0.01,1.11,0.05,0.45
South Africa,2014,1.06,0.9,1.08,0.34
South Africa,2015,2.5,0.8,2.4,0.39
South Africa,2016,3.7,0.67,3.01,0.31
South Africa,2017,4.92,0.81,3.94,0.37
South Africa,2018,6.47,1.1,4.24,0.41
South Africa,2019,6.62,0.73,4.81,0.41
South Africa,2020,5.94,1.44,5.03,0.42
South Africa,2021,8.36,1.47,6.65,0.4
South Korea,1965,0.0,0.710427,0.0,0.0
South Korea,1966,0.0,0.985322,0.0,0.0
South Korea,1967,0.0,0.953171,0.0,0.0
South Korea,1968,0.0,0.929483,0.0,0.0
South Korea,1969,0.0,1.428512,0.0,0.0
South Korea,1970,0.0,1.220684,0.0,0.0
South Korea,1971,0.0,1.319976,0.0,0.0
South Korea,1972,0.0,1.368076,0.0,0.0
South Korea,1973,0.0,1.284465,0.0,0.0
South Korea,1974,0.0,1.905858,0.0,0.0
South Korea,1975,0.0,1.682809,0.0,0.0
South Korea,1976,0.0,1.788661,0.0,0.0
South Korea,1977,0.0,1.392729,0.0,0.0
South Korea,1978,0.0,1.807524,0.0,0.0
South Korea,1979,0.0,2.296168,0.0,0.0
South Korea,1980,0.0,1.920375,0.0,0.0
South Korea,1981,0.0,2.597707,0.0,0.0
South Korea,1982,0.0,1.715362,0.0,0.0
South Korea,1983,0.0,2.294191,0.0,0.0
South Korea,1984,0.0,1.998143,0.0,0.0
South Korea,1985,0.0,3.184966,0.0,0.0
South Korea,1986,0.0,3.10988,0.0,0.0
South Korea,1987,0.0,3.965371,0.0,0.0
South Korea,1988,0.0,1.987232,0.0,0.0
South Korea,1989,0.0,2.963969,0.0,0.0
South Korea,1990,0.0,4.683946,0.001,0.0
South Korea,1991,0.0,3.486046,0.001,0.0
South Korea,1992,0.0,3.097448,0.002,0.0
South Korea,1993,0.001,4.227549,0.002,0.0
South Korea,1994,0.001,2.346092,0.002,0.0
South Korea,1995,0.0,2.759923,0.002,0.25
South Korea,1996,0.0,2.424357,0.003,0.403
South Korea,1997,0.001,2.813992,0.003,0.078
South Korea,1998,0.002,4.279418,0.004,0.058
South Korea,1999,0.005839,4.15926,0.004572,0.087
South Korea,2000,0.02,3.97,0.0,0.08
South Korea,2001,0.01,4.11,0.01,0.08
South Korea,2002,0.01,3.2,0.01,0.17
South Korea,2003,0.03,4.85,0.01,0.18
South Korea,2004,0.05,4.29,0.01,0.28
South Korea,2005,0.13,3.64,0.01,0.24
South Korea,2006,0.24,3.43,0.03,0.24000001
South Korea,2007,0.38,3.6,0.07,0.37
South Korea,2008,0.44,3.04,0.28,0.63
South Korea,2009,0.69,2.79,0.57,0.6
South Korea,2010,0.82,3.63,0.77,3.02
South Korea,2011,0.86,4.54,0.92,5.97
South Korea,2012,0.91,3.87,1.1,6.8799996
South Korea,2013,1.15,4.23,1.59,7.65
South Korea,2014,1.15,2.72,2.55,11.25
South Korea,2015,1.34,2.12,3.88,11.9
South Korea,2016,1.68,2.76,5.07,11.86
South Korea,2017,2.17,2.83,7.05,13.929999
South Korea,2018,2.46,3.32,9.21,14.42
South Korea,2019,2.68,2.75,13.0,13.490001
South Korea,2020,3.15,3.88,17.97,8.81
South Korea,2021,3.18,3.05,23.95,15.57
South Sudan,2012,0.0,0.0,0.0,0.0
South Sudan,2013,0.0,0.0,0.0,0.0
South Sudan,2014,0.0,0.0,0.0,0.0
South Sudan,2015,0.0,0.0,0.0,0.0
South Sudan,2016,0.0,0.0,0.0,0.0
South Sudan,2017,0.0,0.0,0.0,0.0
South Sudan,2018,0.0,0.0,0.01,0.0
South Sudan,2019,0.0,0.0,0.01,0.0
South Sudan,2020,0.0,0.0,0.01,0.0
South Sudan,2021,0.0,0.0,0.01,0.0
Spain,1965,0.0,19.687,0.0,0.0
Spain,1966,0.0,27.258,0.0,0.0
Spain,1967,0.0,22.657,0.0,0.0
Spain,1968,0.0,24.388,0.0,0.0
Spain,1969,0.0,30.603,0.0,0.0
Spain,1970,0.0,27.772,0.0,0.047
Spain,1971,0.0,31.816,0.0,0.052
Spain,1972,0.0,35.469,0.0,0.061
Spain,1973,0.0,28.912,0.0,0.056
Spain,1974,0.0,30.568,0.0,0.051
Spain,1975,0.0,26.065,0.0,0.113
Spain,1976,0.0,20.932,0.0,0.187
Spain,1977,0.0,39.628,0.0,0.309
Spain,1978,0.0,40.251,0.0,0.316
Spain,1979,0.0,46.397,0.0,0.251
Spain,1980,0.0,29.55,0.0,0.362
Spain,1981,0.0,21.942,0.0,0.424
Spain,1982,0.0,26.331,0.0,0.487
Spain,1983,0.0,27.047,0.0,0.56
Spain,1984,0.0,31.484,0.0,0.55
Spain,1985,0.0,31.287,0.0,0.611
Spain,1986,0.0,26.494,0.0,0.538
Spain,1987,0.0,27.383,0.0,0.563
Spain,1988,0.0,35.246,0.0,0.673
Spain,1989,0.013,19.349,0.006060606,0.578
Spain,1990,0.01,25.47,0.01,0.54
Spain,1991,0.01,27.25,0.01,0.54
Spain,1992,0.1,18.92,0.01,0.57
Spain,1993,0.12,24.42,0.01,0.58
Spain,1994,0.17,28.24,0.01,0.64
Spain,1995,0.27,23.08,0.02,1.01
Spain,1996,0.36,39.79,0.02,1.08
Spain,1997,0.74,34.75,0.02,1.46
Spain,1998,1.35,33.99,0.02,1.53
Spain,1999,2.74,22.82,0.03,1.62
Spain,2000,4.73,28.26,0.01,1.49
Spain,2001,6.76,40.89,0.02,1.63
Spain,2002,9.34,21.22,0.02,2.59
Spain,2003,12.07,40.48,0.02,3.18
Spain,2004,15.7,31.08,0.02,3.33
Spain,2005,21.18,18.39,0.05,2.65
Spain,2006,23.3,25.96,0.12,2.77
Spain,2007,27.57,27.31,0.52,2.9
Spain,2008,32.95,23.36,2.58,3.26
Spain,2009,38.12,26.41,6.06,3.49
Spain,2010,44.27,42.3,7.19,4.01
Spain,2011,42.92,30.6,9.4,4.61
Spain,2012,49.47,20.55,11.97,4.98
Spain,2013,55.65,36.87,13.1,5.8
Spain,2014,52.01,39.17,13.67,5.41
Spain,2015,49.33,28.14,13.86,5.76
Spain,2016,48.9,36.4,13.64,5.69
Spain,2017,49.13,18.32,14.4,6.08
Spain,2018,50.9,34.33,12.74,5.91
Spain,2019,55.65,24.65,15.1,5.59
Spain,2020,56.44,30.51,20.67,6.17
Spain,2021,62.06,29.63,27.1,6.96
Spain,2022,61.85,18.8,32.77,6.82
Sri Lanka,1965,0.0,0.365,0.0,0.0
Sri Lanka,1966,0.0,0.399,0.0,0.0
Sri Lanka,1967,0.0,0.41,0.0,0.0
Sri Lanka,1968,0.0,0.474,0.0,0.0
Sri Lanka,1969,0.0,0.549,0.0,0.0
Sri Lanka,1970,0.0,0.7403,0.0,0.0
Sri Lanka,1971,0.0,0.8255,0.0,0.0
Sri Lanka,1972,0.0,0.8471,0.0,0.0
Sri Lanka,1973,0.0,0.6957,0.0,0.0
Sri Lanka,1974,0.0,0.9976,0.0,0.0
Sri Lanka,1975,0.0,1.0766,0.0,0.0
Sri Lanka,1976,0.0,1.1095,0.0,0.0
Sri Lanka,1977,0.0,1.2139,0.0,0.0
Sri Lanka,1978,0.0,1.3663,0.0,0.0
Sri Lanka,1979,0.0,1.4618,0.0,0.0
Sri Lanka,1980,0.0,1.4801,0.0,0.0
Sri Lanka,1981,0.0,1.5716,0.0,0.0
Sri Lanka,1982,0.0,1.6076,0.0,0.0
Sri Lanka,1983,0.0,1.2172,0.0,0.0
Sri Lanka,1984,0.0,2.0922,0.0,0.0
Sri Lanka,1985,0.0,2.3956,0.0,0.0
Sri Lanka,1986,0.0,2.6451,0.0,0.0
Sri Lanka,1987,0.0,2.177,0.0,0.0
Sri Lanka,1988,0.0,2.5967,0.0,0.0
Sri Lanka,1989,0.0,2.8012,0.0,0.0
Sri Lanka,1990,0.0,3.1448,0.0,0.0
Sri Lanka,1991,0.0,3.1166,0.0,0.0
Sri Lanka,1992,0.0,2.8999,0.0,0.0
Sri Lanka,1993,0.0,3.796,0.0,0.0
Sri Lanka,1994,0.0,4.0891,0.0,0.0
Sri Lanka,1995,0.0,4.5141,0.0,0.0
Sri Lanka,1996,0.0,3.2519,0.0,0.0
Sri Lanka,1997,0.0,3.44727,0.0,0.0
Sri Lanka,1998,0.0,3.91495,0.0,0.0
Sri Lanka,1999,0.0035,4.1774936,0.0,0.0
Sri Lanka,2000,0.0,3.16,0.01,0.0
Sri Lanka,2001,0.0,3.08,0.01,0.0
Sri Lanka,2002,0.0,2.67,0.01,0.0
Sri Lanka,2003,0.0,3.26,0.01,0.0
Sri Lanka,2004,0.0,2.93,0.01,0.0
Sri Lanka,2005,0.0,3.42,0.01,0.0
Sri Lanka,2006,0.0,3.85,0.01,0.0
Sri Lanka,2007,0.0,3.91,0.02,0.01
Sri Lanka,2008,0.0,4.09,0.02,0.06
Sri Lanka,2009,0.0,3.87,0.02,0.06
Sri Lanka,2010,0.05,5.58,0.02,0.04
Sri Lanka,2011,0.09,4.57,0.02,0.04
Sri Lanka,2012,0.15,3.26,0.02,0.05
Sri Lanka,2013,0.23,6.85,0.02,0.04
Sri Lanka,2014,0.27,4.51,0.03,0.08
Sri Lanka,2015,0.34,5.91,0.03,0.08
Sri Lanka,2016,0.34,4.18,0.05,0.13
Sri Lanka,2017,0.37,3.98,0.11,0.19
Sri Lanka,2018,0.33,6.34,0.23,0.2
Sri Lanka,2019,0.35,4.81,0.36,0.25
Sri Lanka,2020,0.34,4.98,0.44,0.24
Sri Lanka,2021,0.37,5.0,0.54,0.26
Sudan,2000,0.0,1.17,0.0,0.1
Sudan,2001,0.0,1.25,0.0,0.12
Sudan,2002,0.0,1.27,0.0,0.13
Sudan,2003,0.0,1.15,0.0,0.16
Sudan,2004,0.0,1.1,0.0,0.17
Sudan,2005,0.0,1.25,0.0,0.19
Sudan,2006,0.0,1.36,0.0,0.23
Sudan,2007,0.0,1.44,0.0,0.26
Sudan,2008,0.0,1.45,0.0,0.29
Sudan,2009,0.0,3.2,0.0,0.24
Sudan,2010,0.0,6.14,0.0,0.1
Sudan,2011,0.0,6.4,0.0,0.15
Sudan,2012,0.0,6.55,0.01,0.4
Sudan,2013,0.0,8.23,0.01,0.29
Sudan,2014,0.0,8.82,0.01,0.35
Sudan,2015,0.0,8.34,0.01,0.64
Sudan,2016,0.0,7.97,0.02,0.88
Sudan,2017,0.0,9.25,0.02,0.85
Sudan,2018,0.0,9.56,0.02,0.91
Sudan,2019,0.0,9.79,0.02,0.93
Sudan,2020,0.0,10.27,0.03,0.89
Sudan,2021,0.0,10.0,0.03,0.94
Suriname,2000,0.0,0.71,0.0,0.0
Suriname,2001,0.0,0.73,0.0,0.0
Suriname,2002,0.0,0.74,0.0,0.0
Suriname,2003,0.0,0.75,0.0,0.0
Suriname,2004,0.0,0.76,0.0,0.0
Suriname,2005,0.0,0.82,0.0,0.0
Suriname,2006,0.0,0.86,0.0,0.0
Suriname,2007,0.0,0.86,0.0,0.0
Suriname,2008,0.0,0.86,0.0,0.0
Suriname,2009,0.0,0.86,0.0,0.0
Suriname,2010,0.0,1.2,0.0,0.0
Suriname,2011,0.0,1.03,0.0,0.0
Suriname,2012,0.0,0.82,0.0,0.0
Suriname,2013,0.0,0.83,0.0,0.0
Suriname,2014,0.0,0.55,0.0,0.0
Suriname,2015,0.0,0.47,0.01,0.01
Suriname,2016,0.0,0.78,0.01,0.01
Suriname,2017,0.0,0.92,0.01,0.0
Suriname,2018,0.0,0.99,0.01,0.0
Suriname,2019,0.0,0.95,0.01,0.0
Suriname,2020,0.0,0.97,0.01,0.0
Suriname,2021,0.0,1.0,0.02,0.0
Sweden,1965,0.0,46.423,0.0,0.0
Sweden,1966,0.0,45.489,0.0,0.0
Sweden,1967,0.0,49.286,0.0,0.0
Sweden,1968,0.0,48.739,0.0,0.0
Sweden,1969,0.0,41.83,0.0,0.0
Sweden,1970,0.0,41.489,0.0,0.13
Sweden,1971,0.0,52.012,0.0,0.16
Sweden,1972,0.0,53.743,0.0,0.226
Sweden,1973,0.0,59.872,0.0,0.399
Sweden,1974,0.0,57.265,0.0,0.357
Sweden,1975,0.0,57.648,0.0,0.31
Sweden,1976,0.0,54.832,0.0,0.354
Sweden,1977,0.0,53.495,0.0,0.36
Sweden,1978,0.0,57.753,0.0,0.276
Sweden,1979,0.0,61.08,0.0,0.347
Sweden,1980,0.0,58.868,0.0,0.721
Sweden,1981,0.0,59.753,0.0,0.921
Sweden,1982,0.0,55.066,0.0,1.002
Sweden,1983,0.003,63.544,0.0,1.447
Sweden,1984,0.005,67.906,0.0,1.848
Sweden,1985,0.006,70.988,0.0,1.802
Sweden,1986,0.006,60.933,0.0,1.98
Sweden,1987,0.006,71.854,0.0,1.959
Sweden,1988,0.005,69.883,0.0,2.041
Sweden,1989,0.005,71.75,0.0,2.189
Sweden,1990,0.01,72.5,0.0,1.94
Sweden,1991,0.01,63.24,0.0,1.86
Sweden,1992,0.03,74.33,0.0,2.01
Sweden,1993,0.05,74.65,0.0,2.17
Sweden,1994,0.07,59.1,0.0,2.23
Sweden,1995,0.1,68.1,0.0,2.35
Sweden,1996,0.14,51.74,0.0,2.12
Sweden,1997,0.2,69.06,0.0,2.77
Sweden,1998,0.32,75.0,0.0,2.78
Sweden,1999,0.36,71.69,0.0,2.7
Sweden,2000,0.46,78.58,0.0,4.1
Sweden,2001,0.48,79.06,0.0,3.78
Sweden,2002,0.61,66.36,0.0,4.18
Sweden,2003,0.68,53.54,0.0,4.51
Sweden,2004,0.86,60.12,0.0,7.2
Sweden,2005,0.94,72.8,0.0,7.49
Sweden,2006,0.98,61.72,0.0,8.36
Sweden,2007,1.43,66.16,0.0,9.84
Sweden,2008,2.0,69.07,0.0,10.34
Sweden,2009,2.49,65.85,0.01,11.46
Sweden,2010,3.49,66.4,0.01,12.19
Sweden,2011,6.11,66.43,0.01,11.54
Sweden,2012,7.16,78.93,0.02,12.19
Sweden,2013,9.84,61.36,0.04,11.45
Sweden,2014,11.23,63.76,0.05,10.7
Sweden,2015,16.32,75.31,0.1,10.77
Sweden,2016,15.48,62.02,0.14,11.49
Sweden,2017,17.61,65.14,0.23,12.08
Sweden,2018,16.62,62.21,0.41,11.91
Sweden,2019,19.85,65.37,0.68,13.04
Sweden,2020,27.53,72.39,1.05,11.18
Sweden,2021,27.24,73.89,1.53,13.08
Sweden,2022,33.24,69.16,2.34,12.66
Switzerland,1965,0.0,24.097282,0.0,0.0
Switzerland,1966,0.0,27.518608,0.0,0.0
Switzerland,1967,0.0,29.850212,0.0,0.0
Switzerland,1968,0.0,29.515339,0.0,0.0
Switzerland,1969,0.0,28.24513,0.0,0.0
Switzerland,1970,0.0,29.172628,0.0,0.0
Switzerland,1971,0.0,29.043726,0.0,0.0
Switzerland,1972,0.0,24.234034,0.0,0.0
Switzerland,1973,0.0,26.586607,0.0,0.0
Switzerland,1974,0.0,27.850393,0.0,0.0
Switzerland,1975,0.0,32.23579,0.0,0.0
Switzerland,1976,0.0,25.849403,0.0,0.0
Switzerland,1977,0.0,34.88988,0.0,0.0
Switzerland,1978,0.0,31.560526,0.0,0.098
Switzerland,1979,0.0,29.68438,0.0,0.287
Switzerland,1980,0.0,33.447933,0.0,0.173
Switzerland,1981,0.0,35.12508,0.0,0.436
Switzerland,1982,0.0,35.971413,0.0,0.39
Switzerland,1983,0.0,35.06285,0.0,0.396
Switzerland,1984,0.0,29.893864,0.0,0.369
Switzerland,1985,0.0,32.05207,0.0,0.365
Switzerland,1986,0.0,32.90528,0.0,0.458
Switzerland,1987,0.0,34.674698,0.0,0.511
Switzerland,1988,0.0,35.79507,0.0,0.513
Switzerland,1989,0.0,29.77493,0.0,0.529
Switzerland,1990,0.0,29.797848,0.001,0.438
Switzerland,1991,0.0,32.080162,0.002,0.436
Switzerland,1992,0.0,32.703655,0.003,0.485
Switzerland,1993,0.0,35.781193,0.004,0.491
Switzerland,1994,0.0,39.072556,0.005,0.55
Switzerland,1995,0.0,35.171566,0.006,0.574
Switzerland,1996,0.001,28.74798,0.007,0.614
Switzerland,1997,0.002,34.046455,0.007,0.658
Switzerland,1998,0.003,33.475414,0.008,0.689
Switzerland,1999,0.003,40.008263,0.01,0.749
Switzerland,2000,0.0,33.85,0.01,0.14
Switzerland,2001,0.0,38.29,0.01,0.14
Switzerland,2002,0.0,32.32,0.01,0.14
Switzerland,2003,0.0,31.95,0.02,0.14
Switzerland,2004,0.01,30.94,0.02,0.15
Switzerland,2005,0.01,28.66,0.02,0.16
Switzerland,2006,0.01,28.27,0.02,0.16
Switzerland,2007,0.02,32.36,0.03,0.15
Switzerland,2008,0.02,33.21,0.03,0.15
Switzerland,2009,0.02,32.83,0.05,0.13
Switzerland,2010,0.04,33.26,0.09,0.14
Switzerland,2011,0.07,29.91,0.17,0.15
Switzerland,2012,0.09,35.78,0.3,0.15
Switzerland,2013,0.09,35.63,0.5,0.15
Switzerland,2014,0.1,35.12,0.84,0.14
Switzerland,2015,0.11,35.38,1.12,0.12
Switzerland,2016,0.11,31.98,1.33,0.15
Switzerland,2017,0.13,31.48,1.68,0.16
Switzerland,2018,0.12,32.1,1.95,0.15
Switzerland,2019,0.15,35.16,2.18,0.15
Switzerland,2020,0.15,37.87,2.6,0.17
Switzerland,2021,0.15,36.96,2.89,0.11
Syria,2000,0.0,3.2,0.0,0.02
Syria,2001,0.0,3.38,0.0,0.02
Syria,2002,0.0,2.43,0.0,0.02
Syria,2003,0.0,2.73,0.0,0.02
Syria,2004,0.0,4.13,0.0,0.02
Syria,2005,0.0,4.28,0.0,0.03
Syria,2006,0.0,3.91,0.0,0.03
Syria,2007,0.0,3.44,0.0,0.03
Syria,2008,0.0,2.84,0.0,0.03
Syria,2009,0.0,1.85,0.0,0.03
Syria,2010,0.0,2.57,0.0,0.03
Syria,2011,0.0,3.25,0.0,0.03
Syria,2012,0.0,3.2,0.0,0.02
Syria,2013,0.0,2.97,0.0,0.01
Syria,2014,0.0,2.32,0.0,0.01
Syria,2015,0.0,0.41,0.0,0.01
Syria,2016,0.0,0.92,0.0,0.01
Syria,2017,0.0,0.75,0.0,0.01
Syria,2018,0.0,0.75,0.0,0.01
Syria,2019,0.0,0.75,0.0,0.01
Syria,2020,0.0,0.75,0.0,0.01
Syria,2021,0.0,0.75,0.0,0.01
Taiwan,1965,0.0,2.586,0.0,0.0
Taiwan,1966,0.0,2.661,0.0,0.0
Taiwan,1967,0.0,2.634,0.0,0.0
Taiwan,1968,0.0,3.864,0.0,0.0
Taiwan,1969,0.0,3.052,0.0,0.0
Taiwan,1970,0.0,2.865,0.0,0.0
Taiwan,1971,0.0,3.091,0.0,0.0
Taiwan,1972,0.0,3.636,0.0,0.0
Taiwan,1973,0.0,3.399,0.0,0.0
Taiwan,1974,0.0,4.705,0.0,0.0
Taiwan,1975,0.0,5.261,0.0,0.0
Taiwan,1976,0.0,4.282,0.0,0.0
Taiwan,1977,0.0,4.023,0.0,0.0
Taiwan,1978,0.0,4.966,0.0,0.0
Taiwan,1979,0.0,4.567,0.0,0.0
Taiwan,1980,0.0,2.926,0.0,0.0
Taiwan,1981,0.0,4.791,0.0,0.0
Taiwan,1982,0.0,4.7812243,0.0,0.00828249
Taiwan,1983,0.0,4.98775,0.0,0.004545145
Taiwan,1984,0.0,4.385302,0.0,0.00350599
Taiwan,1985,0.0,6.0011296,0.0,0.00295588
Taiwan,1986,0.0,6.1299214,0.0,0.0045321
Taiwan,1987,0.0,5.508951,0.0,0.0028272
Taiwan,1988,0.0,4.673866,0.0,0.00310436
Taiwan,1989,0.0,4.8634553,0.0,0.19544277
Taiwan,1990,0.0,6.38118,0.0,0.21162774
Taiwan,1991,0.0,3.8536472,0.0,0.24322364
Taiwan,1992,0.0,6.555993,0.0,0.2616219
Taiwan,1993,0.0,4.108831,0.0,0.2327173
Taiwan,1994,0.0,5.0615253,0.0,0.25695983
Taiwan,1995,0.0,4.839462,0.0,0.3838267
Taiwan,1996,0.0,4.7430544,0.0,0.46987763
Taiwan,1997,0.0,5.2454824,0.0,0.5255885
Taiwan,1998,0.0,6.2018576,0.0,0.6072004
Taiwan,1999,0.0,5.051025,0.0,0.7588659
Taiwan,2000,0.0,4.56,0.0,1.05
Taiwan,2001,0.01,5.09,0.0,1.33
Taiwan,2002,0.02,2.78,0.0,1.61
Taiwan,2003,0.02,3.03,0.0,1.79
Taiwan,2004,0.03,3.21,0.0,1.87
Taiwan,2005,0.09,4.07,0.0,1.87
Taiwan,2006,0.28,4.09,0.0,1.86
Taiwan,2007,0.44,4.42,0.0,1.9
Taiwan,2008,0.59,4.31,0.0,1.83
Taiwan,2009,0.79,3.75,0.01,1.76
Taiwan,2010,1.03,4.19,0.02,1.85
Taiwan,2011,1.49,4.0,0.06,1.85
Taiwan,2012,1.41,5.67,0.16,1.85
Taiwan,2013,1.64,5.42,0.32,1.86
Taiwan,2014,1.5,4.32,0.53,1.93
Taiwan,2015,1.53,4.47,0.85,1.95
Taiwan,2016,1.46,6.56,1.11,1.92
Taiwan,2017,1.72,5.45,1.67,1.87
Taiwan,2018,1.71,4.48,2.71,1.98
Taiwan,2019,1.89,5.54,4.02,2.0
Taiwan,2020,2.31,3.02,6.07,1.99
Taiwan,2021,2.21,3.47,7.97,2.0
Tajikistan,2000,0.0,13.77,0.0,0.0
Tajikistan,2001,0.0,14.06,0.0,0.0
Tajikistan,2002,0.0,15.01,0.0,0.0
Tajikistan,2003,0.0,16.17,0.0,0.0
Tajikistan,2004,0.0,16.18,0.0,0.0
Tajikistan,2005,0.0,16.8,0.0,0.0
Tajikistan,2006,0.0,16.53,0.0,0.0
Tajikistan,2007,0.0,16.94,0.0,0.0
Tajikistan,2008,0.0,16.64,0.0,0.0
Tajikistan,2009,0.0,15.74,0.0,0.0
Tajikistan,2010,0.0,16.24,0.0,0.0
Tajikistan,2011,0.0,16.04,0.0,0.0
Tajikistan,2012,0.0,16.73,0.0,0.0
Tajikistan,2013,0.0,16.9,0.0,0.0
Tajikistan,2014,0.0,15.84,0.0,0.0
Tajikistan,2015,0.0,16.83,0.0,0.0
Tajikistan,2016,0.0,16.47,0.0,0.0
Tajikistan,2017,0.0,16.96,0.0,0.0
Tajikistan,2018,0.0,18.21,0.0,0.0
Tajikistan,2019,0.0,19.17,0.0,0.0
Tajikistan,2020,0.0,18.11,0.0,0.0
Tajikistan,2021,0.0,18.0,0.0,0.0
Tanzania,2000,0.0,2.12,0.0,0.17
Tanzania,2001,0.0,2.58,0.0,0.08
Tanzania,2002,0.0,2.69,0.0,0.02
Tanzania,2003,0.0,2.52,0.0,0.02
Tanzania,2004,0.0,2.33,0.0,0.12
Tanzania,2005,0.0,1.76,0.0,0.37
Tanzania,2006,0.0,1.42,0.0,0.42
Tanzania,2007,0.0,2.5,0.0,0.35
Tanzania,2008,0.0,2.62,0.0,0.36
Tanzania,2009,0.0,2.61,0.0,0.45
Tanzania,2010,0.0,2.67,0.01,0.66
Tanzania,2011,0.0,1.97,0.01,0.55
Tanzania,2012,0.0,1.75,0.01,0.61
Tanzania,2013,0.0,1.7,0.01,0.58
Tanzania,2014,0.0,2.56,0.02,0.58
Tanzania,2015,0.0,2.09,0.02,0.84
Tanzania,2016,0.0,2.34,0.03,0.87
Tanzania,2017,0.0,2.33,0.04,0.88
Tanzania,2018,0.0,2.21,0.05,0.57
Tanzania,2019,0.0,2.48,0.05,0.58
Tanzania,2020,0.0,3.14,0.05,0.55
Tanzania,2021,0.0,3.0,0.06,0.59
Thailand,1965,0.0,0.841,0.0,0.0
Thailand,1966,0.0,1.064,0.0,0.0
Thailand,1967,0.0,1.368,0.0,0.0
Thailand,1968,0.0,1.405,0.0,0.0
Thailand,1969,0.0,1.046,0.0,0.0
Thailand,1970,0.0,1.787,0.0,0.0
Thailand,1971,0.0,2.048,0.0,0.0
Thailand,1972,0.0,1.728,0.0,0.0
Thailand,1973,0.0,1.88,0.0,0.0
Thailand,1974,0.0,2.458,0.0,0.0
Thailand,1975,0.0,3.399,0.0,0.0
Thailand,1976,0.0,3.637,0.0,0.0
Thailand,1977,0.0,3.265,0.0,0.0
Thailand,1978,0.0,2.11,0.0,0.0
Thailand,1979,0.0,3.263,0.0,0.0
Thailand,1980,0.0,1.273,0.0,0.0
Thailand,1981,0.0,2.974,0.0,0.0
Thailand,1982,0.0,3.836,0.0,0.0
Thailand,1983,0.0,3.66,0.0,0.0
Thailand,1984,0.0,4.081,0.0,0.0
Thailand,1985,0.0,3.691,0.0,0.0
Thailand,1986,0.0,5.5317,0.0,0.0
Thailand,1987,0.0,4.05623,0.0,0.00492
Thailand,1988,0.0,3.71817,0.0,0.03019
Thailand,1989,0.0,5.51221,0.0,0.02157
Thailand,1990,0.0,4.90011,0.0,0.025009
Thailand,1991,0.0,4.50535,0.0,0.029667
Thailand,1992,0.0,4.15894,0.0,0.020861
Thailand,1993,0.0,3.612501,0.0,0.029429
Thailand,1994,0.0,4.403602,0.0,0.05076354
Thailand,1995,0.0,6.593011,0.0,0.14274906
Thailand,1996,0.0,7.215002,0.0,0.2071208
Thailand,1997,0.0,7.082,0.0,0.27350026
Thailand,1998,0.0,5.088822,0.0,0.3095111
Thailand,1999,0.0,3.409668,0.0,0.4474333
Thailand,2000,0.0,5.89,0.0,0.49
Thailand,2001,0.0,6.17,0.0,0.59
Thailand,2002,0.0,7.37,0.0,0.7
Thailand,2003,0.0,7.21,0.0,1.15
Thailand,2004,0.0,5.9,0.0,1.73
Thailand,2005,0.0,5.67,0.0,1.75
Thailand,2006,0.0,7.95,0.0,1.87
Thailand,2007,0.0,7.96,0.0,2.24
Thailand,2008,0.0,6.95,0.0,2.0
Thailand,2009,0.0,6.97,0.01,2.11
Thailand,2010,0.0,5.35,0.02,3.21
Thailand,2011,0.0,7.93,0.09,3.81
Thailand,2012,0.14,8.43,0.5,4.35
Thailand,2013,0.31,5.41,1.26,5.35
Thailand,2014,0.31,5.16,1.93,6.28
Thailand,2015,0.33,3.76,2.38,6.86
Thailand,2016,0.34,3.54,3.38,8.71
Thailand,2017,1.11,4.69,4.54,9.58
Thailand,2018,1.64,7.6,4.54,12.06
Thailand,2019,3.67,6.31,5.15,12.89
Thailand,2020,3.22,4.54,5.03,11.94
Thailand,2021,4.3,4.68,4.29,13.84
Timor,2003,0.0,0.0,0.0,0.0
Timor,2004,0.0,0.0,0.0,0.0
Timor,2005,0.0,0.0,0.0,0.0
Timor,2006,0.0,0.0,0.0,0.0
Timor,2007,0.0,0.0,0.0,0.0
Timor,2008,0.0,0.0,0.0,0.0
Timor,2009,0.0,0.0,0.0,0.0
Timor,2010,0.0,0.0,0.0,0.0
Timor,2011,0.0,0.0,0.0,0.0
Timor,2012,0.0,0.0,0.0,0.0
Timor,2013,0.0,0.0,0.0,0.0
Timor,2014,0.0,0.0,0.0,0.0
Timor,2015,0.0,0.0,0.0,0.0
Timor,2016,0.0,0.0,0.0,0.0
Timor,2017,0.0,0.0,0.0,0.0
Timor,2018,0.0,0.0,0.0,0.0
Timor,2019,0.0,0.0,0.0,0.0
Timor,2020,0.0,0.0,0.0,0.0
Timor,2021,0.0,0.0,0.0,0.0
Togo,2000,0.0,0.1,0.0,0.0
Togo,2001,0.0,0.05,0.0,0.0
Togo,2002,0.0,0.09,0.0,0.0
Togo,2003,0.0,0.12,0.0,0.0
Togo,2004,0.0,0.08,0.0,0.0
Togo,2005,0.0,0.07,0.0,0.0
Togo,2006,0.0,0.09,0.0,0.0
Togo,2007,0.0,0.09,0.0,0.0
Togo,2008,0.0,0.09,0.0,0.0
Togo,2009,0.0,0.11,0.0,0.0
Togo,2010,0.0,0.09,0.0,0.0
Togo,2011,0.0,0.1,0.0,0.0
Togo,2012,0.0,0.09,0.0,0.0
Togo,2013,0.0,0.04,0.0,0.0
Togo,2014,0.0,0.12,0.0,0.0
Togo,2015,0.0,0.06,0.0,0.0
Togo,2016,0.0,0.2,0.0,0.0
Togo,2017,0.0,0.21,0.0,0.0
Togo,2018,0.0,0.2,0.01,0.0
Togo,2019,0.0,0.24,0.01,0.0
Togo,2020,0.0,0.14,0.01,0.0
Togo,2021,0.0,0.15,0.02,0.0
Tonga,2000,0.0,0.0,0.0,0.0
Tonga,2001,0.0,0.0,0.0,0.0
Tonga,2002,0.0,0.0,0.0,0.0
Tonga,2003,0.0,0.0,0.0,0.0
Tonga,2004,0.0,0.0,0.0,0.0
Tonga,2005,0.0,0.0,0.0,0.0
Tonga,2006,0.0,0.0,0.0,0.0
Tonga,2007,0.0,0.0,0.0,0.0
Tonga,2008,0.0,0.0,0.0,0.0
Tonga,2009,0.0,0.0,0.0,0.0
Tonga,2010,0.0,0.0,0.0,0.0
Tonga,2011,0.0,0.0,0.0,0.0
Tonga,2012,0.0,0.0,0.0,0.0
Tonga,2013,0.0,0.0,0.0,0.0
Tonga,2014,0.0,0.0,0.0,0.0
Tonga,2015,0.0,0.0,0.0,0.0
Tonga,2016,0.0,0.0,0.0,0.0
Tonga,2017,0.0,0.0,0.01,0.0
Tonga,2018,0.0,0.0,0.01,0.0
Tonga,2019,0.0,0.0,0.01,0.0
Tonga,2020,0.0,0.0,0.01,0.0
Tonga,2021,0.0,0.0,0.01,0.0
Trinidad and Tobago,1965,0.0,0.0,0.0,0.0
Trinidad and Tobago,1966,0.0,0.0,0.0,0.0
Trinidad and Tobago,1967,0.0,0.0,0.0,0.0
Trinidad and Tobago,1968,0.0,0.0,0.0,0.0
Trinidad and Tobago,1969,0.0,0.0,0.0,0.0
Trinidad and Tobago,1970,0.0,0.0,0.0,0.0
Trinidad and Tobago,1971,0.0,0.0,0.0,0.035
Trinidad and Tobago,1972,0.0,0.0,0.0,0.035
Trinidad and Tobago,1973,0.0,0.0,0.0,0.029
Trinidad and Tobago,1974,0.0,0.0,0.0,0.025
Trinidad and Tobago,1975,0.0,0.0,0.0,0.023
Trinidad and Tobago,1976,0.0,0.0,0.0,0.019
Trinidad and Tobago,1977,0.0,0.0,0.0,0.023
Trinidad and Tobago,1978,0.0,0.0,0.0,0.029
Trinidad and Tobago,1979,0.0,0.0,0.0,0.029
Trinidad and Tobago,1980,0.0,0.0,0.0,0.026
Trinidad and Tobago,1981,0.0,0.0,0.0,0.019
Trinidad and Tobago,1982,0.0,0.0,0.0,0.018
Trinidad and Tobago,1983,0.0,0.0,0.0,0.016
Trinidad and Tobago,1984,0.0,0.0,0.0,0.013
Trinidad and Tobago,1985,0.0,0.0,0.0,0.017
Trinidad and Tobago,1986,0.0,0.0,0.0,0.026
Trinidad and Tobago,1987,0.0,0.0,0.0,0.031
Trinidad and Tobago,1988,0.0,0.0,0.0,0.027
Trinidad and Tobago,1989,0.0,0.0,0.0,0.026
Trinidad and Tobago,1990,0.0,0.0,0.0,0.031
Trinidad and Tobago,1991,0.0,0.0,0.0,0.025
Trinidad and Tobago,1992,0.0,0.0,0.0,0.03
Trinidad and Tobago,1993,0.0,0.0,0.0,0.028
Trinidad and Tobago,1994,0.0,0.0,0.0,0.032
Trinidad and Tobago,1995,0.0,0.0,0.0,0.033
Trinidad and Tobago,1996,0.0,0.0,0.0,0.017
Trinidad and Tobago,1997,0.0,0.0,0.0,0.018
Trinidad and Tobago,1998,0.0,0.0,0.0,0.018
Trinidad and Tobago,1999,0.0,0.0,0.0,0.018
Trinidad and Tobago,2000,0.0,0.0,0.0,0.02
Trinidad and Tobago,2001,0.0,0.0,0.0,0.02
Trinidad and Tobago,2002,0.0,0.0,0.0,0.02
Trinidad and Tobago,2003,0.0,0.0,0.0,0.03
Trinidad and Tobago,2004,0.0,0.0,0.0,0.03
Trinidad and Tobago,2005,0.0,0.0,0.0,0.03
Trinidad and Tobago,2006,0.0,0.0,0.0,0.03
Trinidad and Tobago,2007,0.0,0.0,0.0,0.03
Trinidad and Tobago,2008,0.0,0.0,0.0,0.0
Trinidad and Tobago,2009,0.0,0.0,0.0,0.0
Trinidad and Tobago,2010,0.0,0.0,0.0,0.0
Trinidad and Tobago,2011,0.0,0.0,0.0,0.0
Trinidad and Tobago,2012,0.0,0.0,0.0,0.0
Trinidad and Tobago,2013,0.0,0.0,0.0,0.0
Trinidad and Tobago,2014,0.0,0.0,0.0,0.0
Trinidad and Tobago,2015,0.0,0.0,0.01,0.0
Trinidad and Tobago,2016,0.0,0.0,0.01,0.0
Trinidad and Tobago,2017,0.0,0.0,0.01,0.0
Trinidad and Tobago,2018,0.0,0.0,0.01,0.0
Trinidad and Tobago,2019,0.0,0.0,0.01,0.0
Trinidad and Tobago,2020,0.0,0.0,0.01,0.0
Trinidad and Tobago,2021,0.0,0.0,0.01,0.0
Tunisia,2000,0.02,0.06,0.0,0.0
Tunisia,2001,0.02,0.05,0.0,0.0
Tunisia,2002,0.03,0.06,0.0,0.0
Tunisia,2003,0.03,0.16,0.0,0.0
Tunisia,2004,0.04,0.15,0.0,0.0
Tunisia,2005,0.04,0.14,0.0,0.0
Tunisia,2006,0.04,0.09,0.0,0.0
Tunisia,2007,0.04,0.05,0.0,0.0
Tunisia,2008,0.04,0.03,0.0,0.0
Tunisia,2009,0.1,0.08,0.0,0.0
Tunisia,2010,0.14,0.05,0.0,0.0
Tunisia,2011,0.11,0.05,0.0,0.0
Tunisia,2012,0.2,0.11,0.01,0.0
Tunisia,2013,0.36,0.06,0.02,0.0
Tunisia,2014,0.51,0.05,0.03,0.0
Tunisia,2015,0.45,0.07,0.06,0.0
Tunisia,2016,0.47,0.05,0.11,0.0
Tunisia,2017,0.45,0.02,0.13,0.0
Tunisia,2018,0.45,0.02,0.17,0.0
Tunisia,2019,0.5,0.07,0.25,0.0
Tunisia,2020,0.47,0.05,0.33,0.0
Tunisia,2021,0.53,0.06,0.41,0.0
Turkey,1965,0.0,2.179,0.0,0.1
Turkey,1966,0.0,2.3381,0.0,0.122
Turkey,1967,0.0,2.3818,0.0,0.173
Turkey,1968,0.0,3.1748,0.0,0.179
Turkey,1969,0.0,3.4449,0.0,0.178
Turkey,1970,0.0,3.0328,0.0,0.166
Turkey,1971,0.0,2.6102,0.0,0.162
Turkey,1972,0.0,3.2042,0.0,0.175
Turkey,1973,0.0,2.6034,0.0,0.197
Turkey,1974,0.0,3.3558,0.0,0.207
Turkey,1975,0.0,5.9036,0.0,0.22
Turkey,1976,0.0,8.3748,0.0,0.161
Turkey,1977,0.0,8.5723,0.0,0.218
Turkey,1978,0.0,9.3348,0.0,0.137
Turkey,1979,0.0,10.2889,0.0,0.145
Turkey,1980,0.0,11.3482,0.0,0.136
Turkey,1981,0.0,12.6161,0.0,0.11
Turkey,1982,0.0,14.1667,0.0,0.0
Turkey,1983,0.0,11.3427,0.0,0.0
Turkey,1984,0.0,13.4263,0.0,0.0221
Turkey,1985,0.0,12.0449,0.0,0.006
Turkey,1986,0.0,11.8726,0.0,0.0436
Turkey,1987,0.0,18.6178,0.0,0.0579
Turkey,1988,0.0,28.9496,0.0,0.0684
Turkey,1989,0.0,17.9396,0.0,0.0626
Turkey,1990,0.0,23.15,0.0,0.08
Turkey,1991,0.0,22.68,0.0,0.12
Turkey,1992,0.0,26.57,0.0,0.120000005
Turkey,1993,0.0,33.95,0.0,0.14
Turkey,1994,0.0,30.59,0.0,0.13
Turkey,1995,0.0,35.54,0.0,0.31
Turkey,1996,0.0,40.47,0.0,0.26
Turkey,1997,0.0,39.82,0.0,0.37
Turkey,1998,0.0,42.23,0.0,0.32999998
Turkey,1999,0.02,34.68,0.0,0.21
Turkey,2000,0.03,30.88,0.0,0.25
Turkey,2001,0.06,24.01,0.0,0.27
Turkey,2002,0.05,33.68,0.0,0.22999999
Turkey,2003,0.06,35.33,0.0,0.17
Turkey,2004,0.06,46.08,0.0,0.17
Turkey,2005,0.06,39.56,0.0,0.120000005
Turkey,2006,0.13,44.24,0.0,0.15
Turkey,2007,0.36,35.85,0.0,0.25
Turkey,2008,0.85,33.27,0.0,0.3
Turkey,2009,1.5,35.96,0.0,0.69
Turkey,2010,2.92,51.8,0.0,1.0
Turkey,2011,4.72,52.34,0.0,1.03
Turkey,2012,5.86,57.86,0.0,1.49
Turkey,2013,7.56,59.42,0.0,2.24
Turkey,2014,8.52,40.64,0.02,3.44
Turkey,2015,11.65,67.15,0.19,4.66
Turkey,2016,15.52,67.23,1.04,6.4500003
Turkey,2017,17.9,58.22,2.89,8.23
Turkey,2018,19.95,59.94,7.8,10.08
Turkey,2019,21.73,88.82,9.25,12.46
Turkey,2020,24.83,78.09,10.95,14.469999
Turkey,2021,31.21,55.74,12.97,17.12
Turkmenistan,1990,0.0,0.003,0.0,0.0
Turkmenistan,1991,0.0,0.003,0.0,0.0
Turkmenistan,1992,0.0,0.0042,0.0,0.0
Turkmenistan,1993,0.0,0.005,0.0,0.0
Turkmenistan,1994,0.0,0.004,0.0,0.0
Turkmenistan,1995,0.0,0.004,0.0,0.0
Turkmenistan,1996,0.0,0.005,0.0,0.0
Turkmenistan,1997,0.0,0.005,0.0,0.0
Turkmenistan,1998,0.0,0.006,0.0,0.0
Turkmenistan,1999,0.0,0.005,0.0,0.0
Turkmenistan,2000,0.0,0.0,0.0,0.0
Turkmenistan,2001,0.0,0.0,0.0,0.0
Turkmenistan,2002,0.0,0.0,0.0,0.0
Turkmenistan,2003,0.0,0.0,0.0,0.0
Turkmenistan,2004,0.0,0.0,0.0,0.0
Turkmenistan,2005,0.0,0.0,0.0,0.0
Turkmenistan,2006,0.0,0.0,0.0,0.0
Turkmenistan,2007,0.0,0.0,0.0,0.0
Turkmenistan,2008,0.0,0.0,0.0,0.0
Turkmenistan,2009,0.0,0.0,0.0,0.0
Turkmenistan,2010,0.0,0.0,0.0,0.0
Turkmenistan,2011,0.0,0.0,0.0,0.0
Turkmenistan,2012,0.0,0.0,0.0,0.0
Turkmenistan,2013,0.0,0.0,0.0,0.0
Turkmenistan,2014,0.0,0.0,0.0,0.0
Turkmenistan,2015,0.0,0.0,0.0,0.0
Turkmenistan,2016,0.0,0.0,0.0,0.0
Turkmenistan,2017,0.0,0.0,0.0,0.0
Turkmenistan,2018,0.0,0.0,0.0,0.0
Turkmenistan,2019,0.0,0.0,0.0,0.0
Turkmenistan,2020,0.0,0.0,0.0,0.0
Turkmenistan,2021,0.0,0.0,0.0,0.0
Turkmenistan,1985,,0.003,,
Turkmenistan,1986,,0.003,,
Turkmenistan,1987,,0.003,,
Turkmenistan,1988,,0.003,,
Turkmenistan,1989,,0.003,,
Turks and Caicos Islands,2000,0.0,0.0,0.0,0.0
Turks and Caicos Islands,2001,0.0,0.0,0.0,0.0
Turks and Caicos Islands,2002,0.0,0.0,0.0,0.0
Turks and Caicos Islands,2003,0.0,0.0,0.0,0.0
Turks and Caicos Islands,2004,0.0,0.0,0.0,0.0
Turks and Caicos Islands,2005,0.0,0.0,0.0,0.0
Turks and Caicos Islands,2006,0.0,0.0,0.0,0.0
Turks and Caicos Islands,2007,0.0,0.0,0.0,0.0
Turks and Caicos Islands,2008,0.0,0.0,0.0,0.0
Turks and Caicos Islands,2009,0.0,0.0,0.0,0.0
Turks and Caicos Islands,2010,0.0,0.0,0.0,0.0
Turks and Caicos Islands,2011,0.0,0.0,0.0,0.0
Turks and Caicos Islands,2012,0.0,0.0,0.0,0.0
Turks and Caicos Islands,2013,0.0,0.0,0.0,0.0
Turks and Caicos Islands,2014,0.0,0.0,0.0,0.0
Turks and Caicos Islands,2015,0.0,0.0,0.0,0.0
Turks and Caicos Islands,2016,0.0,0.0,0.0,0.0
Turks and Caicos Islands,2017,0.0,0.0,0.0,0.0
Turks and Caicos Islands,2018,0.0,0.0,0.0,0.0
Turks and Caicos Islands,2019,0.0,0.0,0.0,0.0
Turks and Caicos Islands,2020,0.0,0.0,0.0,0.0
Turks and Caicos Islands,2021,0.0,0.0,0.0,0.0
Uganda,2000,0.0,1.55,0.0,0.0
Uganda,2001,0.0,1.55,0.0,0.0
Uganda,2002,0.0,1.67,0.0,0.0
Uganda,2003,0.0,1.75,0.0,0.0
Uganda,2004,0.0,1.89,0.0,0.0
Uganda,2005,0.0,1.84,0.0,0.0
Uganda,2006,0.0,1.16,0.01,0.0
Uganda,2007,0.0,1.4,0.01,0.0
Uganda,2008,0.0,1.63,0.02,0.05
Uganda,2009,0.0,1.4,0.02,0.09
Uganda,2010,0.0,1.47,0.02,0.1
Uganda,2011,0.0,1.5,0.02,0.09
Uganda,2012,0.0,1.5,0.03,0.05
Uganda,2013,0.0,2.37,0.03,0.05
Uganda,2014,0.0,2.37,0.03,0.12
Uganda,2015,0.0,2.41,0.03,0.14
Uganda,2016,0.0,3.3,0.04,0.14
Uganda,2017,0.0,3.44,0.06,0.15
Uganda,2018,0.0,3.64,0.07,0.3
Uganda,2019,0.0,4.04,0.12,0.08
Uganda,2020,0.0,4.08,0.12,0.12
Uganda,2021,0.0,4.0,0.15,0.12
Ukraine,1990,0.0,10.51,0.0,0.0
Ukraine,1991,0.0,11.71,0.0,0.0
Ukraine,1992,0.0,7.88,0.0,0.0
Ukraine,1993,0.0,11.04,0.0,0.0
Ukraine,1994,0.0,12.12,0.0,0.0
Ukraine,1995,0.0,9.95,0.0,0.0
Ukraine,1996,0.0,8.63,0.0,0.0
Ukraine,1997,0.0,9.86,0.0,0.0
Ukraine,1998,0.0,15.74,0.0,0.0
Ukraine,1999,0.0,14.32,0.0,0.0
Ukraine,2000,0.01,11.27,0.0,0.0
Ukraine,2001,0.02,12.03,0.0,0.0
Ukraine,2002,0.02,9.63,0.0,0.0
Ukraine,2003,0.03,9.24,0.0,0.0
Ukraine,2004,0.03,11.75,0.0,0.0
Ukraine,2005,0.04,12.36,0.0,0.0
Ukraine,2006,0.03,12.89,0.0,0.0
Ukraine,2007,0.05,10.14,0.0,0.28
Ukraine,2008,0.05,11.51,0.0,0.26
Ukraine,2009,0.04,11.94,0.0,0.14
Ukraine,2010,0.05,13.15,0.0,0.19
Ukraine,2011,0.09,10.95,0.03,0.13
Ukraine,2012,0.29,10.48,0.33,0.13
Ukraine,2013,0.64,13.8,0.57,0.1
Ukraine,2014,1.13,8.48,0.43,0.13
Ukraine,2015,1.08,5.4,0.48,0.14
Ukraine,2016,0.95,7.67,0.49,0.14
Ukraine,2017,0.98,8.95,0.74,0.21
Ukraine,2018,1.19,10.43,1.1,0.3
Ukraine,2019,2.02,6.51,2.93,0.41
Ukraine,2020,3.27,7.56,5.97,0.76
Ukraine,2021,4.46,10.67,5.97,0.76
Ukraine,1985,,10.7126255,,
Ukraine,1986,,10.655173,,
Ukraine,1987,,9.594518,,
Ukraine,1988,,11.93238,,
Ukraine,1989,,10.129265,,
United Arab Emirates,1965,0.0,0.0,0.0,0.0
United Arab Emirates,1966,0.0,0.0,0.0,0.0
United Arab Emirates,1967,0.0,0.0,0.0,0.0
United Arab Emirates,1968,0.0,0.0,0.0,0.0
United Arab Emirates,1969,0.0,0.0,0.0,0.0
United Arab Emirates,1970,0.0,0.0,0.0,0.0
United Arab Emirates,1971,0.0,0.0,0.0,0.0
United Arab Emirates,1972,0.0,0.0,0.0,0.0
United Arab Emirates,1973,0.0,0.0,0.0,0.0
United Arab Emirates,1974,0.0,0.0,0.0,0.0
United Arab Emirates,1975,0.0,0.0,0.0,0.0
United Arab Emirates,1976,0.0,0.0,0.0,0.0
United Arab Emirates,1977,0.0,0.0,0.0,0.0
United Arab Emirates,1978,0.0,0.0,0.0,0.0
United Arab Emirates,1979,0.0,0.0,0.0,0.0
United Arab Emirates,1980,0.0,0.0,0.0,0.0
United Arab Emirates,1981,0.0,0.0,0.0,0.0
United Arab Emirates,1982,0.0,0.0,0.0,0.0
United Arab Emirates,1983,0.0,0.0,0.0,0.0
United Arab Emirates,1984,0.0,0.0,0.0,0.0
United Arab Emirates,1985,0.0,0.0,0.0,0.0
United Arab Emirates,1986,0.0,0.0,0.0,0.0
United Arab Emirates,1987,0.0,0.0,0.0,0.0
United Arab Emirates,1988,0.0,0.0,0.0,0.0
United Arab Emirates,1989,0.0,0.0,0.0,0.0
United Arab Emirates,1990,0.0,0.0,0.0,0.0
United Arab Emirates,1991,0.0,0.0,0.0,0.0
United Arab Emirates,1992,0.0,0.0,0.0,0.0
United Arab Emirates,1993,0.0,0.0,0.0,0.0
United Arab Emirates,1994,0.0,0.0,0.0,0.0
United Arab Emirates,1995,0.0,0.0,0.0,0.0
United Arab Emirates,1996,0.0,0.0,0.0,0.0
United Arab Emirates,1997,0.0,0.0,0.0,0.0
United Arab Emirates,1998,0.0,0.0,0.0,0.0
United Arab Emirates,1999,0.0,0.0,0.0,0.0
United Arab Emirates,2000,0.0,0.0,0.0,0.0
United Arab Emirates,2001,0.0,0.0,0.0,0.0
United Arab Emirates,2002,0.0,0.0,0.0,0.0
United Arab Emirates,2003,0.0,0.0,0.0,0.0
United Arab Emirates,2004,0.0,0.0,0.0,0.0
United Arab Emirates,2005,0.0,0.0,0.0,0.0
United Arab Emirates,2006,0.0,0.0,0.0,0.0
United Arab Emirates,2007,0.0,0.0,0.0,0.0
United Arab Emirates,2008,0.0,0.0,0.0,0.0
United Arab Emirates,2009,0.0,0.0,0.01,0.0
United Arab Emirates,2010,0.0,0.0,0.02,0.0
United Arab Emirates,2011,0.0,0.0,0.03,0.0
United Arab Emirates,2012,0.0,0.0,0.02,0.0
United Arab Emirates,2013,0.0,0.0,0.08,0.0
United Arab Emirates,2014,0.0,0.0,0.3,0.01
United Arab Emirates,2015,0.0,0.0,0.3,0.01
United Arab Emirates,2016,0.0,0.0,0.31,0.01
United Arab Emirates,2017,0.0,0.0,0.74,0.01
United Arab Emirates,2018,0.0,0.0,1.31,0.01
United Arab Emirates,2019,0.0,0.0,3.79,0.01
United Arab Emirates,2020,0.0,0.0,5.49,0.01
United Arab Emirates,2021,0.0,0.0,6.69,0.01
United Kingdom,1965,0.0,4.612,0.0,0.0
United Kingdom,1966,0.0,4.536,0.0,0.0
United Kingdom,1967,0.0,4.885,0.0,0.0
United Kingdom,1968,0.0,3.722,0.0,0.0
United Kingdom,1969,0.0,3.256,0.0,0.0
United Kingdom,1970,0.0,4.536,0.0,0.0
United Kingdom,1971,0.0,3.373,0.0,0.0
United Kingdom,1972,0.0,3.373,0.0,0.0
United Kingdom,1973,0.0,3.838,0.0,0.0
United Kingdom,1974,0.0,4.071,0.0,0.0
United Kingdom,1975,0.0,3.838,0.0,0.0
United Kingdom,1976,0.0,4.536,0.0,0.0
United Kingdom,1977,0.0,3.954,0.0,0.0
United Kingdom,1978,0.0,4.071,0.0,0.0
United Kingdom,1979,0.0,4.303,0.0,0.0
United Kingdom,1980,0.0,3.954,0.0,0.0
United Kingdom,1981,0.0,4.419,0.0,0.0
United Kingdom,1982,0.0,4.536,0.0,0.0
United Kingdom,1983,0.0,4.536,0.0,0.0
United Kingdom,1984,0.0,4.536,0.001010101,0.0
United Kingdom,1985,0.0,3.9542,0.001010101,0.0
United Kingdom,1986,0.0,4.7683,0.001010101,0.0
United Kingdom,1987,0.0,4.1868,0.0,0.0
United Kingdom,1988,0.0,4.8846,0.001010101,0.0
United Kingdom,1989,0.009,4.7683,0.0,0.0
United Kingdom,1990,0.01,5.21,0.0,0.6
United Kingdom,1991,0.01,4.62,0.0,0.69
United Kingdom,1992,0.04,5.43,0.0,0.93
United Kingdom,1993,0.22,4.3,0.0,1.2
United Kingdom,1994,0.34,5.09,0.0,1.52
United Kingdom,1995,0.39,4.84,0.0,1.64
United Kingdom,1996,0.49,3.39,0.0,1.8
United Kingdom,1997,0.67,4.17,0.0,2.11
United Kingdom,1998,0.88,5.12,0.0,2.65
United Kingdom,1999,0.85,5.34,0.0,3.43
United Kingdom,2000,0.95,5.09,0.0,3.94
United Kingdom,2001,0.97,4.06,0.0,4.53
United Kingdom,2002,1.26,4.79,0.0,5.08
United Kingdom,2003,1.29,3.23,0.0,6.1
United Kingdom,2004,1.94,4.84,0.0,7.36
United Kingdom,2005,2.9,4.92,0.01,9.1
United Kingdom,2006,4.23,4.59,0.01,9.28
United Kingdom,2007,5.27,5.08,0.01,9.33
United Kingdom,2008,7.12,5.14,0.02,9.57
United Kingdom,2009,9.28,5.23,0.02,10.72
United Kingdom,2010,10.29,3.59,0.04,12.26
United Kingdom,2011,15.96,5.69,0.24,13.31
United Kingdom,2012,19.85,5.31,1.35,14.73
United Kingdom,2013,28.4,4.7,2.01,18.1
United Kingdom,2014,31.96,5.89,4.05,22.62
United Kingdom,2015,40.27,6.3,7.53,28.47
United Kingdom,2016,37.16,5.37,10.4,30.06
United Kingdom,2017,49.64,5.88,11.46,31.87
United Kingdom,2018,56.91,5.44,12.74,34.94
United Kingdom,2019,64.33,5.93,12.92,37.3
United Kingdom,2020,73.64,6.68,13.32,38.1
United Kingdom,2021,65.02,5.59,12.47,39.12
United States,1965,0.0,198.97409,0.0,13.332232
United States,1966,0.0,199.9369,0.0,14.062007
United States,1967,0.0,227.22081,0.0,14.073571
United States,1968,0.0,228.15471,0.0,15.546045
United States,1969,0.0,256.02853,0.0,16.22706
United States,1970,0.0,253.49237,0.0,16.235903
United States,1971,0.0,272.254,0.0,16.584414
United States,1972,0.0,278.71597,0.0,18.67298
United States,1973,0.0,278.2127,0.0,19.989693
United States,1974,0.0,307.28464,0.0,20.404264
United States,1975,0.0,306.2148,0.0,19.754301
United States,1976,0.0,289.82245,0.0,22.564754
United States,1977,0.0,225.85725,0.0,23.536121
United States,1978,0.0,286.32852,0.0,24.678787
United States,1979,0.0,285.93533,0.0,25.756037
United States,1980,0.0,282.0021,0.0,26.656116
United States,1981,0.0,266.50977,0.0,27.377604
United States,1982,0.0,315.5293,0.0,26.405048
United States,1983,0.002694949,338.67764,0.003,29.8046
United States,1984,0.006555556,327.58725,0.00530101,35.595325
United States,1985,0.005820202,287.18237,0.010737374,36.392895
United States,1986,0.004231313,296.97498,0.014173737,38.70167
United States,1987,0.003576768,255.4102,0.01060303,42.665432
United States,1988,0.000879798,228.38464,0.009185859,42.394062
United States,1989,2.1333768,274.72418,0.2531323,48.854267
United States,1990,2.8167677,292.2809,0.37079495,57.459316
United States,1991,2.9807587,287.32602,0.4782529,60.55176
United States,1992,2.9166899,251.42567,0.40884447,64.815414
United States,1993,3.0361888,279.25095,0.47516188,66.92472
United States,1994,3.4819283,259.3413,0.5018728,66.35486
United States,1995,3.1962152,311.21982,0.5144716,63.26508
United States,1996,3.2667363,347.54947,0.54134125,64.82596
United States,1997,3.3212476,355.9731,0.5326957,65.82008
United States,1998,3.0562587,322.08926,0.52465934,65.61713
United States,1999,4.5333314,316.6052,0.5183421,66.47772
United States,2000,5.59,270.03,0.49,74.82
United States,2001,6.74,208.14,0.54,64.64
United States,2002,10.35,255.59,0.55,69.85
United States,2003,11.19,267.27,0.53,70.19
United States,2004,14.14,259.93,0.58,70.490005
United States,2005,17.81,263.76,0.55,70.92
United States,2006,26.59,282.69,0.51,71.37
United States,2007,34.45,240.61,0.61,72.240005
United States,2008,55.36,248.54,0.86,72.35
United States,2009,73.89,268.82,0.89,71.96
United States,2010,94.65,254.7,1.21,73.92
United States,2011,120.18,312.93,1.82,74.81
United States,2012,140.82,271.29,4.33,75.88
United States,2013,167.84,263.88,9.04,79.62
United States,2014,181.65,253.19,28.92,83.07
United States,2015,190.72,243.99,39.03,82.75
United States,2016,226.99,261.13,54.87,81.92
United States,2017,254.3,293.84,77.28,81.770004
United States,2018,272.67,286.62,93.36,80.520004
United States,2019,295.88,282.61,106.89,75.38
United States,2020,337.94,279.95,130.72,72.79
United States,2021,378.2,246.47,164.42,72.49
United States Virgin Islands,2000,0.0,0.0,0.0,0.0
United States Virgin Islands,2001,0.0,0.0,0.0,0.0
United States Virgin Islands,2002,0.0,0.0,0.0,0.0
United States Virgin Islands,2003,0.0,0.0,0.0,0.0
United States Virgin Islands,2004,0.0,0.0,0.0,0.0
United States Virgin Islands,2005,0.0,0.0,0.0,0.0
United States Virgin Islands,2006,0.0,0.0,0.0,0.0
United States Virgin Islands,2007,0.0,0.0,0.0,0.0
United States Virgin Islands,2008,0.0,0.0,0.0,0.0
United States Virgin Islands,2009,0.0,0.0,0.0,0.0
United States Virgin Islands,2010,0.0,0.0,0.0,0.0
United States Virgin Islands,2011,0.0,0.0,0.0,0.0
United States Virgin Islands,2012,0.0,0.0,0.0,0.0
United States Virgin Islands,2013,0.0,0.0,0.0,0.0
United States Virgin Islands,2014,0.0,0.0,0.01,0.0
United States Virgin Islands,2015,0.0,0.0,0.01,0.0
United States Virgin Islands,2016,0.0,0.0,0.01,0.0
United States Virgin Islands,2017,0.0,0.0,0.01,0.0
United States Virgin Islands,2018,0.0,0.0,0.01,0.0
United States Virgin Islands,2019,0.0,0.0,0.01,0.0
United States Virgin Islands,2020,0.0,0.0,0.01,0.0
United States Virgin Islands,2021,0.0,0.0,0.02,0.0
Uruguay,2000,0.0,6.98,0.0,0.02
Uruguay,2001,0.0,9.1,0.0,0.0
Uruguay,2002,0.0,9.44,0.0,0.0
Uruguay,2003,0.0,8.45,0.0,0.0
Uruguay,2004,0.0,4.73,0.0,0.04
Uruguay,2005,0.0,6.62,0.0,0.04
Uruguay,2006,0.0,3.56,0.0,0.04
Uruguay,2007,0.0,7.99,0.0,0.32
Uruguay,2008,0.0,4.45,0.0,1.04
Uruguay,2009,0.04,5.21,0.0,0.86
Uruguay,2010,0.07,8.58,0.0,0.64
Uruguay,2011,0.11,6.41,0.0,1.06
Uruguay,2012,0.11,5.37,0.0,1.27
Uruguay,2013,0.14,8.12,0.0,1.15
Uruguay,2014,0.73,9.55,0.0,0.92
Uruguay,2015,2.07,8.18,0.05,1.38
Uruguay,2016,2.99,7.76,0.15,1.5
Uruguay,2017,3.77,7.44,0.27,1.45
Uruguay,2018,4.73,6.49,0.41,1.52
Uruguay,2019,4.75,8.11,0.42,0.88
Uruguay,2020,5.48,4.09,0.46,1.12
Uruguay,2021,4.99,5.27,0.48,1.61
Uzbekistan,1990,0.0,6.648,0.0,0.0
Uzbekistan,1991,0.0,6.031,0.0,0.0
Uzbekistan,1992,0.0,6.281,0.0,0.0
Uzbekistan,1993,0.0,7.358,0.0,0.0
Uzbekistan,1994,0.0,7.156,0.0,0.0
Uzbekistan,1995,0.0,6.188,0.0,0.0
Uzbekistan,1996,0.0,6.525,0.0,0.0
Uzbekistan,1997,0.0,5.777,0.0,0.0
Uzbekistan,1998,0.0,5.758,0.0,0.0
Uzbekistan,1999,0.0,5.692,0.0,0.0
Uzbekistan,2000,0.0,5.82,0.0,0.0
Uzbekistan,2001,0.0,5.9,0.0,0.0
Uzbekistan,2002,0.0,6.12,0.0,0.0
Uzbekistan,2003,0.0,7.54,0.0,0.0
Uzbekistan,2004,0.0,8.92,0.0,0.0
Uzbekistan,2005,0.0,8.84,0.0,0.0
Uzbekistan,2006,0.0,4.65,0.0,0.0
Uzbekistan,2007,0.0,4.61,0.0,0.0
Uzbekistan,2008,0.0,4.44,0.0,0.0
Uzbekistan,2009,0.0,6.42,0.0,0.0
Uzbekistan,2010,0.0,8.11,0.0,0.0
Uzbekistan,2011,0.0,5.65,0.0,0.0
Uzbekistan,2012,0.0,6.59,0.0,0.0
Uzbekistan,2013,0.0,5.65,0.0,0.0
Uzbekistan,2014,0.0,6.01,0.0,0.0
Uzbekistan,2015,0.0,7.0,0.0,0.0
Uzbekistan,2016,0.0,7.25,0.0,0.0
Uzbekistan,2017,0.0,8.34,0.01,0.0
Uzbekistan,2018,0.0,5.84,0.01,0.0
Uzbekistan,2019,0.0,6.46,0.01,0.0
Uzbekistan,2020,0.0,5.0,0.01,0.0
Uzbekistan,2021,0.0,5.0,0.01,0.0
Uzbekistan,1985,,5.4314427,,
Uzbekistan,1986,,4.618273,,
Uzbekistan,1987,,6.7705207,,
Uzbekistan,1988,,7.1638474,,
Uzbekistan,1989,,5.502153,,
Vanuatu,2000,0.0,0.0,0.0,0.0
Vanuatu,2001,0.0,0.0,0.0,0.0
Vanuatu,2002,0.0,0.0,0.0,0.0
Vanuatu,2003,0.0,0.0,0.0,0.0
Vanuatu,2004,0.0,0.0,0.0,0.0
Vanuatu,2005,0.0,0.0,0.0,0.0
Vanuatu,2006,0.0,0.0,0.0,0.0
Vanuatu,2007,0.0,0.0,0.0,0.0
Vanuatu,2008,0.0,0.0,0.0,0.0
Vanuatu,2009,0.0,0.0,0.0,0.0
Vanuatu,2010,0.0,0.0,0.0,0.0
Vanuatu,2011,0.0,0.0,0.0,0.01
Vanuatu,2012,0.0,0.0,0.0,0.01
Vanuatu,2013,0.01,0.0,0.0,0.01
Vanuatu,2014,0.01,0.0,0.0,0.01
Vanuatu,2015,0.01,0.0,0.0,0.01
Vanuatu,2016,0.01,0.0,0.0,0.01
Vanuatu,2017,0.0,0.0,0.0,0.01
Vanuatu,2018,0.0,0.0,0.01,0.01
Vanuatu,2019,0.0,0.0,0.01,0.01
Vanuatu,2020,0.0,0.0,0.01,0.01
Vanuatu,2021,0.0,0.0,0.01,0.01
Venezuela,1965,0.0,1.369,0.0,0.0
Venezuela,1966,0.0,1.395,0.0,0.0
Venezuela,1967,0.0,1.636,0.0,0.0
Venezuela,1968,0.0,2.748,0.0,0.0
Venezuela,1969,0.0,3.19,0.0,0.0
Venezuela,1970,0.0,4.104,0.0,0.0
Venezuela,1971,0.0,5.39,0.0,0.0
Venezuela,1972,0.0,6.02,0.0,0.0
Venezuela,1973,0.0,6.225,0.0,0.0
Venezuela,1974,0.0,7.707,0.0,0.0
Venezuela,1975,0.0,8.931,0.0,0.0
Venezuela,1976,0.0,10.578,0.0,0.0
Venezuela,1977,0.0,12.163,0.0,0.0
Venezuela,1978,0.0,12.232,0.0,0.0
Venezuela,1979,0.0,14.24,0.0,0.0
Venezuela,1980,0.0,14.587,0.0,0.0
Venezuela,1981,0.0,15.088,0.0,0.0
Venezuela,1982,0.0,15.814,0.0,0.0
Venezuela,1983,0.0,18.063,0.0,0.0
Venezuela,1984,0.0,20.243,0.0,0.0
Venezuela,1985,0.0,22.648,0.0,0.0
Venezuela,1986,0.0,25.159,0.0,0.0
Venezuela,1987,0.0,30.843,0.0,0.0
Venezuela,1988,0.0,34.203,0.0,0.0
Venezuela,1989,0.0,34.666,0.0,0.0
Venezuela,1990,0.0,36.983,0.0,0.0
Venezuela,1991,0.0,44.542,0.0,0.0
Venezuela,1992,0.0,47.271,0.0,0.0
Venezuela,1993,0.0,47.478,0.0,0.0
Venezuela,1994,0.0,51.284,0.0,0.0
Venezuela,1995,0.0,51.45,0.0,0.0
Venezuela,1996,0.0,53.847,0.0,0.0
Venezuela,1997,0.0,57.268,0.0,0.0
Venezuela,1998,0.0,57.923,0.0,0.0
Venezuela,1999,0.0,60.6,0.0,0.0
Venezuela,2000,0.0,62.2,0.0,0.0
Venezuela,2001,0.0,59.85,0.0,0.0
Venezuela,2002,0.0,58.94,0.0,0.0
Venezuela,2003,0.0,59.93,0.0,0.0
Venezuela,2004,0.0,69.37,0.0,0.0
Venezuela,2005,0.0,76.46,0.0,0.0
Venezuela,2006,0.0,80.78,0.0,0.0
Venezuela,2007,0.0,82.23,0.0,0.0
Venezuela,2008,0.0,85.97,0.0,0.0
Venezuela,2009,0.0,85.1,0.0,0.0
Venezuela,2010,0.0,76.01,0.0,0.0
Venezuela,2011,0.0,82.83,0.0,0.0
Venezuela,2012,0.05,81.19,0.0,0.0
Venezuela,2013,0.09,82.71,0.0,0.0
Venezuela,2014,0.09,63.65,0.0,0.0
Venezuela,2015,0.09,74.15,0.01,0.0
Venezuela,2016,0.09,62.33,0.01,0.0
Venezuela,2017,0.09,60.51,0.01,0.0
Venezuela,2018,0.09,58.15,0.01,0.0
Venezuela,2019,0.09,49.64,0.01,0.0
Venezuela,2020,0.09,62.51,0.01,0.0
Venezuela,2021,0.09,61.0,0.01,0.0
Vietnam,1965,0.0,0.34,0.0,0.0
Vietnam,1966,0.0,0.39,0.0,0.0
Vietnam,1967,0.0,0.43,0.0,0.0
Vietnam,1968,0.0,0.48,0.0,0.0
Vietnam,1969,0.0,0.54,0.0,0.0
Vietnam,1970,0.0,0.6,0.0,0.0
Vietnam,1971,0.0,0.614,0.0,0.0
Vietnam,1972,0.0,0.422,0.0,0.0
Vietnam,1973,0.0,0.42,0.0,0.0
Vietnam,1974,0.0,0.42,0.0,0.0
Vietnam,1975,0.0,0.5,0.0,0.0
Vietnam,1976,0.0,0.557,0.0,0.0
Vietnam,1977,0.0,0.6,0.0,0.0
Vietnam,1978,0.0,0.8,0.0,0.0
Vietnam,1979,0.0,1.0,0.0,0.0
Vietnam,1980,0.0,1.488,0.0,0.0
Vietnam,1981,0.0,1.507,0.0,0.0
Vietnam,1982,0.0,1.56,0.0,0.0
Vietnam,1983,0.0,1.223,0.0,0.0
Vietnam,1984,0.0,1.599,0.0,0.0
Vietnam,1985,0.0,1.477,0.0,0.0
Vietnam,1986,0.0,1.407,0.0,0.0
Vietnam,1987,0.0,1.384,0.0,0.0
Vietnam,1988,0.0,1.791,0.0,0.0
Vietnam,1989,0.0,3.838,0.0,0.0
Vietnam,1990,0.0,5.369,0.0,0.0
Vietnam,1991,0.0,6.317,0.0,0.0
Vietnam,1992,0.0,7.228,0.0,0.0
Vietnam,1993,0.0,7.965,0.0,0.0
Vietnam,1994,0.0,9.243,0.0,0.0
Vietnam,1995,0.0,10.582,0.0,0.0
Vietnam,1996,0.0,12.008,0.0,0.0
Vietnam,1997,0.0,11.657,0.0,0.0
Vietnam,1998,0.0,11.095,0.0,0.0
Vietnam,1999,0.0,13.774,0.0,0.0
Vietnam,2000,0.0,14.55,0.0,0.0
Vietnam,2001,0.0,18.21,0.0,0.0
Vietnam,2002,0.0,18.2,0.0,0.0
Vietnam,2003,0.0,18.99,0.0,0.0
Vietnam,2004,0.0,17.82,0.0,0.0
Vietnam,2005,0.0,16.53,0.0,0.05
Vietnam,2006,0.0,19.71,0.0,0.065
Vietnam,2007,0.0,22.44,0.0,0.079
Vietnam,2008,0.0,25.98,0.0,0.055
Vietnam,2009,0.01,29.98,0.0,0.062
Vietnam,2010,0.04,28.52,0.01,0.055
Vietnam,2011,0.04,41.08,0.01,0.056
Vietnam,2012,0.04,53.31,0.01,0.057
Vietnam,2013,0.07,57.82,0.01,0.058
Vietnam,2014,0.07,62.16,0.01,0.059
Vietnam,2015,0.18,57.17,0.01,0.07
Vietnam,2016,0.2,64.17,0.01,0.068
Vietnam,2017,0.35,87.6,0.01,0.076454
Vietnam,2018,0.49,84.49,0.1,0.12621
Vietnam,2019,0.72,66.54,5.25,0.12621
Vietnam,2020,1.07,73.38,10.86,0.12621
Vietnam,2021,2.39,75.9,25.77,0.1580361
Western Sahara,2000,0.0,0.0,0.0,0.0
Western Sahara,2001,0.0,0.0,0.0,0.0
Western Sahara,2002,0.0,0.0,0.0,0.0
Western Sahara,2003,0.0,0.0,0.0,0.0
Western Sahara,2004,0.0,0.0,0.0,0.0
Western Sahara,2005,0.0,0.0,0.0,0.0
Western Sahara,2006,0.0,0.0,0.0,0.0
Western Sahara,2007,0.0,0.0,0.0,0.0
Western Sahara,2008,0.0,0.0,0.0,0.0
Western Sahara,2009,0.0,0.0,0.0,0.0
Western Sahara,2010,0.0,0.0,0.0,0.0
Western Sahara,2011,0.0,0.0,0.0,0.0
Western Sahara,2012,0.0,0.0,0.0,0.0
Western Sahara,2013,0.0,0.0,0.0,0.0
Western Sahara,2014,0.0,0.0,0.0,0.0
Western Sahara,2015,0.0,0.0,0.0,0.0
Western Sahara,2016,0.0,0.0,0.0,0.0
Western Sahara,2017,0.0,0.0,0.0,0.0
Western Sahara,2018,0.0,0.0,0.0,0.0
Western Sahara,2019,0.0,0.0,0.0,0.0
Western Sahara,2020,0.0,0.0,0.0,0.0
Western Sahara,2021,0.0,0.0,0.0,0.0
Yemen,2000,0.0,0.0,0.0,0.0
Yemen,2001,0.0,0.0,0.0,0.0
Yemen,2002,0.0,0.0,0.0,0.0
Yemen,2003,0.0,0.0,0.0,0.0
Yemen,2004,0.0,0.0,0.0,0.0
Yemen,2005,0.0,0.0,0.0,0.0
Yemen,2006,0.0,0.0,0.0,0.0
Yemen,2007,0.0,0.0,0.0,0.0
Yemen,2008,0.0,0.0,0.0,0.0
Yemen,2009,0.0,0.0,0.0,0.0
Yemen,2010,0.0,0.0,0.0,0.0
Yemen,2011,0.0,0.0,0.0,0.0
Yemen,2012,0.0,0.0,0.0,0.0
Yemen,2013,0.0,0.0,0.0,0.0
Yemen,2014,0.0,0.0,0.01,0.0
Yemen,2015,0.0,0.0,0.12,0.0
Yemen,2016,0.0,0.0,0.16,0.0
Yemen,2017,0.0,0.0,0.19,0.0
Yemen,2018,0.0,0.0,0.48,0.0
Yemen,2019,0.0,0.0,0.48,0.0
Yemen,2020,0.0,0.0,0.49,0.0
Yemen,2021,0.0,0.0,0.6,0.0
Zambia,2000,0.0,7.67,0.0,0.02
Zambia,2001,0.0,7.81,0.0,0.02
Zambia,2002,0.0,8.02,0.0,0.01
Zambia,2003,0.0,8.17,0.0,0.01
Zambia,2004,0.0,8.38,0.0,0.01
Zambia,2005,0.0,8.79,0.0,0.01
Zambia,2006,0.0,9.57,0.0,0.01
Zambia,2007,0.0,9.53,0.0,0.01
Zambia,2008,0.0,9.43,0.0,0.02
Zambia,2009,0.0,9.78,0.0,0.03
Zambia,2010,0.0,10.33,0.0,0.03
Zambia,2011,0.0,11.37,0.0,0.03
Zambia,2012,0.0,12.23,0.0,0.03
Zambia,2013,0.0,13.15,0.0,0.03
Zambia,2014,0.0,13.9,0.0,0.11
Zambia,2015,0.0,12.91,0.0,0.1
Zambia,2016,0.0,10.91,0.0,0.06
Zambia,2017,0.0,12.49,0.0,0.15
Zambia,2018,0.0,13.71,0.0,0.18
Zambia,2019,0.0,12.33,0.12,0.17
Zambia,2020,0.0,12.79,0.15,0.16
Zambia,2021,0.0,16.07,0.15,0.11
Zimbabwe,2000,0.0,3.23,0.0,0.21
Zimbabwe,2001,0.0,2.97,0.0,0.28
Zimbabwe,2002,0.0,3.79,0.0,0.35
Zimbabwe,2003,0.0,5.3,0.0,0.26
Zimbabwe,2004,0.0,5.47,0.0,0.31
Zimbabwe,2005,0.0,4.87,0.0,0.33
Zimbabwe,2006,0.0,5.26,0.0,0.19
Zimbabwe,2007,0.0,5.33,0.0,0.16
Zimbabwe,2008,0.0,5.65,0.0,0.14
Zimbabwe,2009,0.0,5.4,0.0,0.14
Zimbabwe,2010,0.0,5.74,0.0,0.21
Zimbabwe,2011,0.0,5.15,0.0,0.36
Zimbabwe,2012,0.0,5.34,0.0,0.34
Zimbabwe,2013,0.0,4.95,0.0,0.41
Zimbabwe,2014,0.0,5.38,0.0,0.41
Zimbabwe,2015,0.0,4.94,0.01,0.42
Zimbabwe,2016,0.0,2.95,0.01,0.36
Zimbabwe,2017,0.0,3.97,0.01,0.32
Zimbabwe,2018,0.0,5.05,0.02,0.39
Zimbabwe,2019,0.0,4.17,0.03,0.38
Zimbabwe,2020,0.0,3.81,0.03,0.35
Zimbabwe,2021,0.0,4.0,0.04,0.38
